# Метеостанция Москва (ВДНХ), Россия, WMO_ID=27612, выборка с 01.05.2021 по 01.06.2021, все дни;;;;;;;;;;;;;;;;;;;;;;;;;;;;
# Кодировка: UTF-8;;;;;;;;;;;;;;;;;;;;;;;;;;;;
"# Информация предоставлена сайтом ""Расписание Погоды"", rp5.ru";;;;;;;;;;;;;;;;;;;;;;;;;;;;
# Пожалуйста, при использовании данных, любезно указывайте названный сайт.;;;;;;;;;;;;;;;;;;;;;;;;;;;;
# Обозначения метеопараметров см. по адресу http://rp5.ru/archive.php?wmo_id=27612&lang=ru;;;;;;;;;;;;;;;;;;;;;;;;;;;;
#;;;;;;;;;;;;;;;;;;;;;;;;;;;;
Местное время в Москве (ВДНХ);T;Po;P;Pa;U;DD;Ff;ff10;ff3;N;WW;W1;W2;Tn;Tx;Cl;Nh;H;Cm;Ch;VV;Td;RRR;tR;E;Tg;E';sss
01.06.2021 21:00;14,6;752;766,2;0,8;38;Ветер, дующий с севера;1;;;Облаков нет.; ;;;;17,5;;;;;;10;0,5;Осадков нет;12;;;;
01.06.2021 18:00;16,6;751,2;765,3;0,1;32;Ветер, дующий с северо-северо-востока;3;;;60%.; ;;;;;Кучевые плоские или кучевые разорванные, или те и другие вместе, не относящиеся к облакам плохой погоды.;60%.;600-1000;Высококучевых, высокослоистых или слоисто-дождевых облаков нет.;Перистых, перисто-кучевых или перисто-слоистых нет.;10;-0,4;Осадков нет;12;;;;
01.06.2021 15:00;16,5;751,1;765,2;-0,3;33;Ветер, дующий с севера;1;;;60%.; ;;;;;Кучевые плоские или кучевые разорванные, или те и другие вместе, не относящиеся к облакам плохой погоды.;60%.;600-1000;Высококучевых, высокослоистых или слоисто-дождевых облаков нет.;Перистых, перисто-кучевых или перисто-слоистых нет.;10;0;;;;;;
01.06.2021 12:00;14,8;751,4;765,6;0,1;42;Ветер, дующий с севера;2;;;70 – 80%.; ;;;;;Кучевые плоские или кучевые разорванные, или те и другие вместе, не относящиеся к облакам плохой погоды.;70 – 80%.;600-1000;Высококучевых, высокослоистых или слоисто-дождевых облаков нет.;Перистых, перисто-кучевых или перисто-слоистых нет.;10;1,9;;;;;;
01.06.2021 9:00;12,7;751,3;765,4;0,2;48;Ветер, дующий с северо-северо-востока;1;;;40%.; ;;;4;;Слоисто-кучевые, образовавшиеся не из кучевых.;20–30%.;600-1000;Высококучевые просвечивающие, расположенные на одном уровне.;Перистых, перисто-кучевых или перисто-слоистых нет.;10;1,8;Осадков нет;12;Поверхность почвы влажная.;7;;
01.06.2021 6:00;7,5;751,1;765,7;0,4;81;Ветер, дующий с севера;1;;;Облаков нет.;Дымка. ;Облака покрывали более половины неба в течение одной части соответствующего периода и половину или менее в течение другой части периода.;Облака покрывали более половины неба в течение одной части соответствующего периода и половину или менее в течение другой части периода.;4;;;;;;;4;4,5;Осадков нет;12;;;;
01.06.2021 3:00;4,2;750,7;765,4;-0,1;91;Штиль, безветрие;0;;;Облаков нет.;Дымка. ;Облака покрывали более половины неба в течение одной части соответствующего периода и половину или менее в течение другой части периода.;Облака покрывали более половины неба в течение одной части соответствующего периода и половину или менее в течение другой части периода.;;;;;;;;;2,9;;;;;;
01.06.2021 0:00;6,6;750,8;765,4;0,4;81;Штиль, безветрие;0;;;60%.; ;;;;;Слоисто-кучевые, образовавшиеся не из кучевых.;20–30%.;600-1000;Высококучевых, высокослоистых или слоисто-дождевых облаков нет.;Перистые (часто в виде полос) и перисто-слоистые, распространяющиеся по небу и в целом обычно уплотняющиеся, но сплошная пелена поднимается над горизонтом менее чем на 45°.;;3,5;;;;;;
31.05.2021 21:00;10,8;750,4;764,8;0,2;53;Ветер, дующий с востоко-юго-востока;1;;;90  или более, но не 100%; ;;;;13,9;Слоисто-кучевые, образовавшиеся не из кучевых.;70 – 80%.;600-1000;Высококучевые просвечивающие, расположенные на одном уровне.;Перистых, перисто-кучевых или перисто-слоистых нет.;10;1,5;Осадков нет;12;;;;
31.05.2021 18:00;12,1;750,2;764,5;-0,5;51;Ветер, дующий с востоко-юго-востока;1;;;70 – 80%.; ;;;;;Кучевые и слоисто-кучевые (но не слоисто-кучевые, образовавшиеся из кучевых), основания расположены на разных уровнях.;70 – 80%.;1000-1500;Высококучевых, высокослоистых или слоисто-дождевых облаков нет.;Перистых, перисто-кучевых или перисто-слоистых нет.;10;2,2;Осадков нет;12;;;;
31.05.2021 15:00;13;750,7;764,9;-0,3;41;Ветер, дующий с северо-северо-востока;2;;;90  или более, но не 100%; ;;;;;Кучевые и слоисто-кучевые (но не слоисто-кучевые, образовавшиеся из кучевых), основания расположены на разных уровнях.;90  или более, но не 100%;1000-1500;Высококучевых, высокослоистых или слоисто-дождевых облаков нет.;Перистых, перисто-кучевых или перисто-слоистых нет.;10;0,1;;;;;;
31.05.2021 12:00;11,4;751;765,4;-0,2;47;Ветер, дующий с севера;2;;;100%.; ;;;;;Слоисто-кучевые, образовавшиеся не из кучевых.;100%.;600-1000;;;10;0,4;;;;;;
31.05.2021 9:00;8,8;751,2;765,7;0,1;60;Ветер, дующий с севера;2;;;70 – 80%.; ;;;7;;Слоисто-кучевые, образовавшиеся не из кучевых.;60%.;600-1000;Высококучевые просвечивающие, расположенные на одном уровне.;Перистых, перисто-кучевых или перисто-слоистых нет.;10;1,4;Осадков нет;12;Поверхность почвы влажная.;8;;
31.05.2021 6:00;7,2;751,1;765,7;0,2;65;Ветер, дующий с востоко-северо-востока;1;;;70 – 80%.; ;;;7;;Слоисто-кучевые, образовавшиеся не из кучевых.;70 – 80%.;600-1000;Высококучевых, высокослоистых или слоисто-дождевых облаков нет.;Перистых, перисто-кучевых или перисто-слоистых нет.;10;0,9;Осадков нет;12;;;;
31.05.2021 3:00;7,7;750,9;765,4;0,3;63;Ветер, дующий с северо-северо-востока;2;;;70 – 80%.; ;;;;;Слоисто-кучевые, образовавшиеся не из кучевых.;70 – 80%.;600-1000;Высококучевых, высокослоистых или слоисто-дождевых облаков нет.;Перистых, перисто-кучевых или перисто-слоистых нет.;;1,1;;;;;;
31.05.2021 0:00;9,2;750,6;765,1;0,6;61;Ветер, дующий с севера;2;;;70 – 80%.; ;;;;;Слоисто-кучевые, образовавшиеся не из кучевых.;70 – 80%.;600-1000;Высококучевых, высокослоистых или слоисто-дождевых облаков нет.;Перистых, перисто-кучевых или перисто-слоистых нет.;;2;;;;;;
30.05.2021 21:00;11,4;750;764,3;0,8;44;Ветер, дующий с северо-востока;1;;;40%.; ;;;;14,6;Слоисто-кучевые, образовавшиеся не из кучевых.;40%.;600-1000;Высококучевых, высокослоистых или слоисто-дождевых облаков нет.;Перистых, перисто-кучевых или перисто-слоистых нет.;10;-0,4;Осадков нет;12;;;;
30.05.2021 18:00;13,2;749,2;763,4;0,3;39;Ветер, дующий с востоко-северо-востока;2;;;60%.; ;;;;;Слоисто-кучевые, образовавшиеся из кучевых.;60%.;600-1000;Высококучевых, высокослоистых или слоисто-дождевых облаков нет.;Перистых, перисто-кучевых или перисто-слоистых нет.;10;-0,5;Осадков нет;12;;;;
30.05.2021 15:00;13,9;748,9;763;0,4;38;Ветер, дующий с северо-северо-востока;3;;10;70 – 80%.; ;;;;;Кучевые и слоисто-кучевые (но не слоисто-кучевые, образовавшиеся из кучевых), основания расположены на разных уровнях.;50%.;600-1000;Высококучевых, высокослоистых или слоисто-дождевых облаков нет.;Перистые нитевидные, иногда когтевидные, не распространяющиеся по небу.;10;-0,2;;;;;;
30.05.2021 12:00;12,3;748,5;762,7;0,7;52;Ветер, дующий с востоко-северо-востока;2;;;70 – 80%.; ;;;;;Кучевые и слоисто-кучевые (но не слоисто-кучевые, образовавшиеся из кучевых), основания расположены на разных уровнях.;60%.;600-1000;Высококучевых, высокослоистых или слоисто-дождевых облаков нет.;Перистые нитевидные, иногда когтевидные, не распространяющиеся по небу.;10;2,7;;;;;;
30.05.2021 9:00;8,2;747,8;762,2;0,8;74;Ветер, дующий с северо-северо-востока;2;;;100%.; ;;;7,3;;Слоисто-кучевые, образовавшиеся не из кучевых.;100%.;600-1000;;;10;3,8;Осадков нет;12;Поверхность почвы сырая (вода застаивается на поверхности и образует малые или большие лужи).;9;;
30.05.2021 6:00;7,4;747;761,5;0,9;75;Ветер, дующий с севера;4;;;70 – 80%.; ;;;7,3;;Слоисто-кучевых, слоистых, кучевых или кучево-дождевых облаков нет.;70 – 80%.;2500 или более, или облаков нет.;Высококучевые просвечивающие, расположенные на одном уровне.;Перистых, перисто-кучевых или перисто-слоистых нет.;10;3,3;2;12;;;;
30.05.2021 3:00;9,3;746,1;760,4;0,2;74;Ветер, дующий с севера;3;;13;90  или более, но не 100%; ;;;;;Слоисто-кучевые, образовавшиеся не из кучевых.;90  или более, но не 100%;1000-1500;Высококучевых, высокослоистых или слоисто-дождевых облаков нет.;Перистых, перисто-кучевых или перисто-слоистых нет.;;4,9;;;;;;
30.05.2021 0:00;11;745,9;760;1;84;Ветер, дующий с севера;3;;11;100%.;Дымка. ;Облака покрывали более половины неба в течение всего соответствующего периода.;Облака покрывали более половины неба в течение всего соответствующего периода.;;;Слоисто-кучевые, образовавшиеся не из кучевых.;100%.;600-1000;;;;8,3;;;;;;
29.05.2021 21:00;11,2;744,9;759,1;1,1;85;Ветер, дующий с северо-северо-востока;3;;10;100%.;Дымка. ;Ливень (ливни).;Облака покрывали более половины неба в течение всего соответствующего периода.;;19,7;Слоисто-кучевые, образовавшиеся не из кучевых.;100%.;600-1000;;;4;8,8;22;12;;;;
29.05.2021 18:00;11,6;743,8;757,9;0,6;92;Ветер, дующий с северо-северо-востока;3;;;100%.;Ливневый(ые) дождь(и) умеренный(ые) или сильный(ые) в срок наблюдения или за последний час. ;Ливень (ливни).;Облака покрывали более половины неба в течение всего соответствующего периода.;;;Кучево-дождевые лысые с кучевыми, слоисто-кучевыми или слоистыми, либо без них.;100%.;600-1000;;;2;10,3;20;12;;;;
29.05.2021 15:00;14,1;743,2;757,3;0,2;81;Ветер, дующий с севера;3;;10;100%.;Ливневый(ые) дождь(и) слабый(ые) в срок наблюдения или за последний час. ;Гроза (грозы) с осадками или без них.;Ливень (ливни).;;;Кучево-дождевые лысые с кучевыми, слоисто-кучевыми или слоистыми, либо без них.;100%.;600-1000;;;10;10,8;;;;;;
29.05.2021 12:00;14,9;743;757;0;96;Ветер, дующий с севера;1;;;100%.;Гроза слабая или умеренная без града, но с дождем и/или снегом в срок наблюдения. ;Гроза (грозы) с осадками или без них.;Ливень (ливни).;;;Кучево-дождевые лысые с кучевыми, слоисто-кучевыми или слоистыми, либо без них.;100%.;600-1000;;;1;14,2;;;;;;
29.05.2021 9:00;19,4;743;756,8;-0,5;68;Ветер, дующий с северо-северо-востока;2;;;90  или более, но не 100%; ;;;13,5;;Слоисто-кучевые, образовавшиеся не из кучевых.;50%.;600-1000;Высококучевые просвечивающие, расположенные на одном уровне.;Перистые (часто в виде полос) и перисто-слоистые, распространяющиеся по небу и в целом обычно уплотняющиеся, но сплошная пелена поднимается над горизонтом менее чем на 45°.;10;13,2;Осадков нет;12;Поверхность почвы влажная.;14;;
29.05.2021 6:00;15,5;743,5;757,5;-0,6;89;Ветер, дующий с севера;1;;;100%.;Дымка. ;Облака покрывали более половины неба в течение одной части соответствующего периода и половину или менее в течение другой части периода.;Облака покрывали более половины неба в течение одной части соответствующего периода и половину или менее в течение другой части периода.;13,5;;Слоисто-кучевые, образовавшиеся не из кучевых.;100%.;600-1000;;;4;13,6;Следы осадков;12;;;;
29.05.2021 3:00;14,4;744,1;758,1;-0,5;90;Штиль, безветрие;0;;;40%.;Дымка. ;Облака покрывали более половины неба в течение одной части соответствующего периода и половину или менее в течение другой части периода.;Облака покрывали более половины неба в течение одной части соответствующего периода и половину или менее в течение другой части периода.;;;Слоисто-кучевые, образовавшиеся не из кучевых.;40%.;600-1000;Высококучевых, высокослоистых или слоисто-дождевых облаков нет.;Перистых, перисто-кучевых или перисто-слоистых нет.;;12,7;;;;;;
29.05.2021 0:00;17,2;744,6;758,5;-0,5;82;Штиль, безветрие;0;;;90  или более, но не 100%; ;;;;;Слоисто-кучевые, образовавшиеся не из кучевых.;90  или более, но не 100%;600-1000;Высококучевых, высокослоистых или слоисто-дождевых облаков нет.;Перистых, перисто-кучевых или перисто-слоистых нет.;;14;;;;;;
28.05.2021 21:00;18,3;745,1;758,9;-0,4;77;Штиль, безветрие;0;;;100%.; ;;;;23,5;Слоисто-кучевые, образовавшиеся не из кучевых.;100%.;600-1000;;;10;14,1;Следы осадков;12;;;;
28.05.2021 18:00;20,9;745,5;759,2;-0,5;57;Ветер, дующий с западо-северо-запада;1;;;100%.; ;;;;;Слоисто-кучевые, образовавшиеся не из кучевых.;100%.;600-1000;;;10;12,1;Следы осадков;12;;;;
28.05.2021 15:00;22,4;746;759,7;-0,5;61;Штиль, безветрие;0;;;100%.;Состояние неба в общем не изменилось. ;Ливень (ливни).;Облака покрывали более половины неба в течение всего соответствующего периода.;;;Кучевые и слоисто-кучевые (но не слоисто-кучевые, образовавшиеся из кучевых), основания расположены на разных уровнях.;100%.;600-1000;;;10;14,4;;;;;;
28.05.2021 12:00;21,5;746,5;760,2;-0,4;63;Ветер, дующий с западо-северо-запада;1;;;90  или более, но не 100%; ;;;;;Кучевые и слоисто-кучевые (но не слоисто-кучевые, образовавшиеся из кучевых), основания расположены на разных уровнях.;90  или более, но не 100%;600-1000;Высококучевых, высокослоистых или слоисто-дождевых облаков нет.;Перистых, перисто-кучевых или перисто-слоистых нет.;10;14,1;;;;;;
28.05.2021 9:00;17,4;746,9;760,8;-0,1;89;Штиль, безветрие;0;;;100%.;Дымка. ;Облака покрывали более половины неба в течение всего соответствующего периода.;Облака покрывали более половины неба в течение всего соответствующего периода.;14,9;;Слоисто-кучевые, образовавшиеся не из кучевых.;100%.;600-1000;;;4;15,6;0,8;12;Поверхность почвы сырая (вода застаивается на поверхности и образует малые или большие лужи).;15;;
28.05.2021 6:00;16,5;747;760,9;-0,3;97;Штиль, безветрие;0;;;100%.;Дымка. ;Облака покрывали более половины неба в течение всего соответствующего периода.;Облака покрывали более половины неба в течение всего соответствующего периода.;14,9;;Слоисто-кучевые, образовавшиеся не из кучевых.;100%.;1000-1500;;;4;16;1;12;;;;
28.05.2021 3:00;15,6;747,3;761,2;-0,7;96;Штиль, безветрие;0;;;100%.;Дымка. ;Ливень (ливни).;Облака покрывали более половины неба в течение всего соответствующего периода.;;;Слоисто-кучевые, образовавшиеся не из кучевых.;100%.;600-1000;;;;15;;;;;;
28.05.2021 0:00;16,5;748;761,9;-0,3;92;Штиль, безветрие;0;;;100%.;Ливневый(ые) дождь(и) слабый(ые) в срок наблюдения или за последний час. ;Ливень (ливни).;Облака покрывали более половины неба в течение всего соответствующего периода.;;;Слоисто-кучевые, образовавшиеся не из кучевых.;100%.;600-1000;;;;15,2;;;;;;
27.05.2021 21:00;17,4;748,3;762,3;-0,3;82;Штиль, безветрие;0;;;70 – 80%.; ;;;;21,5;Слоисто-кучевые, образовавшиеся из кучевых.;50%.;600-1000;Высококучевых, высокослоистых или слоисто-дождевых облаков нет.;Перистые нитевидные, иногда когтевидные, не распространяющиеся по небу.;10;14,2;Осадков нет;12;;;;
27.05.2021 18:00;19,7;748,6;762,5;-1;68;Штиль, безветрие;0;;;100%.; ;;;;;Кучевые и слоисто-кучевые (но не слоисто-кучевые, образовавшиеся из кучевых), основания расположены на разных уровнях.;100%.;600-1000;;;10;13,7;Осадков нет;12;;;;
27.05.2021 15:00;20;749,6;763,5;-0,2;66;Ветер, дующий с северо-востока;1;;;100%.; ;;;;;Кучевые и слоисто-кучевые (но не слоисто-кучевые, образовавшиеся из кучевых), основания расположены на разных уровнях.;100%.;600-1000;;;10;13,4;;;;;;
27.05.2021 12:00;18,5;749,8;763,7;0,2;77;Штиль, безветрие;0;;;100%.; ;;;;;Кучевые и слоисто-кучевые (но не слоисто-кучевые, образовавшиеся из кучевых), основания расположены на разных уровнях.;100%.;600-1000;;;10;14,3;;;;;;
27.05.2021 9:00;16,7;749,6;763,6;-0,2;88;Штиль, безветрие;0;;;70 – 80%.;Дымка. ;Ливень (ливни).;Облака покрывали более половины неба в течение всего соответствующего периода.;14,6;;Кучевые и слоисто-кучевые (но не слоисто-кучевые, образовавшиеся из кучевых), основания расположены на разных уровнях.;70 – 80%.;600-1000;Высококучевых, высокослоистых или слоисто-дождевых облаков нет.;Перистых, перисто-кучевых или перисто-слоистых нет.;4;14,7;9;12;Поверхность почвы сырая (вода застаивается на поверхности и образует малые или большие лужи).;17;;
27.05.2021 6:00;14,6;749,8;763,9;0,1;96;Штиль, безветрие;0;;;100%.;Ливневый(ые) дождь(и) слабый(ые) в срок наблюдения или за последний час. ;Ливень (ливни).;Облака покрывали более половины неба в течение всего соответствующего периода.;14,6;;Кучево-дождевые лысые с кучевыми, слоисто-кучевыми или слоистыми, либо без них.;100%.;600-1000;;;4;14;8;12;;;;
27.05.2021 3:00;14,8;749,7;763,8;-0,3;95;Штиль, безветрие;0;;;100%.;Ливневый(ые) дождь(и) умеренный(ые) или сильный(ые) в срок наблюдения или за последний час. ;Ливень (ливни).;Облака покрывали более половины неба в течение всего соответствующего периода.;;;Кучево-дождевые лысые с кучевыми, слоисто-кучевыми или слоистыми, либо без них.;100%.;600-1000;;;;14;;;;;;
27.05.2021 0:00;16,8;750;763,9;0,5;79;Ветер, дующий с западо-северо-запада;1;;;100%.;Ливневый(ые) дождь(и) слабый(ые) в срок наблюдения или за последний час. ;Ливень (ливни).;Облака покрывали более половины неба в течение всего соответствующего периода.;;;Кучево-дождевые лысые с кучевыми, слоисто-кучевыми или слоистыми, либо без них.;100%.;600-1000;;;;13,2;;;;;;
26.05.2021 21:00;19,4;749,5;763,4;0;57;Штиль, безветрие;0;;;100%.; ;;;;24,2;Слоисто-кучевые, образовавшиеся не из кучевых.;100%.;600-1000;;;10;10,7;Осадков нет;12;;;;
26.05.2021 18:00;22,6;749,5;763,3;-1;32;Ветер, дующий с юга;1;;;100%.; ;;;;;Кучевые и слоисто-кучевые (но не слоисто-кучевые, образовавшиеся из кучевых), основания расположены на разных уровнях.;100%.;600-1000;;;10;5,2;Осадков нет;12;;;;
26.05.2021 15:00;23,6;750,5;764,2;-1,1;29;Ветер, дующий с юго-юго-востока;2;;;60%.; ;;;;;Кучевые и слоисто-кучевые (но не слоисто-кучевые, образовавшиеся из кучевых), основания расположены на разных уровнях.;60%.;600-1000;Высококучевых, высокослоистых или слоисто-дождевых облаков нет.;Перистых, перисто-кучевых или перисто-слоистых нет.;10;4,6;;;;;;
26.05.2021 12:00;22,5;751,6;765,4;-0,6;30;Ветер, дующий с юго-юго-востока;2;;;60%.; ;;;;;Кучевые и слоисто-кучевые (но не слоисто-кучевые, образовавшиеся из кучевых), основания расположены на разных уровнях.;60%.;600-1000;Высококучевых, высокослоистых или слоисто-дождевых облаков нет.;Перистых, перисто-кучевых или перисто-слоистых нет.;10;4;;;;;;
26.05.2021 9:00;20,7;752,2;766,1;-0,5;34;Ветер, дующий с юго-востока;1;;;Облаков нет.; ;;;9;;;;;;;10;4,4;Осадков нет;12;Поверхность почвы сухая (без трещин и без заметного количества пыли или несвязанного песка).;13;;
26.05.2021 6:00;11,5;752,7;767;-0,1;81;Штиль, безветрие;0;;;20–30%.; ;;;9;;Слоисто-кучевые, образовавшиеся не из кучевых.;10%  или менее, но не 0;1000-1500;Высококучевые просвечивающие, расположенные на одном уровне.;Перистых, перисто-кучевых или перисто-слоистых нет.;10;8,3;Осадков нет;12;;;;
26.05.2021 3:00;9,8;752,8;767,2;0;82;Штиль, безветрие;0;;;60%.; ;;;;;Слоисто-кучевых, слоистых, кучевых или кучево-дождевых облаков нет.;20–30%.;2500 или более, или облаков нет.;Высококучевые просвечивающие, расположенные на одном уровне.;Перистые нитевидные, иногда когтевидные, не распространяющиеся по небу.;;6,8;;;;;;
26.05.2021 0:00;12,1;752,8;767,1;0,4;70;Штиль, безветрие;0;;;60%.; ;;;;;Слоисто-кучевых, слоистых, кучевых или кучево-дождевых облаков нет.;Облаков нет.;2500 или более, или облаков нет.;Высококучевых, высокослоистых или слоисто-дождевых облаков нет.;Перистые нитевидные, иногда когтевидные, не распространяющиеся по небу.;;6,8;;;;;;
25.05.2021 21:00;15,8;752,4;766,5;0;52;Штиль, безветрие;0;;;100%.; ;;;;21,4;Слоисто-кучевых, слоистых, кучевых или кучево-дождевых облаков нет.;Облаков нет.;2500 или более, или облаков нет.;Высококучевых, высокослоистых или слоисто-дождевых облаков нет.;Перисто-слоистые, покрывающие все небо.;10;5,9;Осадков нет;12;;;;
25.05.2021 18:00;20,3;752,4;766,3;-0,2;30;Ветер, дующий с севера;1;;;70 – 80%.; ;;;;;Слоисто-кучевые, образовавшиеся из кучевых.;50%.;600-1000;Высококучевых, высокослоистых или слоисто-дождевых облаков нет.;Перистые нитевидные, иногда когтевидные, не распространяющиеся по небу.;10;2,3;Осадков нет;12;;;;
25.05.2021 15:00;20,5;752,6;766,6;-0,6;30;Ветер, дующий с западо-северо-запада;1;;;60%.; ;;;;;Кучевые плоские или кучевые разорванные, или те и другие вместе, не относящиеся к облакам плохой погоды.;60%.;600-1000;Высококучевых, высокослоистых или слоисто-дождевых облаков нет.;Перистых, перисто-кучевых или перисто-слоистых нет.;10;2,4;;;;;;
25.05.2021 12:00;19,4;753,2;767,2;-0,4;33;Ветер, дующий с северо-запада;2;;;60%.; ;;;;;"Кучевые средние или мощные или вместе с кучевыми разорванными, или с кучевыми плоскими, или со слоисто-кучевыми, либо без них; основания всех этих облаков расположены на одном уровне.";60%.;600-1000;Высококучевых, высокослоистых или слоисто-дождевых облаков нет.;Перистых, перисто-кучевых или перисто-слоистых нет.;10;2,7;;;;;;
25.05.2021 9:00;16,4;753,6;767,7;0,5;49;Ветер, дующий с северо-северо-запада;2;;;Облаков нет.; ;;;9,4;;;;;;;10;5,5;Осадков нет;12;Поверхность почвы сухая (без трещин и без заметного количества пыли или несвязанного песка).;10;;
25.05.2021 6:00;12,2;753,1;767,3;0,6;66;Ветер, дующий с северо-северо-запада;1;;;60%.; ;;;9,4;;Слоисто-кучевые, образовавшиеся не из кучевых.;60%.;600-1000;Высококучевых, высокослоистых или слоисто-дождевых облаков нет.;Перистых, перисто-кучевых или перисто-слоистых нет.;10;6;Осадков нет;12;;;;
25.05.2021 3:00;9,5;752,5;766,9;1;83;Штиль, безветрие;0;;;20–30%.; ;;;;;Слоисто-кучевых, слоистых, кучевых или кучево-дождевых облаков нет.;Облаков нет.;2500 или более, или облаков нет.;Высококучевых, высокослоистых или слоисто-дождевых облаков нет.;Перистые нитевидные, иногда когтевидные, не распространяющиеся по небу.;;6,8;;;;;;
25.05.2021 0:00;11,7;751,5;765,8;0,7;72;Штиль, безветрие;0;;;20–30%.; ;;;;;Слоисто-кучевых, слоистых, кучевых или кучево-дождевых облаков нет.;Облаков нет.;2500 или более, или облаков нет.;Высококучевых, высокослоистых или слоисто-дождевых облаков нет.;Перистые нитевидные, иногда когтевидные, не распространяющиеся по небу.;;6,7;;;;;;
24.05.2021 21:00;16,5;750,8;764,9;1;48;Ветер, дующий с западо-северо-запада;1;;;70 – 80%.; ;;;;20,7;Слоисто-кучевые, образовавшиеся не из кучевых.;20–30%.;600-1000;Высококучевых, высокослоистых или слоисто-дождевых облаков нет.;Перистые когтевидные или нитевидные или первые и вторые, распространяющиеся по небу и в целом обычно уплотняющиеся.;10;5,3;Осадков нет;12;;;;
24.05.2021 18:00;19,7;749,8;763,7;0,4;33;Ветер, дующий с запада;1;;;90  или более, но не 100%; ;;;;;Кучевые плоские или кучевые разорванные, или те и другие вместе, не относящиеся к облакам плохой погоды.;70 – 80%.;1000-1500;Высококучевых, высокослоистых или слоисто-дождевых облаков нет.;Перистые нитевидные, иногда когтевидные, не распространяющиеся по небу.;10;3,1;Осадков нет;12;;;;
24.05.2021 15:00;20;749,4;763,3;-0,1;36;Ветер, дующий с северо-запада;2;;;90  или более, но не 100%; ;;;;;Кучевые плоские или кучевые разорванные, или те и другие вместе, не относящиеся к облакам плохой погоды.;70 – 80%.;1000-1500;Высококучевых, высокослоистых или слоисто-дождевых облаков нет.;Перистые нитевидные, иногда когтевидные, не распространяющиеся по небу.;10;4,6;;;;;;
24.05.2021 12:00;18;749,5;763,4;0,6;47;Ветер, дующий с запада;1;;;70 – 80%.; ;;;;;Кучевые плоские или кучевые разорванные, или те и другие вместе, не относящиеся к облакам плохой погоды.;70 – 80%.;1000-1500;Высококучевых, высокослоистых или слоисто-дождевых облаков нет.;Перистых, перисто-кучевых или перисто-слоистых нет.;10;6,4;;;;;;
24.05.2021 9:00;15,9;748,9;763;1,5;49;Ветер, дующий с запада;1;;;Облаков нет.; ;;;9,8;;;;;;;10;5;Осадков нет;12;Поверхность почвы сухая (без трещин и без заметного количества пыли или несвязанного песка).;9;;
24.05.2021 6:00;10,9;747,4;761,6;0,9;76;Ветер, дующий с юго-запада;1;;;Облаков нет.; ;;;9,8;;;;;;;10;6,7;0,7;12;;;;
24.05.2021 3:00;11,2;746,5;760,7;1,2;73;Ветер, дующий с запада;1;;;Облаков нет.; ;;;;;;;;;;;6,5;;;;;;
24.05.2021 0:00;12,9;745,3;759,4;0,9;66;Ветер, дующий с юго-юго-запада;1;;;20–30%.; ;;;;;Слоисто-кучевые, образовавшиеся не из кучевых.;20–30%.;600-1000;Высококучевых, высокослоистых или слоисто-дождевых облаков нет.;Перистых, перисто-кучевых или перисто-слоистых нет.;;6,6;;;;;;
23.05.2021 21:00;14,2;744,4;758,5;0,6;63;Ветер, дующий с юга;1;;;40%.;Облака в целом рассеиваются или становятся менее развитыми. ;Ливень (ливни).;Облака покрывали более половины неба в течение одной части соответствующего периода и половину или менее в течение другой части периода.;;23,1;Слоисто-кучевые, образовавшиеся из кучевых.;40%.;600-1000;Высококучевых, высокослоистых или слоисто-дождевых облаков нет.;Перистых, перисто-кучевых или перисто-слоистых нет.;10;7,1;0,7;12;;;;
23.05.2021 18:00;18;743,8;757,6;-0,2;52;Ветер, дующий с запада;1;;;100%.; ;;;;;Слоисто-кучевые, образовавшиеся не из кучевых.;60%.;600-1000;Высококучевые башенкообразные или хлопьевидные.;Перистые (часто в виде полос) и перисто-слоистые, распространяющиеся по небу и в целом обычно уплотняющиеся, но сплошная пелена поднимается над горизонтом менее чем на 45°.;10;7,9;Осадков нет;12;;;;
23.05.2021 15:00;22,4;744;757,6;-1,3;28;Ветер, дующий с юга;1;;;90  или более, но не 100%; ;;;;;Кучевые плоские или кучевые разорванные, или те и другие вместе, не относящиеся к облакам плохой погоды.;60%.;600-1000;Высококучевых, высокослоистых или слоисто-дождевых облаков нет.;Перистые нитевидные, иногда когтевидные, не распространяющиеся по небу.;10;2,9;;;;;;
23.05.2021 12:00;21,8;745,3;759,1;-1,1;30;Ветер, дующий с юго-юго-востока;2;;;70 – 80%.; ;;;;;Кучевые плоские или кучевые разорванные, или те и другие вместе, не относящиеся к облакам плохой погоды.;40%.;600-1000;Высококучевых, высокослоистых или слоисто-дождевых облаков нет.;Перистые когтевидные или нитевидные или первые и вторые, распространяющиеся по небу и в целом обычно уплотняющиеся.;10;3,3;;;;;;
23.05.2021 9:00;19,6;746,4;760,2;-0,4;35;Ветер, дующий с юго-юго-востока;2;;;20–30%.; ;;;9,1;;Слоисто-кучевых, слоистых, кучевых или кучево-дождевых облаков нет.;Облаков нет.;2500 или более, или облаков нет.;Высококучевых, высокослоистых или слоисто-дождевых облаков нет.;"Перистые плотные в виде клочьев или скрученных склонов, количество которых обычно не увеличивается, иногда могут казаться остатками верхней части кучево-дождевых; или перистые башенкообразные, или перистые хлопьевидные.";10;3,6;Осадков нет;12;Поверхность почвы влажная.;10;;
23.05.2021 6:00;11,7;746,8;761,1;0;80;Штиль, безветрие;0;;;Облаков нет.; ;;;9,1;;;;;;;10;8,4;Осадков нет;12;;;;
23.05.2021 3:00;11,7;746,8;761,1;0;73;Штиль, безветрие;0;;;Облаков нет.; ;;;;;;;;;;;7;;;;;;
23.05.2021 0:00;13,9;746,8;760,9;-0,1;60;Штиль, безветрие;0;;;Облаков нет.; ;;;;;;;;;;;6,1;;;;;;
22.05.2021 21:00;17,3;746,9;760,9;0,9;41;Штиль, безветрие;0;;;Облаков нет.; ;;;;21,1;;;;;;10;3,8;Осадков нет;12;;;;
22.05.2021 18:00;20,5;746;759,8;-1,1;31;Ветер, дующий с юга;1;;;40%.; ;;;;;Кучевые плоские или кучевые разорванные, или те и другие вместе, не относящиеся к облакам плохой погоды.;20–30%.;600-1000;Высококучевых, высокослоистых или слоисто-дождевых облаков нет.;Перистые нитевидные, иногда когтевидные, не распространяющиеся по небу.;10;2,8;Осадков нет;12;;;;
22.05.2021 15:00;20,8;747,1;760,9;0;30;Ветер, дующий с юго-запада;1;;;60%.; ;;;;;"Кучевые средние или мощные или вместе с кучевыми разорванными, или с кучевыми плоскими, или со слоисто-кучевыми, либо без них; основания всех этих облаков расположены на одном уровне.";60%.;600-1000;Высококучевых, высокослоистых или слоисто-дождевых облаков нет.;Перистых, перисто-кучевых или перисто-слоистых нет.;10;2,6;;;;;;
22.05.2021 12:00;18,4;747,1;761;0;37;Ветер, дующий с северо-запада;1;;;50%.; ;;;;;Кучевые плоские или кучевые разорванные, или те и другие вместе, не относящиеся к облакам плохой погоды.;50%.;600-1000;Высококучевых, высокослоистых или слоисто-дождевых облаков нет.;Перистых, перисто-кучевых или перисто-слоистых нет.;10;3,3;;;;;;
22.05.2021 9:00;16,1;747,1;761,1;0,8;37;Ветер, дующий с западо-юго-запада;1;;;Облаков нет.; ;;;5,8;;;;;;;10;1,4;Осадков нет;12;Поверхность почвы влажная.;7;;
22.05.2021 6:00;8,2;746,3;760,7;0,9;86;Штиль, безветрие;0;;;Облаков нет.;Дымка. ;Облака покрывали половину неба или менее в течение всего соответствующего периода.;Облака покрывали половину неба или менее в течение всего соответствующего периода.;5,8;;;;;;;4;5,9;Осадков нет;12;;;;
22.05.2021 3:00;8,2;745,4;759,8;1;75;Штиль, безветрие;0;;;Облаков нет.; ;;;;;;;;;;;3,9;;;;;;
22.05.2021 0:00;10,3;744,4;758,7;1,1;74;Штиль, безветрие;0;;;Облаков нет.; ;;;;;;;;;;;5,8;;;;;;
21.05.2021 21:00;12,7;743,3;757,4;0,7;69;Штиль, безветрие;0;;;10%  или менее, но не 0; ;;;;16,2;Слоисто-кучевые, образовавшиеся не из кучевых.;10%  или менее, но не 0;600-1000;Высококучевых, высокослоистых или слоисто-дождевых облаков нет.;Перистых, перисто-кучевых или перисто-слоистых нет.;10;7,2;0,3;12;;;;
21.05.2021 18:00;16;742,6;756,6;0,6;56;Ветер, дующий с западо-юго-запада;1;;;20–30%.; ;;;;;Слоисто-кучевые, образовавшиеся не из кучевых.;20–30%.;600-1000;Высококучевых, высокослоистых или слоисто-дождевых облаков нет.;Перистых, перисто-кучевых или перисто-слоистых нет.;10;7,2;0,3;12;;;;
21.05.2021 15:00;13,4;742;756,1;1,9;68;Ветер, дующий с запада;2;;;100%.;Состояние неба в общем не изменилось. ;Ливень (ливни).;Облака покрывали более половины неба в течение всего соответствующего периода.;;;Кучевые и слоисто-кучевые (но не слоисто-кучевые, образовавшиеся из кучевых), основания расположены на разных уровнях.;100%.;600-1000;;;10;7,5;;;;;;
21.05.2021 12:00;13,1;740,1;754,1;1,5;87;Ветер, дующий с западо-северо-запада;1;;;100%.;Ливневый(ые) дождь(и). ;Облака покрывали более половины неба в течение всего соответствующего периода.;Облака покрывали более половины неба в течение всего соответствующего периода.;;;Кучево-дождевые лысые с кучевыми, слоисто-кучевыми или слоистыми, либо без них.;100%.;600-1000;;;10;10,9;;;;;;
21.05.2021 9:00;12,6;738,6;752,6;0,8;84;Ветер, дующий с юга;1;;;100%.; ;;;12,3;;Слоисто-кучевые, образовавшиеся не из кучевых.;100%.;600-1000;;;10;10;Осадков нет;12;Поверхность почвы влажная.;13;;
21.05.2021 6:00;12,8;737,8;751,9;0,5;76;Ветер, дующий с юго-юго-востока;2;;;100%.; ;;;12,5;;Слоисто-кучевые, образовавшиеся не из кучевых.;100%.;600-1000;;;10;8,6;Осадков нет;12;;;;
21.05.2021 3:00;13,9;737,3;751,3;-0,5;82;Ветер, дующий с юга;1;;;40%.; ;;;;;Слоисто-кучевые, образовавшиеся не из кучевых.;40%.;600-1000;Высококучевых, высокослоистых или слоисто-дождевых облаков нет.;Перистых, перисто-кучевых или перисто-слоистых нет.;;10,9;;;;;;
21.05.2021 0:00;13,7;737,8;751,6;-0,6;85;Ветер, дующий с юго-востока;1;;;20–30%.; ;;;;;Слоисто-кучевых, слоистых, кучевых или кучево-дождевых облаков нет.;20–30%.;2500 или более, или облаков нет.;Высококучевые просвечивающие, расположенные на одном уровне.;Перистых, перисто-кучевых или перисто-слоистых нет.;;11,2;;;;;;
20.05.2021 21:00;15,4;738,4;752,2;0;75;Ветер, дующий с юга;1;;;40%.;Облака в целом рассеиваются или становятся менее развитыми. ;Ливень (ливни).;Облака покрывали более половины неба в течение одной части соответствующего периода и половину или менее в течение другой части периода.;;20;Слоисто-кучевые, образовавшиеся не из кучевых.;20–30%.;600-1000;Высококучевых, высокослоистых или слоисто-дождевых облаков нет.;Перистые нитевидные, иногда когтевидные, не распространяющиеся по небу.;10;10,9;0,4;12;;;;
20.05.2021 18:00;16,9;738,4;752,2;-0,4;67;Ветер, дующий с юго-юго-востока;2;;;70 – 80%.;Ливневый(ые) дождь(и). ;Ливень (ливни).;Облака покрывали более половины неба в течение всего соответствующего периода.;;;Кучевые и слоисто-кучевые (но не слоисто-кучевые, образовавшиеся из кучевых), основания расположены на разных уровнях.;70 – 80%.;600-1000;Высококучевых, высокослоистых или слоисто-дождевых облаков нет.;Перистых, перисто-кучевых или перисто-слоистых нет.;10;10,6;0,4;12;;;;
20.05.2021 15:00;19,2;738,8;752,5;-1;59;Ветер, дующий с юго-востока;2;;;70 – 80%.;Состояние неба в общем не изменилось. ;Ливень (ливни).;Облака покрывали более половины неба в течение всего соответствующего периода.;;;Кучевые и слоисто-кучевые (но не слоисто-кучевые, образовавшиеся из кучевых), основания расположены на разных уровнях.;70 – 80%.;600-1000;Высококучевых, высокослоистых или слоисто-дождевых облаков нет.;Перистых, перисто-кучевых или перисто-слоистых нет.;10;10,9;;;;;;
20.05.2021 12:00;16,8;739,8;753,6;0,5;74;Ветер, дующий с востоко-юго-востока;2;;;100%.;Состояние неба в общем не изменилось. ;Ливень (ливни).;Облака покрывали более половины неба в течение всего соответствующего периода.;;;Кучевые и слоисто-кучевые (но не слоисто-кучевые, образовавшиеся из кучевых), основания расположены на разных уровнях.;100%.;600-1000;;;10;12,2;;;;;;
20.05.2021 9:00;17,1;739,3;753,1;-0,2;72;Ветер, дующий с юго-юго-востока;2;;;100%.; ;;;15,5;;Кучевые и слоисто-кучевые (но не слоисто-кучевые, образовавшиеся из кучевых), основания расположены на разных уровнях.;100%.;600-1000;;;10;12;0,3;12;Поверхность почвы влажная.;15;;
20.05.2021 6:00;17,3;739,5;753,3;-0,4;72;Ветер, дующий с юго-востока;1;;;100%.; ;;;15,5;;Слоисто-кучевые, образовавшиеся не из кучевых.;100%.;600-1000;;;10;12,2;0,3;12;;;;
20.05.2021 3:00;17,2;739,9;753,7;-0,3;74;Ветер, дующий с востоко-юго-востока;1;;;70 – 80%.;Состояние неба в общем не изменилось. ;Ливень (ливни).;Облака покрывали более половины неба в течение всего соответствующего периода.;;;Слоисто-кучевые, образовавшиеся не из кучевых.;70 – 80%.;600-1000;Высококучевых, высокослоистых или слоисто-дождевых облаков нет.;Перистых, перисто-кучевых или перисто-слоистых нет.;;12,4;;;;;;
20.05.2021 0:00;16,4;740,2;754;-0,9;77;Штиль, безветрие;0;;;Облаков нет.; ;;;;;;;;;;;12,4;;;;;;
19.05.2021 21:00;19,9;741,1;754,8;-0,2;59;Штиль, безветрие;0;;;60%.; ;;;;25,4;Слоисто-кучевых, слоистых, кучевых или кучево-дождевых облаков нет.;Облаков нет.;2500 или более, или облаков нет.;Высококучевых, высокослоистых или слоисто-дождевых облаков нет.;Перистые нитевидные, иногда когтевидные, не распространяющиеся по небу.;10;11,6;Осадков нет;12;;;;
19.05.2021 18:00;24,3;741,3;754,8;-0,6;38;Ветер, дующий с юго-юго-востока;2;;;70 – 80%.; ;;;;;Кучевые плоские или кучевые разорванные, или те и другие вместе, не относящиеся к облакам плохой погоды.;50%.;600-1000;Высококучевых, высокослоистых или слоисто-дождевых облаков нет.;Перистые нитевидные, иногда когтевидные, не распространяющиеся по небу.;10;9,1;Осадков нет;12;;;;
19.05.2021 15:00;24,6;741,9;755,4;0,5;41;Ветер, дующий с юго-юго-востока;3;;;70 – 80%.; ;;;;;Кучевые плоские или кучевые разорванные, или те и другие вместе, не относящиеся к облакам плохой погоды.;70 – 80%.;600-1000;Высококучевых, высокослоистых или слоисто-дождевых облаков нет.;Перистых, перисто-кучевых или перисто-слоистых нет.;10;10,3;;;;;;
19.05.2021 12:00;23,1;741,4;754,9;1,3;47;Ветер, дующий с юго-юго-востока;3;;14;70 – 80%.; ;;;;;Кучевые плоские или кучевые разорванные, или те и другие вместе, не относящиеся к облакам плохой погоды.;70 – 80%.;600-1000;Высококучевых, высокослоистых или слоисто-дождевых облаков нет.;Перистых, перисто-кучевых или перисто-слоистых нет.;10;11,3;;;;;;
19.05.2021 9:00;23,3;740,1;753,6;1,1;38;Ветер, дующий с юго-юго-востока;3;;;20–30%.; ;;;20,2;;Слоисто-кучевых, слоистых, кучевых или кучево-дождевых облаков нет.;Облаков нет.;2500 или более, или облаков нет.;Высококучевых, высокослоистых или слоисто-дождевых облаков нет.;Перистые нитевидные, иногда когтевидные, не распространяющиеся по небу.;10;8,2;Осадков нет;12;Поверхность почвы влажная.;16;;
19.05.2021 6:00;20,4;739;752,6;-0,7;37;Ветер, дующий с востоко-юго-востока;1;;;60%.; ;;;20,2;;Слоисто-кучевые, образовавшиеся не из кучевых.;60%.;600-1000;Высококучевых, высокослоистых или слоисто-дождевых облаков нет.;Перистых, перисто-кучевых или перисто-слоистых нет.;10;5;Осадков нет;12;;;;
19.05.2021 3:00;21,6;739,7;753,4;-0,4;31;Ветер, дующий с северо-востока;1;;;70 – 80%.; ;;;;;Слоисто-кучевые, образовавшиеся не из кучевых.;70 – 80%.;600-1000;Высококучевых, высокослоистых или слоисто-дождевых облаков нет.;Перистых, перисто-кучевых или перисто-слоистых нет.;;3,7;;;;;;
19.05.2021 0:00;23,9;740,1;753,6;-0,4;25;Ветер, дующий с востоко-юго-востока;1;;;Облаков нет.; ;;;;;;;;;;;2,4;;;;;;
18.05.2021 21:00;25,3;740,5;753,9;-0,9;23;Ветер, дующий с востоко-юго-востока;1;;;Облаков нет.; ;;;;30,8;;;;;;10;2,5;Осадков нет;12;;;;
18.05.2021 18:00;29,7;741,4;754,6;-0,4;15;Ветер, дующий с юго-юго-востока;3;;11;20–30%.; ;;;;;Слоисто-кучевых, слоистых, кучевых или кучево-дождевых облаков нет.;Облаков нет.;2500 или более, или облаков нет.;Высококучевых, высокослоистых или слоисто-дождевых облаков нет.;Перистые нитевидные, иногда когтевидные, не распространяющиеся по небу.;10;0;Осадков нет;12;;;;
18.05.2021 15:00;30,7;741,8;755,1;-0,9;15;Ветер, дующий с юго-востока;3;;11;20–30%.; ;;;;;Слоисто-кучевых, слоистых, кучевых или кучево-дождевых облаков нет.;Облаков нет.;2500 или более, или облаков нет.;Высококучевых, высокослоистых или слоисто-дождевых облаков нет.;Перистые нитевидные, иногда когтевидные, не распространяющиеся по небу.;10;1;;;;;;
18.05.2021 12:00;29,2;742,7;756,1;-0,2;21;Ветер, дующий с юго-востока;3;;;20–30%.; ;;;;;Слоисто-кучевых, слоистых, кучевых или кучево-дождевых облаков нет.;Облаков нет.;2500 или более, или облаков нет.;Высококучевых, высокослоистых или слоисто-дождевых облаков нет.;Перистые нитевидные, иногда когтевидные, не распространяющиеся по небу.;10;4,7;;;;;;
18.05.2021 9:00;25,4;742,9;756,4;0;31;Ветер, дующий с востоко-юго-востока;1;;;Облаков нет.; ;;;17,5;;;;;;;10;7,2;Осадков нет;12;Поверхность почвы влажная.;14;;
18.05.2021 6:00;18,5;742,9;756,7;0,2;47;Ветер, дующий с востоко-юго-востока;1;;;10%  или менее, но не 0; ;;;17,5;;Слоисто-кучевых, слоистых, кучевых или кучево-дождевых облаков нет.;Облаков нет.;2500 или более, или облаков нет.;Высококучевых, высокослоистых или слоисто-дождевых облаков нет.;Перистые нитевидные, иногда когтевидные, не распространяющиеся по небу.;10;6,9;Осадков нет;12;;;;
18.05.2021 3:00;19;742,7;756,5;-0,2;43;Ветер, дующий с юго-юго-востока;1;;;Облаков нет.; ;;;;;;;;;;;6,1;;;;;;
18.05.2021 0:00;20,1;742,9;756,6;-0,3;38;Штиль, безветрие;0;;;20–30%.; ;;;;;Слоисто-кучевых, слоистых, кучевых или кучево-дождевых облаков нет.;Облаков нет.;2500 или более, или облаков нет.;Высококучевых, высокослоистых или слоисто-дождевых облаков нет.;Перистые нитевидные, иногда когтевидные, не распространяющиеся по небу.;;5,1;;;;;;
17.05.2021 21:00;23,3;743,2;756,8;0,3;33;Штиль, безветрие;0;;;70 – 80%.; ;;;;30,6;Слоисто-кучевых, слоистых, кучевых или кучево-дождевых облаков нет.;20–30%.;2500 или более, или облаков нет.;Высококучевые просвечивающие, расположенные на одном уровне.;"Перистые плотные в виде клочьев или скрученных склонов, количество которых обычно не увеличивается, иногда могут казаться остатками верхней части кучево-дождевых; или перистые башенкообразные, или перистые хлопьевидные.";10;6;Осадков нет;12;;;;
17.05.2021 18:00;29,7;742,9;756,2;-1,2;22;Ветер, дующий с юго-востока;3;;;20–30%.; ;;;;;Слоисто-кучевые, образовавшиеся не из кучевых.;10%  или менее, но не 0;600-1000;Высококучевых, высокослоистых или слоисто-дождевых облаков нет.;Перистые нитевидные, иногда когтевидные, не распространяющиеся по небу.;10;6;Осадков нет;12;;;;
17.05.2021 15:00;29,2;744,1;757,5;-1,7;30;Ветер, дующий с востоко-юго-востока;3;;;Облаков нет.; ;;;;;;;;;;10;9,8;;;;;;
17.05.2021 12:00;26,7;745,8;759,3;-1,1;33;Ветер, дующий с востоко-юго-востока;2;;;Облаков нет.; ;;;;;;;;;;10;8,9;;;;;;
17.05.2021 9:00;22,6;746,9;760,6;-0,2;44;Ветер, дующий с востоко-юго-востока;2;;;Облаков нет.; ;;;11,2;;;;;;;10;9,7;Осадков нет;12;Поверхность почвы влажная.;11;;
17.05.2021 6:00;13;747,1;761,2;0,3;88;Штиль, безветрие;0;;;Облаков нет.;Дымка. ;Облака покрывали половину неба или менее в течение всего соответствующего периода.;Облака покрывали половину неба или менее в течение всего соответствующего периода.;11,2;;;;;;;4;11,1;Осадков нет;12;;;;
17.05.2021 3:00;11,6;746,8;761;0,3;91;Штиль, безветрие;0;;;Облаков нет.;Дымка. ;Облака покрывали половину неба или менее в течение всего соответствующего периода.;Облака покрывали половину неба или менее в течение всего соответствующего периода.;;;;;;;;;10,2;;;;;;
17.05.2021 0:00;13,4;746,5;760,6;0,5;87;Штиль, безветрие;0;;;Облаков нет.;Дымка. ;Облака покрывали половину неба или менее в течение всего соответствующего периода.;Облака покрывали половину неба или менее в течение всего соответствующего периода.;;;;;;;;;11,2;;;;;;
16.05.2021 21:00;16,9;746;760;0,3;67;Штиль, безветрие;0;;;Облаков нет.; ;;;;24,2;;;;;;10;10,6;Осадков нет;12;;;;
16.05.2021 18:00;22,1;745,7;759,4;0;41;Штиль, безветрие;0;;;70 – 80%.; ;;;;;Кучевые и слоисто-кучевые (но не слоисто-кучевые, образовавшиеся из кучевых), основания расположены на разных уровнях.;70 – 80%.;600-1000;Высококучевых, высокослоистых или слоисто-дождевых облаков нет.;Перистых, перисто-кучевых или перисто-слоистых нет.;10;8,3;Осадков нет;12;;;;
16.05.2021 15:00;23,3;745,7;759,3;-0,2;39;Ветер, дующий с юго-юго-востока;1;;;90  или более, но не 100%; ;;;;;Кучевые и слоисто-кучевые (но не слоисто-кучевые, образовавшиеся из кучевых), основания расположены на разных уровнях.;90  или более, но не 100%;600-1000;Высококучевых, высокослоистых или слоисто-дождевых облаков нет.;Перистых, перисто-кучевых или перисто-слоистых нет.;10;8,7;;;;;;
16.05.2021 12:00;20,8;745,9;759,6;0,3;49;Ветер, дующий с юго-запада;1;;;70 – 80%.; ;;;;;"Кучевые средние или мощные или вместе с кучевыми разорванными, или с кучевыми плоскими, или со слоисто-кучевыми, либо без них; основания всех этих облаков расположены на одном уровне.";70 – 80%.;1000-1500;Высококучевых, высокослоистых или слоисто-дождевых облаков нет.;Перистых, перисто-кучевых или перисто-слоистых нет.;10;9,8;;;;;;
16.05.2021 9:00;18,9;745,6;759,4;0,6;61;Ветер, дующий с юго-юго-запада;1;;;Облаков нет.; ;;;11,9;;;;;;;10;11,2;Осадков нет;12;Поверхность почвы сырая (вода застаивается на поверхности и образует малые или большие лужи).;11;;
16.05.2021 6:00;13,9;745;759;1,1;84;Ветер, дующий с юго-юго-востока;1;;;Облаков нет.; ;;;11,9;;;;;;;10;11,3;Осадков нет;12;;;;
16.05.2021 3:00;12,8;743,9;758;0,1;85;Штиль, безветрие;0;;;40%.; ;;;;;Слоисто-кучевые, образовавшиеся не из кучевых.;40%.;600-1000;Высококучевых, высокослоистых или слоисто-дождевых облаков нет.;Перистых, перисто-кучевых или перисто-слоистых нет.;;10,4;;;;;;
16.05.2021 0:00;14,8;743,8;757,7;0,4;74;Ветер, дующий с юга;1;;;50%.; ;;;;;Слоисто-кучевые, образовавшиеся не из кучевых.;20–30%.;600-1000;Высококучевых, высокослоистых или слоисто-дождевых облаков нет.;Перистые нитевидные, иногда когтевидные, не распространяющиеся по небу.;;10,2;;;;;;
15.05.2021 21:00;17;743,4;757,3;1,4;60;Ветер, дующий с юга;1;;;70 – 80%.;Состояние неба в общем не изменилось. ;Гроза (грозы) с осадками или без них.;Ливень (ливни).;;26,2;Слоисто-кучевые, образовавшиеся из кучевых.;40%.;600-1000;Высококучевые башенкообразные или хлопьевидные.;Перистые нитевидные, иногда когтевидные, не распространяющиеся по небу.;10;9,1;0,5;12;;;;
15.05.2021 18:00;20,8;742;755,7;0,9;52;Ветер, дующий с юга;1;;11;90  или более, но не 100%;Гроза, но без осадков, в срок наблюдения. ;Гроза (грозы) с осадками или без них.;Ливень (ливни).;;;Кучево-дождевые волокнистые (часто с наковальней), либо с кучево-дождевыми лысыми, кучевыми, слоистыми, разорванно-дождевыми, либо без них.;90  или более, но не 100%;600-1000;Высококучевых, высокослоистых или слоисто-дождевых облаков нет.;Перистых, перисто-кучевых или перисто-слоистых нет.;10;10,6;0,5;12;;;;
15.05.2021 15:00;25,6;741,1;754,6;-0,6;29;Ветер, дующий с юга;2;;11;70 – 80%.; ;;;;;"Кучевые средние или мощные или вместе с кучевыми разорванными, или с кучевыми плоскими, или со слоисто-кучевыми, либо без них; основания всех этих облаков расположены на одном уровне.";40%.;600-1000;Высококучевые башенкообразные или хлопьевидные.;Перистые когтевидные или нитевидные или первые и вторые, распространяющиеся по небу и в целом обычно уплотняющиеся.;10;6;;;;;;
15.05.2021 12:00;24,6;741,7;755,2;-0,5;51;Ветер, дующий с юго-юго-запада;1;;;70 – 80%.; ;;;;;"Кучевые средние или мощные или вместе с кучевыми разорванными, или с кучевыми плоскими, или со слоисто-кучевыми, либо без них; основания всех этих облаков расположены на одном уровне.";60%.;600-1000;Высококучевых, высокослоистых или слоисто-дождевых облаков нет.;Перистые нитевидные, иногда когтевидные, не распространяющиеся по небу.;10;13,7;;;;;;
15.05.2021 9:00;19,6;742,2;755,9;-0,4;68;Ветер, дующий с юго-юго-востока;2;;;50%.; ;;;13;;Слоисто-кучевых, слоистых, кучевых или кучево-дождевых облаков нет.;20–30%.;2500 или более, или облаков нет.;"Клочья (часто чечевицеобразные) высококучевых просвечивающих, непрерывно изменяющихся; расположены на одном или более уровнях.";Перистые нитевидные, иногда когтевидные, не распространяющиеся по небу.;10;13,4;Осадков нет;12;Поверхность почвы сырая (вода застаивается на поверхности и образует малые или большие лужи).;12;;
15.05.2021 6:00;13,8;742,6;756,6;-0,8;90;Штиль, безветрие;0;;;70 – 80%.;Дымка. ;Облака покрывали более половины неба в течение всего соответствующего периода.;Облака покрывали более половины неба в течение всего соответствующего периода.;13;;Слоисто-кучевые, образовавшиеся не из кучевых.;50%.;600-1000;Высококучевые башенкообразные или хлопьевидные.;Перистых, перисто-кучевых или перисто-слоистых нет.;4;12,1;0,3;12;;;;
15.05.2021 3:00;13,8;743,4;757,4;-0,6;88;Штиль, безветрие;0;;;60%.;Дымка. ;Облака покрывали более половины неба в течение всего соответствующего периода.;Облака покрывали более половины неба в течение всего соответствующего периода.;;;Слоисто-кучевые, образовавшиеся не из кучевых.;60%.;600-1000;Высококучевых, высокослоистых или слоисто-дождевых облаков нет.;Перистых, перисто-кучевых или перисто-слоистых нет.;;11,8;;;;;;
15.05.2021 0:00;15,3;744;758;-1,3;78;Штиль, безветрие;0;;;70 – 80%.; ;;;;;Слоисто-кучевые, образовавшиеся не из кучевых.;70 – 80%.;600-1000;Высококучевых, высокослоистых или слоисто-дождевых облаков нет.;Перистых, перисто-кучевых или перисто-слоистых нет.;;11,5;;;;;;
14.05.2021 21:00;16,8;745,3;759,2;-1,7;74;Штиль, безветрие;0;;;70 – 80%.;Облака в целом рассеиваются или становятся менее развитыми. ;Ливень (ливни).;Облака покрывали более половины неба в течение всего соответствующего периода.;;22,8;Слоисто-кучевые, образовавшиеся не из кучевых.;70 – 80%.;600-1000;Высококучевых, высокослоистых или слоисто-дождевых облаков нет.;Перистых, перисто-кучевых или перисто-слоистых нет.;10;12,1;0,3;12;;;;
14.05.2021 18:00;19,1;747;760,9;-0,3;58;Ветер, дующий с юго-юго-востока;2;;;100%.;Ливневый(ые) дождь(и) слабый(ые) в срок наблюдения или за последний час. ;Ливень (ливни).;Облака покрывали более половины неба в течение всего соответствующего периода.;;;Кучево-дождевые лысые с кучевыми, слоисто-кучевыми или слоистыми, либо без них.;100%.;600-1000;;;4;10,5;Следы осадков;12;;;;
14.05.2021 15:00;22,2;747,3;761;-0,7;42;Ветер, дующий с юго-юго-востока;1;;;100%.; ;;;;;Слоисто-кучевые, образовавшиеся не из кучевых.;40%.;600-1000;"Высококучевые просвечивающие, полосами, либо один или несколько слоев высококучевых просвечивающих, распространяющихся по небу; эти высококучевые в целом уплотняются.";;10;8,7;;;;;;
14.05.2021 12:00;20,9;748;761,8;-0,9;49;Ветер, дующий с юго-востока;2;;;70 – 80%.; ;;;;;Слоисто-кучевые, образовавшиеся не из кучевых.;20–30%.;600-1000;Высококучевые просвечивающие, расположенные на одном уровне.;Перистые нитевидные, иногда когтевидные, не распространяющиеся по небу.;10;9,6;;;;;;
14.05.2021 9:00;17,7;748,9;762,9;-0,1;56;Ветер, дующий с юго-востока;1;;;20–30%.; ;;;8,1;;Слоисто-кучевых, слоистых, кучевых или кучево-дождевых облаков нет.;Облаков нет.;2500 или более, или облаков нет.;Высококучевых, высокослоистых или слоисто-дождевых облаков нет.;Перистые нитевидные, иногда когтевидные, не распространяющиеся по небу.;10;8,7;Осадков нет;12;Поверхность почвы сырая (вода застаивается на поверхности и образует малые или большие лужи).;9;;
14.05.2021 6:00;10,1;749;763,4;0,1;94;Ветер, дующий с востоко-юго-востока;1;;;10%  или менее, но не 0;Дымка. ;Облака покрывали половину неба или менее в течение всего соответствующего периода.;Облака покрывали половину неба или менее в течение всего соответствующего периода.;8,1;;Слоисто-кучевых, слоистых, кучевых или кучево-дождевых облаков нет.;Облаков нет.;2500 или более, или облаков нет.;Высококучевых, высокослоистых или слоисто-дождевых облаков нет.;Перистые нитевидные, иногда когтевидные, не распространяющиеся по небу.;4;9,1;Осадков нет;12;;;;
14.05.2021 3:00;9,3;748,9;763,3;0,3;94;Штиль, безветрие;0;;;Облаков нет.;Дымка. ;Облака покрывали половину неба или менее в течение всего соответствующего периода.;Облака покрывали половину неба или менее в течение всего соответствующего периода.;;;;;;;;;8,4;;;;;;
14.05.2021 0:00;11,2;748,6;762,9;0,6;84;Штиль, безветрие;0;;;20–30%.; ;;;;;Слоисто-кучевых, слоистых, кучевых или кучево-дождевых облаков нет.;Облаков нет.;2500 или более, или облаков нет.;Высококучевых, высокослоистых или слоисто-дождевых облаков нет.;Перистые нитевидные, иногда когтевидные, не распространяющиеся по небу.;;8,5;;;;;;
13.05.2021 21:00;14,2;748;762,1;0,2;65;Ветер, дующий с юга;2;;10;40%.;Облака в целом рассеиваются или становятся менее развитыми. ;Ливень (ливни).;Облака покрывали более половины неба в течение одной части соответствующего периода и половину или менее в течение другой части периода.;;19,8;Слоисто-кучевые, образовавшиеся не из кучевых.;20–30%.;1000-1500;Высококучевых, высокослоистых или слоисто-дождевых облаков нет.;Перистые нитевидные, иногда когтевидные, не распространяющиеся по небу.;10;7,6;Следы осадков;12;;;;
13.05.2021 18:00;16,4;747,8;761,8;-0,9;53;Ветер, дующий с юго-юго-востока;2;;;90  или более, но не 100%;Облака в целом рассеиваются или становятся менее развитыми. ;Ливень (ливни).;Облака покрывали более половины неба в течение всего соответствующего периода.;;;Слоисто-кучевые, образовавшиеся не из кучевых.;20–30%.;1000-1500;Высококучевые просвечивающие, расположенные на одном уровне.;"Перистые плотные в виде клочьев или скрученных склонов, количество которых обычно не увеличивается, иногда могут казаться остатками верхней части кучево-дождевых; или перистые башенкообразные, или перистые хлопьевидные.";10;6,6;Следы осадков;12;;;;
13.05.2021 15:00;19,3;748,7;762,6;-0,7;43;Ветер, дующий с юга;1;;;90  или более, но не 100%; ;;;;;Слоисто-кучевые, образовавшиеся не из кучевых.;60%.;600-1000;Высококучевые просвечивающие, расположенные на одном уровне.;Перистые нитевидные, иногда когтевидные, не распространяющиеся по небу.;10;6,4;;;;;;
13.05.2021 12:00;18,7;749,4;763,3;-0,9;41;Ветер, дующий с востоко-юго-востока;2;;;70 – 80%.; ;;;;;Слоисто-кучевых, слоистых, кучевых или кучево-дождевых облаков нет.;10%  или менее, но не 0;2500 или более, или облаков нет.;Высококучевые просвечивающие, расположенные на одном уровне.;Перистые нитевидные, иногда когтевидные, не распространяющиеся по небу.;10;5,2;;;;;;
13.05.2021 9:00;15;750,3;764,5;-0,7;56;Ветер, дующий с востоко-юго-востока;2;;;20–30%.; ;;;8,5;;Слоисто-кучевых, слоистых, кучевых или кучево-дождевых облаков нет.;Облаков нет.;2500 или более, или облаков нет.;Высококучевых, высокослоистых или слоисто-дождевых облаков нет.;Перистые нитевидные, иногда когтевидные, не распространяющиеся по небу.;10;6,2;0,1;12;Затопленная водой.;9;;
13.05.2021 6:00;9,6;751;765,4;0,6;87;Ветер, дующий с востока;1;;;Облаков нет.; ;;;8,5;;;;;;;10;7,6;0,6;12;;;;
13.05.2021 3:00;10,5;750,4;764,8;0,9;83;Ветер, дующий с юго-юго-востока;1;;;Облаков нет.;Состояние неба в общем не изменилось. ;Ливень (ливни).;Облака покрывали более половины неба в течение одной части соответствующего периода и половину или менее в течение другой части периода.;;;;;;;;;7,7;;;;;;
13.05.2021 0:00;15;749,5;763,6;-0,2;79;Ветер, дующий с юго-юго-востока;2;;;100%.;Состояние неба в общем не изменилось. ;Ливень (ливни).;Облака покрывали более половины неба в течение всего соответствующего периода.;;;Слоисто-кучевые, образовавшиеся не из кучевых.;100%.;600-1000;;;;11,4;;;;;;
12.05.2021 21:00;15,2;749,7;763,8;-0,7;79;Ветер, дующий с востока;1;;15;100%.;Ливневый(ые) дождь(и) слабый(ые) в срок наблюдения или за последний час. ;Гроза (грозы) с осадками или без них.;Ливень (ливни).;;24,4;Кучево-дождевые волокнистые (часто с наковальней), либо с кучево-дождевыми лысыми, кучевыми, слоистыми, разорванно-дождевыми, либо без них.;100%.;300-600;;;4;11,6;3;12;;;;
12.05.2021 18:00;15,7;750,4;764,5;-0,6;82;Ветер, дующий с юго-юго-востока;2;;15;100%.;Ливневый(ые) дождь(и) слабый(ые) в срок наблюдения или за последний час. ;Гроза (грозы) с осадками или без них.;Ливень (ливни).;;;Кучево-дождевые волокнистые (часто с наковальней), либо с кучево-дождевыми лысыми, кучевыми, слоистыми, разорванно-дождевыми, либо без них.;100%.;300-600;;;4;12,6;3;12;;;;
12.05.2021 15:00;23,9;751;764,8;-3,3;36;Ветер, дующий с востоко-северо-востока;2;;;100%.; ;;;;;Слоисто-кучевые, образовавшиеся не из кучевых.;70 – 80%.;1000-1500;Высококучевых, высокослоистых или слоисто-дождевых облаков нет.;Перисто-слоистые, не распространяющиеся по небу и не покрывающие его полностью.;10;8;;;;;;
12.05.2021 12:00;17,3;754,3;768,4;-1,5;63;Ветер, дующий с севера;1;;;100%.; ;;;;;Слоисто-кучевые, образовавшиеся не из кучевых.;100%.;600-1000;;;10;10,1;;;;;;
12.05.2021 9:00;14,3;755,8;770,1;0;77;Ветер, дующий с северо-запада;1;;;100%.; ;;;9,7;;Слоисто-кучевые, образовавшиеся не из кучевых.;100%.;1000-1500;;;10;10,2;Осадков нет;12;Поверхность почвы сырая (вода застаивается на поверхности и образует малые или большие лужи).;9;;
12.05.2021 6:00;10,6;755,8;770,3;0,2;94;Штиль, безветрие;0;;;Облаков нет.;Дымка. ;Облака покрывали половину неба или менее в течение всего соответствующего периода.;Облака покрывали половину неба или менее в течение всего соответствующего периода.;9,7;;;;;;;4;9,6;Осадков нет;12;;;;
12.05.2021 3:00;11,3;755,6;770;-0,2;88;Штиль, безветрие;0;;;Облаков нет.;Дымка. ;Облака покрывали половину неба или менее в течение всего соответствующего периода.;Облака покрывали половину неба или менее в течение всего соответствующего периода.;;;;;;;;;9,3;;;;;;
12.05.2021 0:00;14,5;755,8;770,1;0,7;63;Ветер, дующий с юго-востока;1;;;40%.; ;;;;;Слоисто-кучевых, слоистых, кучевых или кучево-дождевых облаков нет.;40%.;2500 или более, или облаков нет.;Высококучевые просвечивающие, расположенные на одном уровне.;Перистых, перисто-кучевых или перисто-слоистых нет.;;7,4;;;;;;
11.05.2021 21:00;18,6;755,1;769,2;0,5;37;Ветер, дующий с востоко-северо-востока;1;;;Облаков нет.; ;;;;24;;;;;;10;3,4;Осадков нет;12;;;;
11.05.2021 18:00;23,3;754,6;768,4;-0,5;25;Ветер, дующий с востоко-северо-востока;1;;;Облаков нет.; ;;;;;;;;;;10;2,2;Осадков нет;12;;;;
11.05.2021 15:00;22,9;755,1;769;-0,9;22;Ветер, дующий с востоко-северо-востока;2;;;Облаков нет.; ;;;;;;;;;;10;0,3;;;;;;
11.05.2021 12:00;19;756;770;-0,7;26;Ветер, дующий с востоко-северо-востока;2;;;Облаков нет.; ;;;;;;;;;;10;-0,9;;;;;;
11.05.2021 9:00;15;756,7;771;0;38;Ветер, дующий с востоко-северо-востока;2;;;Облаков нет.; ;;;3,4;;;;;;;10;0,7;Осадков нет;12;Затопленная водой.;4;;
11.05.2021 6:00;6,8;756,7;771,4;0,3;62;Ветер, дующий с северо-северо-востока;1;;;Облаков нет.; ;;;3,4;;;;;;;10;-0,1;Осадков нет;12;;;;
11.05.2021 3:00;4,4;756,4;771,1;0,3;74;Штиль, безветрие;0;;;Облаков нет.; ;;;;;;;;;;;0,1;;;;;;
11.05.2021 0:00;6,5;756,1;770,8;0,3;70;Штиль, безветрие;0;;;Облаков нет.; ;;;;;;;;;;;1,4;;;;;;
10.05.2021 21:00;11;755,8;770,3;0,6;44;Ветер, дующий с северо-северо-запада;1;;;Облаков нет.; ;;;;16,3;;;;;;10;-0,8;Осадков нет;12;;;;
10.05.2021 18:00;16,1;755,2;769,3;-0,1;24;Ветер, дующий с севера;2;;;Облаков нет.; ;;;;;;;;;;10;-4,8;Осадков нет;12;;;;
10.05.2021 15:00;15,9;755,3;769,5;-0,4;24;Ветер, дующий с севера;2;;;Облаков нет.; ;;;;;;;;;;10;-4,7;;;;;;
10.05.2021 12:00;13,6;755,7;770;0,2;27;Ветер, дующий с северо-северо-востока;2;;;Облаков нет.; ;;;;;;;;;;10;-5;;;;;;
10.05.2021 9:00;10,5;755,5;769,9;1,1;30;Ветер, дующий с северо-северо-востока;2;;;Облаков нет.; ;;;4,9;;;;;;;10;-6,4;Осадков нет;12;Затопленная водой.;2;;
10.05.2021 6:00;6;754,4;769,1;1,6;46;Ветер, дующий с севера;1;;;Облаков нет.; ;;;4,9;;;;;;;10;-5;Осадков нет;12;;;;
10.05.2021 3:00;6,1;752,8;767,5;1,5;51;Ветер, дующий с севера;1;;;Облаков нет.; ;;;;;;;;;;;-3,3;;;;;;
10.05.2021 0:00;7,1;751,3;765,9;1,8;51;Ветер, дующий с северо-запада;1;;;Облаков нет.; ;;;;;;;;;;;-2,5;;;;;;
09.05.2021 21:00;9,1;749,5;763,9;1,5;46;Ветер, дующий с западо-северо-запада;1;;;40%.; ;;;;10,3;Слоисто-кучевые, образовавшиеся не из кучевых.;20–30%.;1000-1500;Высококучевые просвечивающие, расположенные на одном уровне.;Перистых, перисто-кучевых или перисто-слоистых нет.;10;-1,9;Осадков нет;12;;;;
09.05.2021 18:00;10,1;748;762,4;1,2;48;Ветер, дующий с северо-северо-запада;2;;;90  или более, но не 100%; ;;;;;Слоисто-кучевые, образовавшиеся не из кучевых.;90  или более, но не 100%;600-1000;Высококучевых, высокослоистых или слоисто-дождевых облаков нет.;Перистых, перисто-кучевых или перисто-слоистых нет.;10;-0,6;Осадков нет;12;;;;
09.05.2021 15:00;8,3;746,8;761,2;1,9;66;Ветер, дующий с северо-северо-запада;2;;;100%.; ;;;;;Слоисто-кучевые, образовавшиеся не из кучевых.;100%.;600-1000;;;10;2,2;;;;;;
09.05.2021 12:00;6,3;744,9;759,4;2;73;Ветер, дующий с северо-северо-запада;2;;;100%.; ;;;;;Кучевые и слоисто-кучевые (но не слоисто-кучевые, образовавшиеся из кучевых), основания расположены на разных уровнях.;100%.;600-1000;;;10;1,8;;;;;;
09.05.2021 9:00;5,6;742,9;757,3;2,1;78;Ветер, дующий с северо-северо-запада;3;;;100%.; ;;;5,6;;Слоисто-кучевые, образовавшиеся не из кучевых.;100%.;600-1000;;;10;2,1;1;12;Затопленная водой.;7;;
09.05.2021 6:00;6,2;740,8;755,2;1,8;85;Ветер, дующий с северо-северо-запада;3;;10;100%.;Дымка. ;Облака покрывали более половины неба в течение всего соответствующего периода.;Облака покрывали более половины неба в течение всего соответствующего периода.;6,1;;"Слоистые разорванные или кучевые разорванные облака плохой погоды, либо те и другие вместе (разорванно-дождевые); обычно расположены под слоистыми или слоисто-дождевыми облаками.";100%.;300-600;;;4;3,9;10;12;;;;
09.05.2021 3:00;6,7;739;753,4;1,2;92;Ветер, дующий с северо-запада;2;;;100%.;Дымка. ;Ливень (ливни).;Облака покрывали более половины неба в течение всего соответствующего периода.;;;"Слоистые разорванные или кучевые разорванные облака плохой погоды, либо те и другие вместе (разорванно-дождевые); обычно расположены под слоистыми или слоисто-дождевыми облаками.";100%.;300-600;;;;5,4;;;;;;
09.05.2021 0:00;8,1;737,8;752;-0,2;97;Штиль, безветрие;0;;;100%.;Дымка. ;Ливень (ливни).;Облака покрывали более половины неба в течение всего соответствующего периода.;;;Слоисто-кучевые, образовавшиеся не из кучевых.;100%.;600-1000;;;;7,7;;;;;;
08.05.2021 21:00;8,6;738;752,2;-1,2;97;Штиль, безветрие;0;;;100%.;Ливневый(ые) дождь(и) умеренный(ые) или сильный(ые) в срок наблюдения или за последний час. ;Ливень (ливни).;Облака покрывали более половины неба в течение всего соответствующего периода.;;9,3;Кучево-дождевые волокнистые (часто с наковальней), либо с кучево-дождевыми лысыми, кучевыми, слоистыми, разорванно-дождевыми, либо без них.;100%.;300-600;;;2;8,2;32;12;;;;
08.05.2021 18:00;9;739,2;753,4;-1,3;97;Ветер, дующий с юго-юго-востока;2;;;100%.;Ливневый(ые) дождь(и) умеренный(ые) или сильный(ые) в срок наблюдения или за последний час. ;Ливень (ливни).;Облака покрывали более половины неба в течение всего соответствующего периода.;;;Кучево-дождевые волокнистые (часто с наковальней), либо с кучево-дождевыми лысыми, кучевыми, слоистыми, разорванно-дождевыми, либо без них.;100%.;300-600;;;2;8,5;30;12;;;;
08.05.2021 15:00;9,3;740,5;754,6;-0,6;94;Ветер, дующий с юго-юго-востока;2;;;100%.;Ливневый(ые) дождь(и) умеренный(ые) или сильный(ые) в срок наблюдения или за последний час. ;Ливень (ливни).;Облака покрывали более половины неба в течение всего соответствующего периода.;;;Кучево-дождевые волокнистые (часто с наковальней), либо с кучево-дождевыми лысыми, кучевыми, слоистыми, разорванно-дождевыми, либо без них.;100%.;300-600;;;2;8,4;;;;;;
08.05.2021 12:00;8,9;741,1;755,3;-1,7;94;Ветер, дующий с юго-юго-востока;2;;;100%.;Ливневый(ые) дождь(и) слабый(ые) в срок наблюдения или за последний час. ;Ливень (ливни).;Облака покрывали более половины неба в течение всего соответствующего периода.;;;Кучево-дождевые волокнистые (часто с наковальней), либо с кучево-дождевыми лысыми, кучевыми, слоистыми, разорванно-дождевыми, либо без них.;100%.;300-600;;;4;7,9;;;;;;
08.05.2021 9:00;7,6;742,8;757,1;-1,3;93;Ветер, дующий с юго-востока;2;;;100%.;Ливневый(ые) дождь(и) умеренный(ые) или сильный(ые) в срок наблюдения или за последний час. ;Ливень (ливни).;Дождь.;7,6;;Кучево-дождевые волокнистые (часто с наковальней), либо с кучево-дождевыми лысыми, кучевыми, слоистыми, разорванно-дождевыми, либо без них.;100%.;300-600;;;2;6,6;7;12;Затопленная водой.;7;;
08.05.2021 6:00;8,7;744,1;758,5;0;81;Ветер, дующий с юго-юго-востока;1;;;100%.;Дождь незамерзающий с перерывами слабый в срок наблюдения. ;Облака покрывали более половины неба в течение всего соответствующего периода.;Облака покрывали более половины неба в течение всего соответствующего периода.;8,7;;"Слоистые разорванные или кучевые разорванные облака плохой погоды, либо те и другие вместе (разорванно-дождевые); обычно расположены под слоистыми или слоисто-дождевыми облаками.";100%.;300-600;Высокослоистые непросвечивающие или слоисто-дождевые.;;4;5,6;0,4;12;;;;
08.05.2021 3:00;10,2;744,1;758,3;-0,8;47;Ветер, дующий с юго-востока;1;;;100%.; ;;;;;Слоисто-кучевых, слоистых, кучевых или кучево-дождевых облаков нет.;40%.;2500 или более, или облаков нет.;Высококучевые просвечивающие, расположенные на одном уровне.;Перистые (часто в виде полос) и перисто-слоистые, распространяющиеся по небу и в целом обычно уплотняющиеся, но сплошная пелена поднимается над горизонтом менее чем на 45°.;;-0,6;;;;;;
08.05.2021 0:00;9,8;744,9;759,2;0;49;Штиль, безветрие;0;;;100%.; ;;;;;Слоисто-кучевых, слоистых, кучевых или кучево-дождевых облаков нет.;Облаков нет.;2500 или более, или облаков нет.;Высококучевых, высокослоистых или слоисто-дождевых облаков нет.;Перистые когтевидные или нитевидные или первые и вторые, распространяющиеся по небу и в целом обычно уплотняющиеся.;;-0,6;;;;;;
07.05.2021 21:00;12;744,9;759,1;0,5;36;Штиль, безветрие;0;;;20–30%.; ;;;;16;Слоисто-кучевых, слоистых, кучевых или кучево-дождевых облаков нет.;Облаков нет.;2500 или более, или облаков нет.;Высококучевых, высокослоистых или слоисто-дождевых облаков нет.;Перистые нитевидные, иногда когтевидные, не распространяющиеся по небу.;10;-2,7;Осадков нет;12;;;;
07.05.2021 18:00;14,9;744,4;758,5;-0,3;27;Ветер, дующий с юго-юго-запада;1;;;70 – 80%.; ;;;;;Кучевые и слоисто-кучевые (но не слоисто-кучевые, образовавшиеся из кучевых), основания расположены на разных уровнях.;50%.;600-1000;Высококучевые просвечивающие, расположенные на одном уровне.;Перистые плотные, образовавшиеся от кучево-дождевых.;10;-3,8;Осадков нет;12;;;;
07.05.2021 15:00;14,4;744,7;758,8;0,1;30;Ветер, дующий с юга;1;;;70 – 80%.; ;;;;;Кучевые и слоисто-кучевые (но не слоисто-кучевые, образовавшиеся из кучевых), основания расположены на разных уровнях.;70 – 80%.;600-1000;Высококучевых, высокослоистых или слоисто-дождевых облаков нет.;Перистых, перисто-кучевых или перисто-слоистых нет.;10;-2,9;;;;;;
07.05.2021 12:00;12,1;744,6;758,8;0,6;39;Ветер, дующий с запада;1;;;70 – 80%.; ;;;;;"Кучевые средние или мощные или вместе с кучевыми разорванными, или с кучевыми плоскими, или со слоисто-кучевыми, либо без них; основания всех этих облаков расположены на одном уровне.";70 – 80%.;600-1000;Высококучевых, высокослоистых или слоисто-дождевых облаков нет.;Перистых, перисто-кучевых или перисто-слоистых нет.;10;-1,5;;;;;;
07.05.2021 9:00;10,2;744;758,2;0,8;57;Ветер, дующий с запада;1;;;50%.; ;;;5,5;;Слоисто-кучевых, слоистых, кучевых или кучево-дождевых облаков нет.;20–30%.;2500 или более, или облаков нет.;Высококучевые просвечивающие, расположенные на одном уровне.;Перистые (часто в виде полос) и перисто-слоистые, распространяющиеся по небу и в целом обычно уплотняющиеся, но сплошная пелена поднимается над горизонтом менее чем на 45°.;10;2;Осадков нет;12;Затопленная водой.;6;;
07.05.2021 6:00;6,5;743,2;757,7;0,5;74;Ветер, дующий с северо-запада;1;;;60%.; ;;;5,5;;Слоисто-кучевые, образовавшиеся не из кучевых.;40%.;600-1000;Высококучевые просвечивающие, расположенные на одном уровне.;Перистых, перисто-кучевых или перисто-слоистых нет.;10;2,2;0,1;12;;;;
07.05.2021 3:00;6,8;742,7;757,1;0,9;72;Ветер, дующий с запада;1;;;Облаков нет.; ;;;;;;;;;;;2,1;;;;;;
07.05.2021 0:00;9,3;741,8;756,1;1,2;78;Ветер, дующий с юго-запада;1;;;50%.; ;;;;;Слоисто-кучевые, образовавшиеся не из кучевых.;50%.;600-1000;Высококучевых, высокослоистых или слоисто-дождевых облаков нет.;Перистых, перисто-кучевых или перисто-слоистых нет.;;5,6;;;;;;
06.05.2021 21:00;10,8;740,6;754,7;1,9;75;Ветер, дующий с западо-юго-запада;1;;11;100%.;Состояние неба в общем не изменилось. ;Ливень (ливни).;Облака покрывали более половины неба в течение всего соответствующего периода.;;18,5;Слоисто-кучевые, образовавшиеся не из кучевых.;100%.;600-1000;;;10;6,5;0,6;12;;;;
06.05.2021 18:00;14,4;738,7;752,6;-0,4;56;Ветер, дующий с юго-юго-запада;2;;;100%.;Состояние неба в общем не изменилось. ;Ливень (ливни).;Облака покрывали более половины неба в течение всего соответствующего периода.;;;Слоисто-кучевые, образовавшиеся не из кучевых.;100%.;600-1000;;;10;5,6;0,5;12;;;;
06.05.2021 15:00;12,5;739,1;753,1;0,5;74;Ветер, дующий с юга;3;;11;100%.;Ливневый(ые) дождь(и) слабый(ые) в срок наблюдения или за последний час. ;Ливень (ливни).;Облака покрывали более половины неба в течение всего соответствующего периода.;;;Кучево-дождевые лысые с кучевыми, слоисто-кучевыми или слоистыми, либо без них.;100%.;600-1000;;;4;7,9;;;;;;
06.05.2021 12:00;17,8;738,6;752,4;-1;45;Ветер, дующий с юга;2;;11;90  или более, но не 100%; ;;;;;Слоисто-кучевые, образовавшиеся не из кучевых.;90  или более, но не 100%;600-1000;Высококучевых, высокослоистых или слоисто-дождевых облаков нет.;Перистых, перисто-кучевых или перисто-слоистых нет.;10;5,6;;;;;;
06.05.2021 9:00;14,9;739,6;753,5;-0,7;53;Ветер, дующий с юго-юго-востока;2;;;100%.; ;;;4,6;;Слоисто-кучевые, образовавшиеся не из кучевых.;50%.;600-1000;Высококучевые башенкообразные или хлопьевидные.;"Перистые (часто в виде полос) и перисто-слоистые, распространяющиеся по небу и в целом обычно уплотняющиеся; сплошная пелена, поднимающаяся над горизонтом выше 45°, не покрывает всего неба.";10;5,4;Следы осадков;12;Затопленная водой.;6;;
06.05.2021 6:00;5,8;740,3;754,7;-0,7;97;Штиль, безветрие;0;;;Облаков нет.;Дымка. ;Облака покрывали половину неба или менее в течение всего соответствующего периода.;Облака покрывали половину неба или менее в течение всего соответствующего периода.;4,6;;;;;;;4;5,4;0,5;12;;;;
06.05.2021 3:00;5,7;741;755,5;-0,5;94;Штиль, безветрие;0;;;40%.;Дымка. ;Ливень (ливни).;Облака покрывали более половины неба в течение одной части соответствующего периода и половину или менее в течение другой части периода.;;;Слоисто-кучевые, образовавшиеся не из кучевых.;40%.;600-1000;Высококучевых, высокослоистых или слоисто-дождевых облаков нет.;Перистых, перисто-кучевых или перисто-слоистых нет.;;4,8;;;;;;
06.05.2021 0:00;7,1;741,5;755,9;0;92;Штиль, безветрие;0;;;100%.;Дымка. ;Ливень (ливни).;Облака покрывали более половины неба в течение всего соответствующего периода.;;;Слоисто-кучевые, образовавшиеся не из кучевых.;100%.;600-1000;;;;5,8;;;;;;
05.05.2021 21:00;8,5;741,5;755,8;0;92;Штиль, безветрие;0;;;100%.;Ливневый(ые) дождь(и) слабый(ые) в срок наблюдения или за последний час. ;Ливень (ливни).;Облака покрывали более половины неба в течение всего соответствующего периода.;;13,8;Кучево-дождевые лысые с кучевыми, слоисто-кучевыми или слоистыми, либо без них.;100%.;600-1000;;;;7,2;;;;;;
05.05.2021 18:00;10,4;741,5;755,7;0,1;70;Штиль, безветрие;0;;;100%.;Ливневый(ые) дождь(и) слабый(ые) в срок наблюдения или за последний час. ;Ливень (ливни).;Облака покрывали более половины неба в течение всего соответствующего периода.;;;Кучево-дождевые лысые с кучевыми, слоисто-кучевыми или слоистыми, либо без них.;100%.;600-1000;;;4;5,1;0,3;12;;;;
05.05.2021 15:00;13;741,4;755,5;0;43;Ветер, дующий с западо-юго-запада;2;;;100%.; ;;;;;Кучевые и слоисто-кучевые (но не слоисто-кучевые, образовавшиеся из кучевых), основания расположены на разных уровнях.;100%.;600-1000;;;10;0,5;;;;;;
05.05.2021 12:00;12,1;741,4;755,5;0,5;42;Ветер, дующий с запада;2;;;70 – 80%.; ;;;;;Кучевые плоские или кучевые разорванные, или те и другие вместе, не относящиеся к облакам плохой погоды.;70 – 80%.;600-1000;Высококучевых, высокослоистых или слоисто-дождевых облаков нет.;Перистых, перисто-кучевых или перисто-слоистых нет.;10;-0,5;;;;;;
05.05.2021 9:00;8,4;740,9;755,2;0,7;56;Ветер, дующий с запада;2;;;Облаков нет.; ;;;3,9;;;;;;;10;0,1;0,3;12;Затопленная водой.;4;;
05.05.2021 6:00;4,3;740,2;754,7;1;74;Ветер, дующий с западо-северо-запада;2;;;70 – 80%.; ;;;3,9;;Слоисто-кучевых, слоистых, кучевых или кучево-дождевых облаков нет.;Облаков нет.;2500 или более, или облаков нет.;Высококучевых, высокослоистых или слоисто-дождевых облаков нет.;Перистые нитевидные, иногда когтевидные, не распространяющиеся по небу.;10;0,1;0,4;12;;;;
05.05.2021 3:00;4,5;739,2;753,7;0,5;79;Ветер, дующий с запада;1;;;100%.;Состояние неба в общем не изменилось. ;Ливень (ливни).;Облака покрывали более половины неба в течение всего соответствующего периода.;;;Слоисто-кучевые, образовавшиеся не из кучевых.;100%.;600-1000;;;;1,1;;;;;;
05.05.2021 0:00;4,3;738,7;753,2;0,6;82;Ветер, дующий с запада;2;;;100%.;Ливневый(ые) дождь(и). ;Ливень (ливни).;Облака покрывали более половины неба в течение всего соответствующего периода.;;;Кучево-дождевые волокнистые (часто с наковальней), либо с кучево-дождевыми лысыми, кучевыми, слоистыми, разорванно-дождевыми, либо без них.;100%.;600-1000;;;;1,4;;;;;;
04.05.2021 21:00;5;738,1;752,5;1;77;Ветер, дующий с запада;2;;10;100%.;Состояние неба в общем не изменилось. ;Ливень (ливни).;Облака покрывали более половины неба в течение всего соответствующего периода.;;7,5;Кучево-дождевые волокнистые (часто с наковальней), либо с кучево-дождевыми лысыми, кучевыми, слоистыми, разорванно-дождевыми, либо без них.;100%.;600-1000;;;;1,3;2;12;;;;
04.05.2021 18:00;4,7;737,1;751,5;1,3;83;Ветер, дующий с запада;3;;;100%.;Ливневый(ые) дождь(и) слабый(ые) в срок наблюдения или за последний час. ;Ливень (ливни).;Облака покрывали более половины неба в течение всего соответствующего периода.;;;Кучево-дождевые волокнистые (часто с наковальней), либо с кучево-дождевыми лысыми, кучевыми, слоистыми, разорванно-дождевыми, либо без них.;100%.;600-1000;;;10;2;2;12;;;;
04.05.2021 15:00;4,9;735,8;750,2;0,9;79;Ветер, дующий с запада;1;;;100%.;Ливневый(ые) дождь(и) слабый(ые) в срок наблюдения или за последний час. ;Ливень (ливни).;Облака покрывали более половины неба в течение всего соответствующего периода.;;;Кучево-дождевые волокнистые (часто с наковальней), либо с кучево-дождевыми лысыми, кучевыми, слоистыми, разорванно-дождевыми, либо без них.;100%.;600-1000;;;10;1,5;;;;;;
04.05.2021 12:00;4,2;734,9;749,2;1;85;Ветер, дующий с западо-юго-запада;2;;;100%.;Ливневый(ые) дождь(и) слабый(ые) в срок наблюдения или за последний час. ;Ливень (ливни).;Облака покрывали более половины неба в течение всего соответствующего периода.;;;Кучево-дождевые лысые с кучевыми, слоисто-кучевыми или слоистыми, либо без них.;100%.;600-1000;;;4;1,8;;;;;;
04.05.2021 9:00;6,7;733,9;748,1;-0,5;63;Ветер, дующий с юга;2;;;90  или более, но не 100%; ;;;5,2;;Кучевые и слоисто-кучевые (но не слоисто-кучевые, образовавшиеся из кучевых), основания расположены на разных уровнях.;90  или более, но не 100%;600-1000;Высококучевых, высокослоистых или слоисто-дождевых облаков нет.;Перистых, перисто-кучевых или перисто-слоистых нет.;10;0,1;Осадков нет;12;Затопленная водой.;6;;
04.05.2021 6:00;6,5;734,4;748,6;-1;60;Ветер, дующий с юго-юго-запада;2;;;100%.; ;;;6,5;;Слоисто-кучевые, образовавшиеся не из кучевых.;100%.;600-1000;;;10;-0,7;Осадков нет;12;;;;
04.05.2021 3:00;7,3;735,4;749,6;0,1;57;Ветер, дующий с юго-юго-запада;1;;;100%.; ;;;;;Слоисто-кучевые, образовавшиеся не из кучевых.;100%.;600-1000;;;;-0,7;;;;;;
04.05.2021 0:00;9,2;735,3;749,4;0,7;61;Ветер, дующий с запада;1;;;90  или более, но не 100%; ;;;;;Слоисто-кучевые, образовавшиеся не из кучевых.;90  или более, но не 100%;600-1000;Высококучевых, высокослоистых или слоисто-дождевых облаков нет.;Перистых, перисто-кучевых или перисто-слоистых нет.;;2;;;;;;
03.05.2021 21:00;13,3;734,6;748,5;1,5;55;Ветер, дующий с запада;1;;;90  или более, но не 100%;Состояние неба в общем не изменилось. ;Гроза (грозы) с осадками или без них.;Ливень (ливни).;;19,6;Слоисто-кучевые, образовавшиеся не из кучевых.;90  или более, но не 100%;600-1000;Высококучевых, высокослоистых или слоисто-дождевых облаков нет.;Перистых, перисто-кучевых или перисто-слоистых нет.;;4,4;5;12;;;;
03.05.2021 18:00;18;733,1;746,8;-1,3;58;Ветер, дующий с севера;1;;;70 – 80%.;Гроза (с осадками или без них). ;Гроза (грозы) с осадками или без них.;Ливень (ливни).;;;Кучево-дождевые волокнистые (часто с наковальней), либо с кучево-дождевыми лысыми, кучевыми, слоистыми, разорванно-дождевыми, либо без них.;70 – 80%.;600-1000;Высококучевых, высокослоистых или слоисто-дождевых облаков нет.;Перистых, перисто-кучевых или перисто-слоистых нет.;10;9,5;7;12;;;;
03.05.2021 15:00;18,2;734,4;748;-1,2;72;Ветер, дующий с юга;1;;;70 – 80%.;Дымка. ;Ливень (ливни).;Облака покрывали более половины неба в течение всего соответствующего периода.;;;Слоисто-кучевые, образовавшиеся не из кучевых.;70 – 80%.;600-1000;Высококучевых, высокослоистых или слоисто-дождевых облаков нет.;Перистых, перисто-кучевых или перисто-слоистых нет.;10;13,1;;;;;;
03.05.2021 12:00;12,2;735,6;749,5;-1,9;94;Ветер, дующий с юго-юго-востока;2;;;100%.;Ливневый(ые) дождь(и). ;Ливень (ливни).;Облака покрывали более половины неба в течение всего соответствующего периода.;;;"Слоистые разорванные или кучевые разорванные облака плохой погоды, либо те и другие вместе (разорванно-дождевые); обычно расположены под слоистыми или слоисто-дождевыми облаками.";100%.;300-600;;;4;11,3;;;;;;
03.05.2021 9:00;9;737,5;751,7;-3;95;Ветер, дующий с юго-востока;2;;;100%.;Ливневый(ые) дождь(и) умеренный(ые) или сильный(ые) в срок наблюдения или за последний час. ;Ливень (ливни).;Облака покрывали более половины неба в течение всего соответствующего периода.;7,6;;Кучево-дождевые волокнистые (часто с наковальней), либо с кучево-дождевыми лысыми, кучевыми, слоистыми, разорванно-дождевыми, либо без них.;100%.;200-300;;;2;8,3;4;12;Затопленная водой.;8;;
03.05.2021 6:00;8,2;740,5;754,8;-3,1;93;Ветер, дующий с востоко-юго-востока;2;;;100%.;Ливневый(ые) дождь(и). ;Ливень (ливни).;Облака покрывали более половины неба в течение всего соответствующего периода.;7,6;;Кучево-дождевые волокнистые (часто с наковальней), либо с кучево-дождевыми лысыми, кучевыми, слоистыми, разорванно-дождевыми, либо без них.;100%.;300-600;;;4;7,1;2;12;;;;
03.05.2021 3:00;8;743,6;757,9;-2;86;Ветер, дующий с востоко-юго-востока;1;;;100%.;Ливневый(ые) дождь(и) слабый(ые) в срок наблюдения или за последний час. ;Ливень (ливни).;Облака покрывали более половины неба в течение всего соответствующего периода.;;;Кучево-дождевые волокнистые (часто с наковальней), либо с кучево-дождевыми лысыми, кучевыми, слоистыми, разорванно-дождевыми, либо без них.;100%.;300-600;;;;5,7;;;;;;
03.05.2021 0:00;9,6;745,6;759,9;-1,1;67;Ветер, дующий с юго-востока;1;;;100%.; ;;;;;Слоисто-кучевые, образовавшиеся не из кучевых.;100%.;1000-1500;;;;3,8;;;;;;
02.05.2021 21:00;10,1;746,7;761;-0,7;57;Ветер, дующий с юго-востока;1;;;90  или более, но не 100%; ;;;;14,1;Слоисто-кучевых, слоистых, кучевых или кучево-дождевых облаков нет.;70 – 80%.;2500 или более, или облаков нет.;Высококучевые, просвечивающие или плотные в двух или более слоях или высококучевые плотные в одном слое, не распространяющиеся но небу, либо высококучевые с высокослоистыми или слоисто-дождевыми.;Перистые (часто в виде полос) и перисто-слоистые, распространяющиеся по небу и в целом обычно уплотняющиеся, но сплошная пелена поднимается над горизонтом менее чем на 45°.;;1,8;Осадков нет;12;;;;
02.05.2021 18:00;12,8;747,4;761,5;-0,4;43;Ветер, дующий с юго-юго-востока;2;;;70 – 80%.; ;;;;;Слоисто-кучевых, слоистых, кучевых или кучево-дождевых облаков нет.;70 – 80%.;2500 или более, или облаков нет.;Высококучевые просвечивающие, расположенные на одном уровне.;Перистые (часто в виде полос) и перисто-слоистые, распространяющиеся по небу и в целом обычно уплотняющиеся, но сплошная пелена поднимается над горизонтом менее чем на 45°.;10;0,3;Осадков нет;12;;;;
02.05.2021 15:00;13,9;747,8;761,9;-0,5;33;Ветер, дующий с юго-юго-востока;1;;;100%.; ;;;;;Слоисто-кучевые, образовавшиеся не из кучевых.;70 – 80%.;600-1000;Высокослоистые непросвечивающие или слоисто-дождевые.;;10;-2,3;;;;;;
02.05.2021 12:00;13,4;748,3;762,5;-0,5;32;Ветер, дующий с юга;1;;;100%.; ;;;;;Слоисто-кучевые, образовавшиеся не из кучевых.;60%.;600-1000;Высокослоистые просвечивающие.;;10;-3,2;;;;;;
02.05.2021 9:00;11,8;748,8;763;-0,1;35;Ветер, дующий с юго-юго-востока;2;;;70 – 80%.; ;;;4;;Слоисто-кучевые, образовавшиеся не из кучевых.;40%.;600-1000;Высококучевые просвечивающие, расположенные на одном уровне.;Перистых, перисто-кучевых или перисто-слоистых нет.;10;-3,1;Осадков нет;12;Затопленная водой.;5;;
02.05.2021 6:00;7,7;748,9;763,3;0,1;50;Ветер, дующий с юго-юго-востока;1;;;70 – 80%.; ;;;0,4;;Слоисто-кучевые, образовавшиеся не из кучевых.;70 – 80%.;600-1000;Высококучевых, высокослоистых или слоисто-дождевых облаков нет.;Перистых, перисто-кучевых или перисто-слоистых нет.;10;-2,1;Осадков нет;12;;;;
02.05.2021 3:00;6,2;748,8;763,3;0,6;69;Ветер, дующий с юга;1;;;; ;;;;;;;;;;;0,8;;;;;;
02.05.2021 0:00;4;748,2;762,8;0,5;72;Штиль, безветрие;0;;;50%.; ;;;;;Слоисто-кучевых, слоистых, кучевых или кучево-дождевых облаков нет.;50%.;2500 или более, или облаков нет.;Высококучевые просвечивающие, расположенные на одном уровне.;Перистых, перисто-кучевых или перисто-слоистых нет.;;-0,6;;;;;;
01.05.2021 21:00;7,5;747,7;762,1;1,2;54;Штиль, безветрие;0;;;Облаков нет.; ;;;;12,7;;;;;;;-1,2;Осадков нет;12;;;;
01.05.2021 18:00;11,9;746,5;760,7;0,7;30;Ветер, дующий с северо-северо-запада;3;;;40%.; ;;;;;Слоисто-кучевые, образовавшиеся из кучевых.;40%.;600-1000;Высококучевых, высокослоистых или слоисто-дождевых облаков нет.;Перистых, перисто-кучевых или перисто-слоистых нет.;10;-5,4;0,7;12;;;;
01.05.2021 15:00;12,4;745,8;760;1,1;30;Ветер, дующий с западо-северо-запада;2;;;20–30%.; ;;;;;Кучевые плоские или кучевые разорванные, или те и другие вместе, не относящиеся к облакам плохой погоды.;10%  или менее, но не 0;600-1000;Высококучевых, высокослоистых или слоисто-дождевых облаков нет.;Перистые нитевидные, иногда когтевидные, не распространяющиеся по небу.;10;-4,7;;;;;;
01.05.2021 12:00;10,3;744,7;759;1,8;42;Ветер, дующий с западо-северо-запада;1;;;20–30%.; ;;;;;Кучевые плоские или кучевые разорванные, или те и другие вместе, не относящиеся к облакам плохой погоды.;20–30%.;600-1000;Высококучевых, высокослоистых или слоисто-дождевых облаков нет.;Перистые нитевидные, иногда когтевидные, не распространяющиеся по небу.;10;-2,1;;;;;;
01.05.2021 9:00;7,3;742,9;757,3;2,4;74;Ветер, дующий с северо-северо-запада;4;;10;90  или более, но не 100%;Состояние неба в общем не изменилось. ;Ливень (ливни).;Облака покрывали более половины неба в течение всего соответствующего периода.;6,6;;Кучево-дождевые волокнистые (часто с наковальней), либо с кучево-дождевыми лысыми, кучевыми, слоистыми, разорванно-дождевыми, либо без них.;90  или более, но не 100%;600-1000;Высококучевых, высокослоистых или слоисто-дождевых облаков нет.;Перистых, перисто-кучевых или перисто-слоистых нет.;10;3;4;12;Затопленная водой.;8;;
01.05.2021 6:00;8,3;740,5;754,8;1,4;86;Ветер, дующий с запада;1;;;100%.; ;;;8,3;;"Слоистые разорванные или кучевые разорванные облака плохой погоды, либо те и другие вместе (разорванно-дождевые); обычно расположены под слоистыми или слоисто-дождевыми облаками.";100%.;300-600;;;10;6;5;12;;;;
01.05.2021 3:00;9,3;739,1;753,3;0,7;85;Ветер, дующий с запада;1;;;90  или более, но не 100%;Дымка. ;Ливень (ливни).;Облака покрывали более половины неба в течение всего соответствующего периода.;;;Слоисто-кучевые, образовавшиеся не из кучевых.;90  или более, но не 100%;600-1000;Высококучевых, высокослоистых или слоисто-дождевых облаков нет.;Перистых, перисто-кучевых или перисто-слоистых нет.;;6,9;;;;;;
01.05.2021 0:00;11;738,4;752,5;0;90;Ветер, дующий с западо-юго-запада;1;;;100%.;Дымка. ;Ливень (ливни).;Облака покрывали более половины неба в течение всего соответствующего периода.;;;"Слоистые разорванные или кучевые разорванные облака плохой погоды, либо те и другие вместе (разорванно-дождевые); обычно расположены под слоистыми или слоисто-дождевыми облаками.";100%.;300-600;;;;9,4;;;;;;
