# Метеостанция Нижний Новгород, Россия, WMO_ID=27459, выборка с 01.05.2021 по 01.06.2021, все дни;;;;;;;;;;;;;;;;;;;;;;;;;;;;
# Кодировка: UTF-8;;;;;;;;;;;;;;;;;;;;;;;;;;;;
"# Информация предоставлена сайтом ""Расписание Погоды"", rp5.ru";;;;;;;;;;;;;;;;;;;;;;;;;;;;
# Пожалуйста, при использовании данных, любезно указывайте названный сайт.;;;;;;;;;;;;;;;;;;;;;;;;;;;;
# Обозначения метеопараметров см. по адресу http://rp5.ru/archive.php?wmo_id=27459&lang=ru;;;;;;;;;;;;;;;;;;;;;;;;;;;;
#;;;;;;;;;;;;;;;;;;;;;;;;;;;;
Местное время в Нижнем Новгороде;T;Po;P;Pa;U;DD;Ff;ff10;ff3;N;WW;W1;W2;Tn;Tx;Cl;Nh;H;Cm;Ch;VV;Td;RRR;tR;E;Tg;E';sss
01.06.2021 21:00;12,9;749,5;763,7;0,5;59;Штиль, безветрие;0;;;100%.; ;;;;;Слоисто-кучевые, образовавшиеся не из кучевых.;100%.;600-1000;;;10,0;5,0;;;;;;
01.06.2021 18:00;16,0;749,0;763,0;-0,2;40;Ветер, дующий с севера;2;4;5;100%.; ;;;;16,8;Слоисто-кучевые, образовавшиеся не из кучевых.;100%.;600-1000;;;10,0;2,3;Осадков нет;12;;;;
01.06.2021 15:00;16,0;749,2;763,2;-0,1;42;Ветер, дующий с севера;1;4;6;70 – 80%.; ;;;;;Слоисто-кучевые, образовавшиеся не из кучевых.;70 – 80%.;600-1000;Высококучевых, высокослоистых или слоисто-дождевых облаков нет.;Перистых, перисто-кучевых или перисто-слоистых нет.;10,0;2,9;;;;;;
01.06.2021 12:00;14,9;749,3;763,3;0,0;43;Ветер, дующий с севера;2;5;6;70 – 80%.; ;;;;;Слоисто-кучевые, образовавшиеся не из кучевых.;70 – 80%.;600-1000;Высококучевых, высокослоистых или слоисто-дождевых облаков нет.;Перистых, перисто-кучевых или перисто-слоистых нет.;10,0;2,2;;;;;;
01.06.2021 09:00;12,0;749,3;763,5;0,1;55;Ветер, дующий с севера;2;4;4;70 – 80%.; ;;;;;Слоисто-кучевые, образовавшиеся не из кучевых.;70 – 80%.;1000-1500;Высококучевых, высокослоистых или слоисто-дождевых облаков нет.;Перистых, перисто-кучевых или перисто-слоистых нет.;10,0;3,2;;;;;;
01.06.2021 06:00;8,8;749,2;763,5;0,3;74;Штиль, безветрие;0;;;100%.; ;;;7,7;;Слоисто-кучевые, образовавшиеся не из кучевых.;70 – 80%.;1000-1500;"Высококучевые просвечивающие, полосами, либо один или несколько слоев высококучевых просвечивающих, распространяющихся по небу; эти высококучевые в целом уплотняются.";;10,0;4,4;Осадков нет;12;Поверхность почвы влажная.;8,0;;
01.06.2021 03:00;7,7;748,9;763,3;-0,3;74;Ветер, дующий с северо-северо-востока;1;;3;100%.; ;;;;;Слоисто-кучевые, образовавшиеся не из кучевых.;100%.;600-1000;;;10,0;3,3;;;;;;
01.06.2021 00:00;8,5;749,2;763,5;-0,1;70;Ветер, дующий с северо-северо-востока;1;1;3;100%.; ;;;;;Слоисто-кучевые, образовавшиеся не из кучевых.;100%.;600-1000;;;10,0;3,2;;;;;;
31.05.2021 21:00;9,0;749,3;763,6;0,1;66;Ветер, дующий с севера;1;;5;100%.; ;;;;;Слоисто-кучевые, образовавшиеся не из кучевых.;100%.;600-1000;;;10,0;3,0;;;;;;
31.05.2021 18:00;10,0;749,2;763,6;-0,3;57;Ветер, дующий с северо-востока;2;4;7;100%.; ;;;;10,5;Слоисто-кучевые, образовавшиеся не из кучевых.;70 – 80%.;600-1000;Высококучевые просвечивающие, расположенные на одном уровне.;;10,0;1,8;Осадков нет;12;;;;
31.05.2021 15:00;10,2;749,5;763,9;-0,2;57;Ветер, дующий с севера;2;6;6;90  или более, но не 100%; ;;;;;Кучево-дождевые волокнистые (часто с наковальней), либо с кучево-дождевыми лысыми, кучевыми, слоистыми, разорванно-дождевыми, либо без них.;70 – 80%.;600-1000;Высококучевые просвечивающие, расположенные на одном уровне.;Перистых, перисто-кучевых или перисто-слоистых нет.;10,0;2,0;;;;;;
31.05.2021 12:00;9,1;749,7;764,1;-0,1;58;Ветер, дующий с северо-востока;2;6;7;100%.; ;;;;;Слоисто-кучевые, образовавшиеся не из кучевых.;70 – 80%.;1000-1500;Высококучевые просвечивающие, расположенные на одном уровне.;Перистые нитевидные, иногда когтевидные, не распространяющиеся по небу.;10,0;1,1;;;;;;
31.05.2021 09:00;7,4;749,8;764,2;0,3;65;Ветер, дующий с северо-востока;2;4;8;100%.; ;;;;;Слоисто-кучевые, образовавшиеся не из кучевых.;100%.;600-1000;;;10,0;1,1;;;;;;
31.05.2021 06:00;5,2;749,5;764,0;0,3;71;Ветер, дующий с северо-востока;3;6;7;100%.; ;;;4,7;;Слоисто-кучевые, образовавшиеся не из кучевых.;100%.;600-1000;;;10,0;0,3;Осадков нет;12;Поверхность почвы влажная.;5,0;;
31.05.2021 03:00;5,4;749,2;763,7;0,6;71;Ветер, дующий с севера;1;7;8;70 – 80%.; ;;;;;Слоисто-кучевые, образовавшиеся не из кучевых.;70 – 80%.;600-1000;;;10,0;0,6;;;;;;
31.05.2021 00:00;7,3;748,6;763,0;0,3;77;Ветер, дующий с севера;1;2;3;70 – 80%.; ;;;;;Слоисто-кучевые, образовавшиеся не из кучевых.;70 – 80%.;300-600;;;10,0;3,4;;;;;;
30.05.2021 21:00;7,7;748,3;762,7;0,3;76;Ветер, дующий с севера;1;2;6;70 – 80%.;Состояние неба в общем не изменилось. ;Дождь.;Облака покрывали более половины неба в течение всего соответствующего периода.;;;Слоисто-кучевые, образовавшиеся не из кучевых.;70 – 80%.;600-1000;;;10,0;3,6;;;;;;
30.05.2021 18:00;7,9;748,0;762,3;0,3;80;Ветер, дующий с севера;2;5;8;100%.;Состояние неба в общем не изменилось. ;Дождь.;Облака покрывали более половины неба в течение всего соответствующего периода.;;9,6;Слоисто-кучевые, образовавшиеся не из кучевых.;100%.;300-600;;;10,0;4,7;7;12;;;;
30.05.2021 15:00;6,5;747,7;762,1;1,7;93;Ветер, дующий с северо-северо-востока;3;8;10;100%.;Дождь незамерзающий непрерывный слабый в срок наблюдения. ;Дождь.;Облака покрывали более половины неба в течение всего соответствующего периода.;;;"Слоистые разорванные или кучевые разорванные облака плохой погоды, либо те и другие вместе (разорванно-дождевые); обычно расположены под слоистыми или слоисто-дождевыми облаками.";100%.;300-600;;;10,0;5,5;;;;;;
30.05.2021 12:00;6,9;746,0;760,4;1,8;97;Ветер, дующий с северо-северо-востока;3;8;9;100%.;Дождь незамерзающий непрерывный слабый в срок наблюдения. ;Дождь.;Облака покрывали более половины неба в течение всего соответствующего периода.;;;"Слоистые разорванные или кучевые разорванные облака плохой погоды, либо те и другие вместе (разорванно-дождевые); обычно расположены под слоистыми или слоисто-дождевыми облаками.";100%.;300-600;;;10,0;6,5;;;;;;
30.05.2021 09:00;8,1;744,2;758,5;1,5;99;Ветер, дующий с севера;3;6;9;100%.;Дождь незамерзающий непрерывный слабый в срок наблюдения. ;Ливень (ливни).;Дождь.;8,1;;"Слоистые разорванные или кучевые разорванные облака плохой погоды, либо те и другие вместе (разорванно-дождевые); обычно расположены под слоистыми или слоисто-дождевыми облаками.";100%.;300-600;;;10,0;7,9;;;;;;
30.05.2021 06:00;9,5;742,7;756,9;1,1;99;Ветер, дующий с северо-северо-востока;3;7;12;100%.;Ливневый(ые) дождь(и) умеренный(ые) или сильный(ые) в срок наблюдения или за последний час. ;Ливень (ливни).;Облака покрывали более половины неба в течение всего соответствующего периода.;9,5;;Кучево-дождевые волокнистые (часто с наковальней), либо с кучево-дождевыми лысыми, кучевыми, слоистыми, разорванно-дождевыми, либо без них.;100%.;300-600;;;4,0;9,4;8;12;Поверхность почвы сырая (вода застаивается на поверхности и образует малые или большие лужи).;11,0;;
30.05.2021 03:00;11,9;741,6;755,6;0,5;98;Ветер, дующий с севера;3;7;8;90  или более, но не 100%;Ливневый(ые) дождь(и). ;Ливень (ливни).;Облака покрывали более половины неба в течение всего соответствующего периода.;;;Кучево-дождевые волокнистые (часто с наковальней), либо с кучево-дождевыми лысыми, кучевыми, слоистыми, разорванно-дождевыми, либо без них.;60%.;600-1000;Высококучевые просвечивающие, расположенные на одном уровне.;Перистых, перисто-кучевых или перисто-слоистых нет.;10,0;11,6;;;;;;
30.05.2021 00:00;14,4;741,1;754,9;-0,4;100;Ветер, дующий с северо-северо-востока;2;4;6;100%.;Ливневый(ые) дождь(и) слабый(ые) в срок наблюдения или за последний час. ;Ливень (ливни).;Облака покрывали более половины неба в течение всего соответствующего периода.;;;Кучево-дождевые волокнистые (часто с наковальней), либо с кучево-дождевыми лысыми, кучевыми, слоистыми, разорванно-дождевыми, либо без них.;100%.;300-600;;;10,0;14,4;;;;;;
29.05.2021 21:00;15,1;741,5;755,4;0,1;97;Ветер, дующий с северо-запада;1;3;5;70 – 80%.;Ливневый(ые) дождь(и) слабый(ые) в срок наблюдения или за последний час. ;Гроза (грозы) с осадками или без них.;Ливень (ливни).;;;Кучево-дождевые волокнистые (часто с наковальней), либо с кучево-дождевыми лысыми, кучевыми, слоистыми, разорванно-дождевыми, либо без них.;60%.;300-600;Высококучевые просвечивающие, расположенные на одном уровне.;Перистых, перисто-кучевых или перисто-слоистых нет.;10,0;14,7;;;;;;
29.05.2021 18:00;15,9;741,4;755,2;-0,1;97;Ветер, дующий с севера;1;3;9;100%.;Ливневый(ые) дождь(и) слабый(ые) в срок наблюдения или за последний час. ;Гроза (грозы) с осадками или без них.;Ливень (ливни).;;25,2;Кучево-дождевые волокнистые (часто с наковальней), либо с кучево-дождевыми лысыми, кучевыми, слоистыми, разорванно-дождевыми, либо без них.;60%.;600-1000;Высококучевые просвечивающие, расположенные на одном уровне.;Перистые нитевидные, иногда когтевидные, не распространяющиеся по небу.;10,0;15,4;4;12;;;;
29.05.2021 15:00;19,0;741,5;755,2;-0,7;63;Ветер, дующий с севера;4;9;10;90  или более, но не 100%;Гроза, но без осадков, в срок наблюдения. ;Ливень (ливни).;Облака покрывали более половины неба в течение одной части соответствующего периода и половину или менее в течение другой части периода.;;;Кучево-дождевые волокнистые (часто с наковальней), либо с кучево-дождевыми лысыми, кучевыми, слоистыми, разорванно-дождевыми, либо без них.;90  или более, но не 100%;300-600;Высококучевых, высокослоистых или слоисто-дождевых облаков нет.;Перистых, перисто-кучевых или перисто-слоистых нет.;10,0;11,7;;;;;;
29.05.2021 12:00;23,1;742,2;755,7;-0,8;56;Ветер, дующий с запада;1;3;3;40%.;Состояние неба в общем не изменилось. ;Ливень (ливни).;Облака покрывали более половины неба в течение одной части соответствующего периода и половину или менее в течение другой части периода.;;;Кучево-дождевые волокнистые (часто с наковальней), либо с кучево-дождевыми лысыми, кучевыми, слоистыми, разорванно-дождевыми, либо без них.;20–30%.;600-1000;Высококучевых, высокослоистых или слоисто-дождевых облаков нет.;Перистые нитевидные, иногда когтевидные, не распространяющиеся по небу.;10,0;13,8;;;;;;
29.05.2021 09:00;20,2;743,0;756,7;-0,2;72;Ветер, дующий с юго-запада;1;2;2;90  или более, но не 100%;Ливневый(ые) дождь(и). ;Ливень (ливни).;Облака покрывали более половины неба в течение одной части соответствующего периода и половину или менее в течение другой части периода.;;;Кучево-дождевые волокнистые (часто с наковальней), либо с кучево-дождевыми лысыми, кучевыми, слоистыми, разорванно-дождевыми, либо без них.;50%.;600-1000;Высококучевые просвечивающие, расположенные на одном уровне.;Перистые нитевидные, иногда когтевидные, не распространяющиеся по небу.;10,0;15,0;;;;;;
29.05.2021 06:00;17,0;743,2;757,0;-0,6;98;Штиль, безветрие;0;;;70 – 80%.;Ливневый(ые) дождь(и). ;Ливень (ливни).;Облака покрывали более половины неба в течение одной части соответствующего периода и половину или менее в течение другой части периода.;14,0;;Слоисто-кучевые, образовавшиеся не из кучевых.;50%.;600-1000;Высококучевые просвечивающие, расположенные на одном уровне.;Перистые нитевидные, иногда когтевидные, не распространяющиеся по небу.;10,0;16,7;Следы осадков;12;Поверхность почвы влажная.;12,0;;
29.05.2021 03:00;14,5;743,8;757,7;-0,3;100;Штиль, безветрие;0;;;Облаков нет.;Дымка. ;Облака покрывали более половины неба в течение одной части соответствующего периода и половину или менее в течение другой части периода.;Облака покрывали более половины неба в течение одной части соответствующего периода и половину или менее в течение другой части периода.;;;;;;;;4,0;14,5;;;;;;
29.05.2021 00:00;15,9;744,1;758,0;-0,6;98;Штиль, безветрие;0;;;Облаков нет.; ;;;;;;;;;;10,0;15,6;;;;;;
28.05.2021 21:00;17,1;744,7;758,5;-0,3;82;Штиль, безветрие;0;;;70 – 80%.;Состояние неба в общем не изменилось. ;Гроза (грозы) с осадками или без них.;Облака покрывали более половины неба в течение всего соответствующего периода.;;;Кучево-дождевые волокнистые (часто с наковальней), либо с кучево-дождевыми лысыми, кучевыми, слоистыми, разорванно-дождевыми, либо без них.;50%.;600-1000;Высококучевые просвечивающие, расположенные на одном уровне.;Перистых, перисто-кучевых или перисто-слоистых нет.;10,0;13,9;;;;;;
28.05.2021 18:00;20,7;745,0;758,6;-0,6;65;Ветер, дующий с северо-северо-запада;2;5;6;70 – 80%.;Гроза, но без осадков, в срок наблюдения. ;Гроза (грозы) с осадками или без них.;Облака покрывали более половины неба в течение всего соответствующего периода.;;25,0;Кучево-дождевые волокнистые (часто с наковальней), либо с кучево-дождевыми лысыми, кучевыми, слоистыми, разорванно-дождевыми, либо без них.;60%.;600-1000;Высококучевые просвечивающие, расположенные на одном уровне.;Перистых, перисто-кучевых или перисто-слоистых нет.;10,0;13,9;Следы осадков;12;;;;
28.05.2021 15:00;23,9;745,6;759,1;-0,9;46;Ветер, дующий с запада;1;3;6;70 – 80%.; ;;;;;Кучевые плоские или кучевые разорванные, или те и другие вместе, не относящиеся к облакам плохой погоды.;20–30%.;1000-1500;Высококучевые просвечивающие, расположенные на одном уровне.;Перистые нитевидные, иногда когтевидные, не распространяющиеся по небу.;10,0;11,5;;;;;;
28.05.2021 12:00;23,0;746,5;760,1;-0,9;50;Ветер, дующий с юга;1;4;4;70 – 80%.; ;;;;;Слоисто-кучевые, образовавшиеся не из кучевых.;20–30%.;1000-1500;Высококучевые просвечивающие, расположенные на одном уровне.;Перистые нитевидные, иногда когтевидные, не распространяющиеся по небу.;10,0;11,9;;;;;;
28.05.2021 09:00;18,9;747,4;761,2;-0,5;62;Штиль, безветрие;0;;;100%.;Состояние неба в общем не изменилось. ;Дождь.;Облака покрывали более половины неба в течение всего соответствующего периода.;15,3;;Кучевые плоские или кучевые разорванные, или те и другие вместе, не относящиеся к облакам плохой погоды.;60%.;600-1000;Высокослоистые непросвечивающие или слоисто-дождевые.;;10,0;11,5;;;;;;
28.05.2021 06:00;15,4;747,9;761,8;-0,4;73;Штиль, безветрие;0;;;100%.; ;;;15,4;;Слоисто-кучевых, слоистых, кучевых или кучево-дождевых облаков нет.;Облаков нет.;2500 или более, или облаков нет.;Высокослоистые непросвечивающие или слоисто-дождевые.;;10,0;10,5;Осадков нет;12;Поверхность почвы влажная.;14,0;;
28.05.2021 03:00;17,9;748,3;762,1;-0,4;51;Ветер, дующий с западо-северо-запада;1;4;4;100%.; ;;;;;Слоисто-кучевые, образовавшиеся не из кучевых.;100%.;600-1000;;;10,0;7,6;;;;;;
28.05.2021 00:00;17,4;748,7;762,6;-0,6;63;Штиль, безветрие;0;;;100%.; ;;;;;Слоисто-кучевые, образовавшиеся не из кучевых.;100%.;600-1000;;;10,0;10,3;;;;;;
27.05.2021 21:00;18,5;749,3;763,1;0,3;64;Ветер, дующий с запада;1;2;4;100%.; ;;;;;Слоисто-кучевые, образовавшиеся не из кучевых.;100%.;600-1000;;;10,0;11,6;;;;;;
27.05.2021 18:00;22,5;749,0;762,7;-1,0;39;Ветер, дующий с юго-юго-востока;1;2;6;100%.; ;;;;24,9;Слоисто-кучевых, слоистых, кучевых или кучево-дождевых облаков нет.;Облаков нет.;2500 или более, или облаков нет.;Высокослоистые непросвечивающие или слоисто-дождевые.;;10,0;7,7;Осадков нет;12;;;;
27.05.2021 15:00;23,7;750,0;763,6;-0,9;32;Ветер, дующий с юго-юго-запада;1;3;8;70 – 80%.; ;;;;;Кучевые плоские или кучевые разорванные, или те и другие вместе, не относящиеся к облакам плохой погоды.;60%.;2500 или более, или облаков нет.;Высококучевых, высокослоистых или слоисто-дождевых облаков нет.;"Перистые плотные в виде клочьев или скрученных склонов, количество которых обычно не увеличивается, иногда могут казаться остатками верхней части кучево-дождевых; или перистые башенкообразные, или перистые хлопьевидные.";10,0;6,1;;;;;;
27.05.2021 12:00;23,1;750,9;764,5;-0,7;35;Ветер, дующий с юга;2;5;6;70 – 80%.; ;;;;;Слоисто-кучевых, слоистых, кучевых или кучево-дождевых облаков нет.;Облаков нет.;2500 или более, или облаков нет.;Высококучевых, высокослоистых или слоисто-дождевых облаков нет.;"Перистые плотные в виде клочьев или скрученных склонов, количество которых обычно не увеличивается, иногда могут казаться остатками верхней части кучево-дождевых; или перистые башенкообразные, или перистые хлопьевидные.";10,0;6,8;;;;;;
27.05.2021 09:00;19,6;751,6;765,5;-0,5;50;Ветер, дующий с юго-юго-востока;1;4;5;20–30%.; ;;;;;Слоисто-кучевых, слоистых, кучевых или кучево-дождевых облаков нет.;Облаков нет.;2500 или более, или облаков нет.;Высококучевых, высокослоистых или слоисто-дождевых облаков нет.;Перистые нитевидные, иногда когтевидные, не распространяющиеся по небу.;10,0;8,7;;;;;;
27.05.2021 06:00;12,7;752,1;766,3;-0,1;72;Ветер, дующий с востоко-юго-востока;1;4;5;20–30%.; ;;;9,7;;Слоисто-кучевых, слоистых, кучевых или кучево-дождевых облаков нет.;Облаков нет.;2500 или более, или облаков нет.;Высококучевых, высокослоистых или слоисто-дождевых облаков нет.;Перистые нитевидные, иногда когтевидные, не распространяющиеся по небу.;10,0;7,7;Осадков нет;12;Поверхность почвы влажная.;9,0;;
27.05.2021 03:00;10,2;752,2;766,5;0,1;79;Ветер, дующий с востоко-юго-востока;2;4;7;Облаков нет.; ;;;;;;;;;;10,0;6,7;;;;;;
27.05.2021 00:00;14,5;752,1;766,3;0,0;55;Ветер, дующий с востока;3;7;7;Облаков нет.; ;;;;;;;;;;10,0;5,4;;;;;;
26.05.2021 21:00;13,6;752,1;766,3;0,3;62;Штиль, безветрие;0;;;Облаков нет.; ;;;;;;;;;;10,0;6,5;;;;;;
26.05.2021 18:00;19,9;751,8;765,7;-0,5;36;Ветер, дующий с северо-северо-запада;1;2;5;20–30%.; ;;;;20,7;Кучевые плоские или кучевые разорванные, или те и другие вместе, не относящиеся к облакам плохой погоды.;20–30%.;600-1000;Высококучевых, высокослоистых или слоисто-дождевых облаков нет.;Перистых, перисто-кучевых или перисто-слоистых нет.;10,0;4,4;Осадков нет;12;;;;
26.05.2021 15:00;19,4;752,3;766,2;-0,5;38;Ветер, дующий с севера;2;5;7;90  или более, но не 100%; ;;;;;Кучевые плоские или кучевые разорванные, или те и другие вместе, не относящиеся к облакам плохой погоды.;40%.;600-1000;Высококучевых, высокослоистых или слоисто-дождевых облаков нет.;Перистые нитевидные, иногда когтевидные, не распространяющиеся по небу.;10,0;4,7;;;;;;
26.05.2021 12:00;18,2;752,8;766,8;-0,3;43;Ветер, дующий с северо-северо-запада;1;4;5;70 – 80%.; ;;;;;Кучевые плоские или кучевые разорванные, или те и другие вместе, не относящиеся к облакам плохой погоды.;40%.;600-1000;Высококучевых, высокослоистых или слоисто-дождевых облаков нет.;Перистые нитевидные, иногда когтевидные, не распространяющиеся по небу.;10,0;5,3;;;;;;
26.05.2021 09:00;16,9;753,1;767,0;0,5;50;Ветер, дующий с северо-запада;1;3;3;100%.; ;;;;;Слоисто-кучевых, слоистых, кучевых или кучево-дождевых облаков нет.;Облаков нет.;2500 или более, или облаков нет.;Высококучевых, высокослоистых или слоисто-дождевых облаков нет.;Перисто-кучевые одни или перисто-кучевые, сопровождаемые перистыми или перисто-слоистыми, либо те и другие, но перисто-кучевые преобладают среди них.;10,0;6,2;;;;;;
26.05.2021 06:00;12,9;752,6;766,8;0,4;72;Ветер, дующий с северо-запада;1;2;2;50%.; ;;;8,1;;Слоисто-кучевых, слоистых, кучевых или кучево-дождевых облаков нет.;Облаков нет.;2500 или более, или облаков нет.;Высококучевых, высокослоистых или слоисто-дождевых облаков нет.;Перисто-кучевые одни или перисто-кучевые, сопровождаемые перистыми или перисто-слоистыми, либо те и другие, но перисто-кучевые преобладают среди них.;10,0;7,9;Осадков нет;12;Поверхность почвы влажная.;6,0;;
26.05.2021 03:00;8,4;752,2;766,6;0,3;95;Штиль, безветрие;0;;;40%.; ;;;;;Слоисто-кучевых, слоистых, кучевых или кучево-дождевых облаков нет.;Облаков нет.;2500 или более, или облаков нет.;Высококучевых, высокослоистых или слоисто-дождевых облаков нет.;Перистые нитевидные, иногда когтевидные, не распространяющиеся по небу.;10,0;7,6;;;;;;
26.05.2021 00:00;10,1;751,9;766,2;0,6;76;Штиль, безветрие;0;;;20–30%.; ;;;;;Слоисто-кучевых, слоистых, кучевых или кучево-дождевых облаков нет.;Облаков нет.;2500 или более, или облаков нет.;Высококучевых, высокослоистых или слоисто-дождевых облаков нет.;Перистые нитевидные, иногда когтевидные, не распространяющиеся по небу.;10,0;6,0;;;;;;
25.05.2021 21:00;13,2;751,3;765,4;0,5;59;Штиль, безветрие;0;;;20–30%.; ;;;;;Слоисто-кучевых, слоистых, кучевых или кучево-дождевых облаков нет.;Облаков нет.;2500 или более, или облаков нет.;Высококучевых, высокослоистых или слоисто-дождевых облаков нет.;Перистые нитевидные, иногда когтевидные, не распространяющиеся по небу.;10,0;5,3;;;;;;
25.05.2021 18:00;18,7;750,8;764,7;-0,3;39;Ветер, дующий с севера;2;5;6;20–30%.; ;;;;20,4;Слоисто-кучевых, слоистых, кучевых или кучево-дождевых облаков нет.;20–30%.;2500 или более, или облаков нет.;"Клочья (часто чечевицеобразные) высококучевых просвечивающих, непрерывно изменяющихся; расположены на одном или более уровнях.";Перистых, перисто-кучевых или перисто-слоистых нет.;10,0;4,5;Осадков нет;12;;;;
25.05.2021 15:00;19,0;751,1;765,0;-0,1;43;Ветер, дующий с северо-северо-запада;2;6;7;70 – 80%.; ;;;;;"Кучевые средние или мощные или вместе с кучевыми разорванными, или с кучевыми плоскими, или со слоисто-кучевыми, либо без них; основания всех этих облаков расположены на одном уровне.";20–30%.;1000-1500;Высококучевые просвечивающие, расположенные на одном уровне.;Перистых, перисто-кучевых или перисто-слоистых нет.;10,0;6,0;;;;;;
25.05.2021 12:00;19,2;751,2;765,1;-0,2;37;Ветер, дующий с севера;2;6;6;60%.; ;;;;;"Кучевые средние или мощные или вместе с кучевыми разорванными, или с кучевыми плоскими, или со слоисто-кучевыми, либо без них; основания всех этих облаков расположены на одном уровне.";60%.;1000-1500;Высококучевых, высокослоистых или слоисто-дождевых облаков нет.;Перистых, перисто-кучевых или перисто-слоистых нет.;10,0;4,1;;;;;;
25.05.2021 09:00;17,2;751,4;765,4;0,7;52;Ветер, дующий с севера;1;4;4;100%.; ;;;;;Слоисто-кучевых, слоистых, кучевых или кучево-дождевых облаков нет.;20–30%.;2500 или более, или облаков нет.;Высококучевые просвечивающие, расположенные на одном уровне.;Перистые (часто в виде полос) и перисто-слоистые, распространяющиеся по небу и в целом обычно уплотняющиеся, но сплошная пелена поднимается над горизонтом менее чем на 45°.;10,0;7,1;;;;;;
25.05.2021 06:00;14,2;750,7;764,8;0,5;65;Ветер, дующий с западо-северо-запада;1;2;2;100%.; ;;;10,8;;Слоисто-кучевых, слоистых, кучевых или кучево-дождевых облаков нет.;40%.;2500 или более, или облаков нет.;Высококучевые просвечивающие, расположенные на одном уровне.;Перистые когтевидные или нитевидные или первые и вторые, распространяющиеся по небу и в целом обычно уплотняющиеся.;10,0;7,6;Осадков нет;12;Поверхность почвы влажная.;9,0;;
25.05.2021 03:00;12,4;750,2;764,4;0,4;77;Ветер, дующий с запада;1;2;2;90  или более, но не 100%; ;;;;;Слоисто-кучевых, слоистых, кучевых или кучево-дождевых облаков нет.;90  или более, но не 100%;2500 или более, или облаков нет.;Высококучевые просвечивающие, расположенные на одном уровне.;;10,0;8,4;;;;;;
25.05.2021 00:00;11,6;749,8;764,1;0,7;76;Штиль, безветрие;0;;;100%.; ;;;;;Слоисто-кучевых, слоистых, кучевых или кучево-дождевых облаков нет.;Облаков нет.;2500 или более, или облаков нет.;Высококучевых, высокослоистых или слоисто-дождевых облаков нет.;Перисто-слоистые, покрывающие все небо.;10,0;7,4;;;;;;
24.05.2021 21:00;14,9;749,1;763,1;0,5;58;Штиль, безветрие;0;;;100%.; ;;;;;Слоисто-кучевых, слоистых, кучевых или кучево-дождевых облаков нет.;20–30%.;2500 или более, или облаков нет.;"Клочья (часто чечевицеобразные) высококучевых просвечивающих, непрерывно изменяющихся; расположены на одном или более уровнях.";Перистые (часто в виде полос) и перисто-слоистые, распространяющиеся по небу и в целом обычно уплотняющиеся, но сплошная пелена поднимается над горизонтом менее чем на 45°.;10,0;6,6;;;;;;
24.05.2021 18:00;19,2;748,6;762,5;0,5;37;Ветер, дующий с запада;2;4;6;100%.; ;;;;21,1;Слоисто-кучевых, слоистых, кучевых или кучево-дождевых облаков нет.;20–30%.;2500 или более, или облаков нет.;Высококучевые просвечивающие, расположенные на одном уровне.;Перисто-слоистые, покрывающие все небо.;10,0;3,9;Осадков нет;12;;;;
24.05.2021 15:00;20,1;748,1;761,9;-0,6;36;Ветер, дующий с запада;1;4;9;100%.; ;;;;;Слоисто-кучевых, слоистых, кучевых или кучево-дождевых облаков нет.;Облаков нет.;2500 или более, или облаков нет.;Высококучевых, высокослоистых или слоисто-дождевых облаков нет.;"Перистые (часто в виде полос) и перисто-слоистые, распространяющиеся по небу и в целом обычно уплотняющиеся; сплошная пелена, поднимающаяся над горизонтом выше 45°, не покрывает всего неба.";10,0;4,5;;;;;;
24.05.2021 12:00;19,5;748,7;762,5;1,7;41;Ветер, дующий с западо-юго-запада;3;6;9;Облаков нет.; ;;;;;;;;;;10,0;5,9;;;;;;
24.05.2021 09:00;17,0;747,0;760,9;1,1;56;Ветер, дующий с западо-юго-запада;2;5;6;60%.; ;;;;;Слоисто-кучевых, слоистых, кучевых или кучево-дождевых облаков нет.;Облаков нет.;2500 или более, или облаков нет.;Высококучевых, высокослоистых или слоисто-дождевых облаков нет.;Перистые нитевидные, иногда когтевидные, не распространяющиеся по небу.;10,0;8,0;;;;;;
24.05.2021 06:00;13,9;745,9;760,0;1,1;88;Ветер, дующий с запада;2;5;5;20–30%.; ;;;12,3;;Слоисто-кучевых, слоистых, кучевых или кучево-дождевых облаков нет.;Облаков нет.;2500 или более, или облаков нет.;Высококучевых, высокослоистых или слоисто-дождевых облаков нет.;Перистые нитевидные, иногда когтевидные, не распространяющиеся по небу.;10,0;11,9;3;12;Поверхность почвы влажная.;11,0;;
24.05.2021 03:00;12,9;744,8;758,8;-0,5;99;Штиль, безветрие;0;;;90  или более, но не 100%;Состояние неба в общем не изменилось. ;Ливень (ливни).;Облака покрывали более половины неба в течение всего соответствующего периода.;;;Слоисто-кучевых, слоистых, кучевых или кучево-дождевых облаков нет.;20–30%.;2500 или более, или облаков нет.;Высококучевые просвечивающие, расположенные на одном уровне.;Перистые нитевидные, иногда когтевидные, не распространяющиеся по небу.;10,0;12,8;;;;;;
24.05.2021 00:00;12,7;745,3;759,3;-0,3;100;Штиль, безветрие;0;;;90  или более, но не 100%;Состояние неба в общем не изменилось. ;Ливень (ливни).;Облака покрывали более половины неба в течение всего соответствующего периода.;;;Слоисто-кучевые, образовавшиеся не из кучевых.;60%.;1000-1500;Высококучевые просвечивающие, расположенные на одном уровне.;Перистых, перисто-кучевых или перисто-слоистых нет.;10,0;12,7;;;;;;
23.05.2021 21:00;14,1;745,6;759,7;0,1;82;Ветер, дующий с востоко-юго-востока;1;;5;100%.;Ливневый(ые) дождь(и) слабый(ые) в срок наблюдения или за последний час. ;Ливень (ливни).;Облака покрывали более половины неба в течение всего соответствующего периода.;;;Кучево-дождевые волокнистые (часто с наковальней), либо с кучево-дождевыми лысыми, кучевыми, слоистыми, разорванно-дождевыми, либо без них.;100%.;300-600;;;10,0;11,0;;;;;;
23.05.2021 18:00;19,4;745,5;759,3;-1,1;41;Ветер, дующий с востоко-юго-востока;1;3;8;90  или более, но не 100%; ;;;;22,5;Слоисто-кучевые, образовавшиеся не из кучевых.;50%.;1000-1500;Высококучевые просвечивающие, расположенные на одном уровне.;Перистых, перисто-кучевых или перисто-слоистых нет.;10,0;5,9;Осадков нет;12;;;;
23.05.2021 15:00;22,1;746,6;760,3;-1,6;31;Ветер, дующий с востока;2;6;6;90  или более, но не 100%; ;;;;;Слоисто-кучевых, слоистых, кучевых или кучево-дождевых облаков нет.;20–30%.;2500 или более, или облаков нет.;Высококучевые просвечивающие, расположенные на одном уровне.;Перистые нитевидные, иногда когтевидные, не распространяющиеся по небу.;10,0;4,2;;;;;;
23.05.2021 12:00;20,0;748,2;762,0;-0,1;36;Ветер, дующий с востока;2;6;6;100%.; ;;;;;Слоисто-кучевые, образовавшиеся не из кучевых.;50%.;1000-1500;Высококучевых, высокослоистых или слоисто-дождевых облаков нет.;Перисто-слоистые, покрывающие все небо.;10,0;4,6;;;;;;
23.05.2021 09:00;18,4;748,3;762,2;-0,8;42;Ветер, дующий с востока;1;2;2;100%.; ;;;;;Слоисто-кучевых, слоистых, кучевых или кучево-дождевых облаков нет.;Облаков нет.;2500 или более, или облаков нет.;Высококучевых, высокослоистых или слоисто-дождевых облаков нет.;Перистые (часто в виде полос) и перисто-слоистые, распространяющиеся по небу и в целом обычно уплотняющиеся, но сплошная пелена поднимается над горизонтом менее чем на 45°.;10,0;5,1;;;;;;
23.05.2021 06:00;15,0;749,1;763,1;0,5;56;Штиль, безветрие;0;;;60%.; ;;;9,6;;Слоисто-кучевых, слоистых, кучевых или кучево-дождевых облаков нет.;Облаков нет.;2500 или более, или облаков нет.;Высококучевых, высокослоистых или слоисто-дождевых облаков нет.;Перистые когтевидные или нитевидные или первые и вторые, распространяющиеся по небу и в целом обычно уплотняющиеся.;10,0;6,3;Осадков нет;12;Поверхность почвы влажная.;7,0;;
23.05.2021 03:00;10,6;748,6;762,9;0,3;63;Штиль, безветрие;0;;;Облаков нет.; ;;;;;;;;;;10,0;3,7;;;;;;
23.05.2021 00:00;10,8;748,3;762,6;0,5;66;Штиль, безветрие;0;;;Облаков нет.; ;;;;;;;;;;10,0;4,6;;;;;;
22.05.2021 21:00;14,4;747,8;761,8;1,0;46;Штиль, безветрие;0;;;20–30%.; ;;;;;Слоисто-кучевых, слоистых, кучевых или кучево-дождевых облаков нет.;Облаков нет.;2500 или более, или облаков нет.;Высококучевых, высокослоистых или слоисто-дождевых облаков нет.;Перистые нитевидные, иногда когтевидные, не распространяющиеся по небу.;10,0;2,9;;;;;;
22.05.2021 18:00;20,4;746,8;760,5;0,0;25;Ветер, дующий с запада;2;3;6;20–30%.; ;;;;21,0;Слоисто-кучевых, слоистых, кучевых или кучево-дождевых облаков нет.;Облаков нет.;2500 или более, или облаков нет.;Высококучевых, высокослоистых или слоисто-дождевых облаков нет.;Перистые нитевидные, иногда когтевидные, не распространяющиеся по небу.;10,0;-0,2;Осадков нет;12;;;;
22.05.2021 15:00;20,4;746,8;760,6;0,4;32;Ветер, дующий с запада;2;3;7;60%.; ;;;;;Кучевые плоские или кучевые разорванные, или те и другие вместе, не относящиеся к облакам плохой погоды.;60%.;600-1000;Высококучевых, высокослоистых или слоисто-дождевых облаков нет.;Перистых, перисто-кучевых или перисто-слоистых нет.;10,0;2,9;;;;;;
22.05.2021 12:00;18,7;746,4;760,2;0,7;39;Ветер, дующий с западо-северо-запада;2;5;8;70 – 80%.; ;;;;;Кучевые плоские или кучевые разорванные, или те и другие вместе, не относящиеся к облакам плохой погоды.;50%.;600-1000;Высококучевых, высокослоистых или слоисто-дождевых облаков нет.;Перистые нитевидные, иногда когтевидные, не распространяющиеся по небу.;10,0;4,5;;;;;;
22.05.2021 09:00;16,1;745,7;759,7;1,0;54;Ветер, дующий с северо-северо-запада;2;5;5;100%.;Состояние неба в общем не изменилось. ;Дождь.;Облака покрывали более половины неба в течение всего соответствующего периода.;;;Кучевые плоские или кучевые разорванные, или те и другие вместе, не относящиеся к облакам плохой погоды.;20–30%.;1000-1500;Высококучевых, высокослоистых или слоисто-дождевых облаков нет.;Перистые когтевидные или нитевидные или первые и вторые, распространяющиеся по небу и в целом обычно уплотняющиеся.;10,0;6,7;;;;;;
22.05.2021 06:00;13,0;744,7;758,8;0,6;83;Ветер, дующий с северо-северо-запада;1;3;3;100%.;Состояние неба в общем не изменилось. ;Дождь.;Облака покрывали более половины неба в течение всего соответствующего периода.;11,6;;Слоисто-кучевые, образовавшиеся не из кучевых.;50%.;600-1000;Высококучевые просвечивающие, расположенные на одном уровне.;Перисто-кучевые одни или перисто-кучевые, сопровождаемые перистыми или перисто-слоистыми, либо те и другие, но перисто-кучевые преобладают среди них.;10,0;10,2;0,4;12;Поверхность почвы влажная.;13,0;;
22.05.2021 03:00;12,8;744,1;758,2;0,2;78;Ветер, дующий с запада;1;2;4;70 – 80%.;Дождь незамерзающий непрерывный слабый в срок наблюдения. ;Дождь.;Облака покрывали более половины неба в течение всего соответствующего периода.;;;Слоисто-кучевые, образовавшиеся не из кучевых.;70 – 80%.;600-1000;Высококучевых, высокослоистых или слоисто-дождевых облаков нет.;Перистых, перисто-кучевых или перисто-слоистых нет.;10,0;9,0;;;;;;
22.05.2021 00:00;14,1;743,9;757,9;0,1;66;Штиль, безветрие;0;;;70 – 80%.; ;;;;;Слоисто-кучевых, слоистых, кучевых или кучево-дождевых облаков нет.;70 – 80%.;2500 или более, или облаков нет.;Высококучевые просвечивающие, расположенные на одном уровне.;Перистых, перисто-кучевых или перисто-слоистых нет.;10,0;7,9;;;;;;
21.05.2021 21:00;16,4;743,8;757,6;0,9;60;Ветер, дующий с запада;1;4;5;100%.; ;;;;;Слоисто-кучевые, образовавшиеся не из кучевых.;70 – 80%.;600-1000;Высококучевые просвечивающие, расположенные на одном уровне.;Перистые нитевидные, иногда когтевидные, не распространяющиеся по небу.;10,0;8,5;;;;;;
21.05.2021 18:00;18,7;742,9;756,6;0,5;54;Ветер, дующий с западо-юго-запада;2;5;10;100%.; ;;;;20,4;Кучево-дождевые волокнистые (часто с наковальней), либо с кучево-дождевыми лысыми, кучевыми, слоистыми, разорванно-дождевыми, либо без них.;50%.;600-1000;"Клочья (часто чечевицеобразные) высококучевых просвечивающих, непрерывно изменяющихся; расположены на одном или более уровнях.";Перистые нитевидные, иногда когтевидные, не распространяющиеся по небу.;10,0;9,2;Следы осадков;12;;;;
21.05.2021 15:00;19,0;742,4;756,1;0,3;50;Ветер, дующий с юго-юго-запада;2;5;7;60%.;Состояние неба в общем не изменилось. ;Ливень (ливни).;Дождь.;;;Слоисто-кучевые, образовавшиеся не из кучевых.;60%.;600-1000;Высококучевых, высокослоистых или слоисто-дождевых облаков нет.;Перистых, перисто-кучевых или перисто-слоистых нет.;10,0;8,3;;;;;;
21.05.2021 12:00;17,4;742,1;755,9;0,3;63;Ветер, дующий с юго-юго-запада;2;;9;100%.;Дождь (незамерзающий) неливневый. ;Ливень (ливни).;Дождь.;;;Слоисто-кучевые, образовавшиеся не из кучевых.;70 – 80%.;600-1000;Высококучевые просвечивающие, расположенные на одном уровне.;Перистые нитевидные, иногда когтевидные, не распространяющиеся по небу.;10,0;10,2;;;;;;
21.05.2021 09:00;16,0;741,8;755,7;0,7;78;Ветер, дующий с юга;2;6;6;100%.; ;;;;;Кучево-дождевые волокнистые (часто с наковальней), либо с кучево-дождевыми лысыми, кучевыми, слоистыми, разорванно-дождевыми, либо без них.;70 – 80%.;600-1000;Высококучевые просвечивающие, расположенные на одном уровне.;Перисто-кучевые одни или перисто-кучевые, сопровождаемые перистыми или перисто-слоистыми, либо те и другие, но перисто-кучевые преобладают среди них.;10,0;12,2;;;;;;
21.05.2021 06:00;13,8;741,1;755,1;0,3;92;Ветер, дующий с юго-юго-востока;2;4;4;70 – 80%.; ;;;13,2;;Слоисто-кучевых, слоистых, кучевых или кучево-дождевых облаков нет.;60%.;2500 или более, или облаков нет.;Высококучевые просвечивающие, расположенные на одном уровне.;Перистые нитевидные, иногда когтевидные, не распространяющиеся по небу.;10,0;12,5;Следы осадков;12;Поверхность почвы влажная.;12,0;;
21.05.2021 03:00;13,6;740,8;754,8;-0,1;96;Ветер, дующий с юго-востока;1;3;4;90  или более, но не 100%; ;;;;;Слоисто-кучевых, слоистых, кучевых или кучево-дождевых облаков нет.;90  или более, но не 100%;2500 или более, или облаков нет.;Высококучевые просвечивающие, расположенные на одном уровне.;Перистых, перисто-кучевых или перисто-слоистых нет.;10,0;13,0;;;;;;
21.05.2021 00:00;14,8;740,9;754,8;-0,4;94;Ветер, дующий с востоко-юго-востока;1;3;4;70 – 80%.; ;;;;;Слоисто-кучевых, слоистых, кучевых или кучево-дождевых облаков нет.;70 – 80%.;2500 или более, или облаков нет.;Высококучевые просвечивающие, расположенные на одном уровне.;Перистых, перисто-кучевых или перисто-слоистых нет.;10,0;13,8;;;;;;
20.05.2021 21:00;16,7;741,3;755,1;-0,1;83;Ветер, дующий с востоко-юго-востока;1;;4;90  или более, но не 100%;Состояние неба в общем не изменилось. ;Гроза (грозы) с осадками или без них.;Ливень (ливни).;;;Кучево-дождевые волокнистые (часто с наковальней), либо с кучево-дождевыми лысыми, кучевыми, слоистыми, разорванно-дождевыми, либо без них.;20–30%.;600-1000;Высококучевые просвечивающие, расположенные на одном уровне.;Перистых, перисто-кучевых или перисто-слоистых нет.;10,0;13,8;;;;;;
20.05.2021 18:00;16,8;741,4;755,2;0,7;80;Ветер, дующий с юго-востока;1;3;14;70 – 80%.;Состояние неба в общем не изменилось. ;Гроза (грозы) с осадками или без них.;Облака покрывали более половины неба в течение всего соответствующего периода.;;26,5;Слоисто-кучевые, образовавшиеся не из кучевых.;50%.;600-1000;Высококучевые просвечивающие, расположенные на одном уровне.;Перистых, перисто-кучевых или перисто-слоистых нет.;10,0;13,3;7;12;;;;
20.05.2021 15:00;23,6;740,7;754,2;-1,0;42;Ветер, дующий с юго-востока;4;14;14;90  или более, но не 100%;Гроза, но без осадков, в срок наблюдения. ;Гроза (грозы) с осадками или без них.;Облака покрывали более половины неба в течение одной части соответствующего периода и половину или менее в течение другой части периода.;;;Кучево-дождевые волокнистые (часто с наковальней), либо с кучево-дождевыми лысыми, кучевыми, слоистыми, разорванно-дождевыми, либо без них.;90  или более, но не 100%;600-1000;Высококучевых, высокослоистых или слоисто-дождевых облаков нет.;Перистых, перисто-кучевых или перисто-слоистых нет.;10,0;9,9;;;;;;
20.05.2021 12:00;26,2;741,7;755,0;-0,6;36;Ветер, дующий с востоко-юго-востока;3;10;12;50%.; ;;;;;Кучевые плоские или кучевые разорванные, или те и другие вместе, не относящиеся к облакам плохой погоды.;50%.;1000-1500;Высококучевых, высокослоистых или слоисто-дождевых облаков нет.;Перистых, перисто-кучевых или перисто-слоистых нет.;10,0;9,8;;;;;;
20.05.2021 09:00;23,3;742,3;755,8;-0,3;46;Ветер, дующий с востоко-юго-востока;2;;8;Облаков нет.; ;;;;;;;;;;10,0;11,1;;;;;;
20.05.2021 06:00;18,6;742,6;756,3;-0,6;56;Ветер, дующий с востока;2;;8;Облаков нет.; ;;;17,6;;;;;;;10,0;9,6;Осадков нет;12;Поверхность почвы влажная.;15,0;;
20.05.2021 03:00;18,5;743,2;756,9;-0,6;54;Ветер, дующий с востока;3;7;8;Облаков нет.; ;;;;;;;;;;10,0;9,1;;;;;;
20.05.2021 00:00;20,1;743,8;757,4;-0,3;47;Ветер, дующий с востока;2;;8;Облаков нет.; ;;;;;;;;;;10,0;8,4;;;;;;
19.05.2021 21:00;23,6;744,1;757,6;0,3;35;Ветер, дующий с востока;3;6;9;20–30%.; ;;;;;Слоисто-кучевых, слоистых, кучевых или кучево-дождевых облаков нет.;20–30%.;2500 или более, или облаков нет.;Высококучевые просвечивающие, расположенные на одном уровне.;Перистых, перисто-кучевых или перисто-слоистых нет.;10,0;7,1;;;;;;
19.05.2021 18:00;28,2;743,8;757,2;-0,9;28;Ветер, дующий с востока;2;;11;Облаков нет.; ;;;;30,4;;;;;;10,0;8,1;Осадков нет;12;;;;
19.05.2021 15:00;30,0;744,7;757,9;-0,5;30;Ветер, дующий с востоко-юго-востока;3;8;11;Облаков нет.; ;;;;;;;;;;10,0;10,6;;;;;;
19.05.2021 12:00;28,6;745,2;758,5;-0,2;31;Ветер, дующий с востоко-юго-востока;3;7;8;Облаков нет.; ;;;;;;;;;;10,0;9,7;;;;;;
19.05.2021 09:00;24,3;745,4;759,0;0,0;42;Ветер, дующий с востоко-юго-востока;2;7;7;Облаков нет.; ;;;;;;;;;;10,0;10,6;;;;;;
19.05.2021 06:00;19,4;745,4;759,1;-0,2;58;Ветер, дующий с востока;3;6;9;40%.; ;;;18,5;;Кучевые плоские или кучевые разорванные, или те и другие вместе, не относящиеся к облакам плохой погоды.;20–30%.;1000-1500;Высококучевые просвечивающие, расположенные на одном уровне.;Перистых, перисто-кучевых или перисто-слоистых нет.;10,0;11,0;Осадков нет;12;Поверхность почвы влажная.;16,0;;
19.05.2021 03:00;19,8;745,6;759,3;0,0;56;Ветер, дующий с востока;3;7;7;40%.; ;;;;;Слоисто-кучевые, образовавшиеся не из кучевых.;40%.;600-1000;Высококучевых, высокослоистых или слоисто-дождевых облаков нет.;Перистых, перисто-кучевых или перисто-слоистых нет.;10,0;10,8;;;;;;
19.05.2021 00:00;21,4;745,6;759,3;0,0;51;Ветер, дующий с востока;2;6;8;Облаков нет.; ;;;;;;;;;;10,0;10,9;;;;;;
18.05.2021 21:00;25,3;745,6;759,0;-0,1;33;Ветер, дующий с востока;3;6;6;20–30%.; ;;;;;Слоисто-кучевых, слоистых, кучевых или кучево-дождевых облаков нет.;Облаков нет.;2500 или более, или облаков нет.;Высококучевых, высокослоистых или слоисто-дождевых облаков нет.;Перистые нитевидные, иногда когтевидные, не распространяющиеся по небу.;10,0;7,8;;;;;;
18.05.2021 18:00;30,0;745,7;759,0;-0,5;24;Ветер, дующий с востока;2;4;8;60%.; ;;;;31,7;Слоисто-кучевых, слоистых, кучевых или кучево-дождевых облаков нет.;Облаков нет.;2500 или более, или облаков нет.;Высококучевых, высокослоистых или слоисто-дождевых облаков нет.;Перистые нитевидные, иногда когтевидные, не распространяющиеся по небу.;10,0;7,0;Осадков нет;12;;;;
18.05.2021 15:00;30,6;746,2;759,5;-0,9;18;Ветер, дующий с востоко-юго-востока;2;5;7;60%.; ;;;;;Кучевые плоские или кучевые разорванные, или те и другие вместе, не относящиеся к облакам плохой погоды.;40%.;1000-1500;Высококучевых, высокослоистых или слоисто-дождевых облаков нет.;Перистые нитевидные, иногда когтевидные, не распространяющиеся по небу.;10,0;3,3;;;;;;
18.05.2021 12:00;30,4;747,1;760,3;0,0;29;Ветер, дующий с востоко-юго-востока;1;4;5;100%.; ;;;;;Слоисто-кучевых, слоистых, кучевых или кучево-дождевых облаков нет.;Облаков нет.;2500 или более, или облаков нет.;Высококучевых, высокослоистых или слоисто-дождевых облаков нет.;Перистые когтевидные или нитевидные или первые и вторые, распространяющиеся по небу и в целом обычно уплотняющиеся.;10,0;10,6;;;;;;
18.05.2021 09:00;24,9;747,1;760,6;0,0;45;Ветер, дующий с востока;1;3;4;100%.; ;;;;;"Кучевые средние или мощные или вместе с кучевыми разорванными, или с кучевыми плоскими, или со слоисто-кучевыми, либо без них; основания всех этих облаков расположены на одном уровне.";20–30%.;600-1000;Высококучевых, высокослоистых или слоисто-дождевых облаков нет.;Перистые когтевидные или нитевидные или первые и вторые, распространяющиеся по небу и в целом обычно уплотняющиеся.;10,0;12,3;;;;;;
18.05.2021 06:00;19,4;747,1;760,8;0,2;65;Штиль, безветрие;0;;;70 – 80%.; ;;;15,4;;Слоисто-кучевых, слоистых, кучевых или кучево-дождевых облаков нет.;Облаков нет.;2500 или более, или облаков нет.;Высококучевых, высокослоистых или слоисто-дождевых облаков нет.;Перистые когтевидные или нитевидные или первые и вторые, распространяющиеся по небу и в целом обычно уплотняющиеся.;10,0;12,7;Осадков нет;12;Поверхность почвы влажная.;13,0;;
18.05.2021 03:00;18,9;746,9;760,7;0,0;62;Штиль, безветрие;0;;;Облаков нет.; ;;;;;;;;;;10,0;11,4;;;;;;
18.05.2021 00:00;22,0;746,9;760,6;-0,1;52;Ветер, дующий с востоко-юго-востока;2;5;;100%.; ;;;;;Слоисто-кучевых, слоистых, кучевых или кучево-дождевых облаков нет.;Облаков нет.;2500 или более, или облаков нет.;Высококучевых, высокослоистых или слоисто-дождевых облаков нет.;Перисто-слоистые, покрывающие все небо.;10,0;11,8;;;;;;
17.05.2021 21:00;24,8;747,0;760,5;0,4;44;Ветер, дующий с востока;2;4;;100%.; ;;;;;Слоисто-кучевых, слоистых, кучевых или кучево-дождевых облаков нет.;Облаков нет.;2500 или более, или облаков нет.;Высококучевых, высокослоистых или слоисто-дождевых облаков нет.;Перистые когтевидные или нитевидные или первые и вторые, распространяющиеся по небу и в целом обычно уплотняющиеся.;10,0;11,6;;;;;;
17.05.2021 18:00;28,5;746,6;760,0;-0,7;31;Ветер, дующий с востоко-северо-востока;2;5;5;100%.; ;;;;29,3;Слоисто-кучевых, слоистых, кучевых или кучево-дождевых облаков нет.;Облаков нет.;2500 или более, или облаков нет.;Высококучевых, высокослоистых или слоисто-дождевых облаков нет.;Перистые когтевидные или нитевидные или первые и вторые, распространяющиеся по небу и в целом обычно уплотняющиеся.;10,0;9,6;Осадков нет;12;;;;
17.05.2021 15:00;29,1;747,3;760,6;-0,8;29;Ветер, дующий с востоко-юго-востока;1;3;5;50%.; ;;;;;Слоисто-кучевых, слоистых, кучевых или кучево-дождевых облаков нет.;Облаков нет.;2500 или более, или облаков нет.;Высококучевых, высокослоистых или слоисто-дождевых облаков нет.;Перистые (часто в виде полос) и перисто-слоистые, распространяющиеся по небу и в целом обычно уплотняющиеся, но сплошная пелена поднимается над горизонтом менее чем на 45°.;10,0;9,3;;;;;;
17.05.2021 12:00;27,1;748,1;761,5;-0,2;30;Ветер, дующий с востока;2;4;4;100%.; ;;;;;Слоисто-кучевых, слоистых, кучевых или кучево-дождевых облаков нет.;40%.;2500 или более, или облаков нет.;Высококучевые просвечивающие, расположенные на одном уровне.;Перистые когтевидные или нитевидные или первые и вторые, распространяющиеся по небу и в целом обычно уплотняющиеся.;10,0;7,8;;;;;;
17.05.2021 09:00;24,2;748,3;761,9;0,4;35;Ветер, дующий с востоко-северо-востока;2;;;40%.; ;;;;;Слоисто-кучевых, слоистых, кучевых или кучево-дождевых облаков нет.;20–30%.;2500 или более, или облаков нет.;Высококучевые просвечивающие, расположенные на одном уровне.;Перистые нитевидные, иногда когтевидные, не распространяющиеся по небу.;10,0;7,7;;;;;;
17.05.2021 06:00;19,2;747,9;761,7;0,8;64;Штиль, безветрие;0;;;100%.; ;;;13,7;;Слоисто-кучевых, слоистых, кучевых или кучево-дождевых облаков нет.;20–30%.;2500 или более, или облаков нет.;Высококучевые просвечивающие, расположенные на одном уровне.;Перистые когтевидные или нитевидные или первые и вторые, распространяющиеся по небу и в целом обычно уплотняющиеся.;10,0;12,1;Следы осадков;12;Поверхность почвы влажная.;12,0;;
17.05.2021 03:00;14,9;747,1;761,2;0,6;68;Штиль, безветрие;0;;;50%.;Состояние неба в общем не изменилось. ;Ливень (ливни).;Облака покрывали более половины неба в течение одной части соответствующего периода и половину или менее в течение другой части периода.;;;Слоисто-кучевых, слоистых, кучевых или кучево-дождевых облаков нет.;Облаков нет.;2500 или более, или облаков нет.;Высококучевых, высокослоистых или слоисто-дождевых облаков нет.;Перистые нитевидные, иногда когтевидные, не распространяющиеся по небу.;10,0;9,0;;;;;;
17.05.2021 00:00;16,6;746,5;760,4;0,4;62;Штиль, безветрие;0;;;20–30%.;Состояние неба в общем не изменилось. ;Ливень (ливни).;Облака покрывали более половины неба в течение одной части соответствующего периода и половину или менее в течение другой части периода.;;;Слоисто-кучевых, слоистых, кучевых или кучево-дождевых облаков нет.;20–30%.;2500 или более, или облаков нет.;Высококучевые просвечивающие, расположенные на одном уровне.;Перистых, перисто-кучевых или перисто-слоистых нет.;10,0;9,2;;;;;;
16.05.2021 21:00;20,2;746,1;759,8;0,5;45;Штиль, безветрие;0;;;70 – 80%.; ;;;;;Слоисто-кучевые, образовавшиеся не из кучевых.;60%.;600-1000;Высококучевые просвечивающие, расположенные на одном уровне.;Перистых, перисто-кучевых или перисто-слоистых нет.;10,0;7,7;;;;;;
16.05.2021 18:00;26,0;745,6;759,1;-0,6;29;Ветер, дующий с запада;1;3;5;100%.; ;;;;26,7;Слоисто-кучевых, слоистых, кучевых или кучево-дождевых облаков нет.;Облаков нет.;2500 или более, или облаков нет.;Высококучевых, высокослоистых или слоисто-дождевых облаков нет.;Перистые когтевидные или нитевидные или первые и вторые, распространяющиеся по небу и в целом обычно уплотняющиеся.;10,0;6,5;Осадков нет;12;;;;
16.05.2021 15:00;26,2;746,2;759,7;-0,3;30;Ветер, дующий с западо-юго-запада;2;5;7;100%.; ;;;;;Слоисто-кучевых, слоистых, кучевых или кучево-дождевых облаков нет.;Облаков нет.;2500 или более, или облаков нет.;Высококучевых, высокослоистых или слоисто-дождевых облаков нет.;Перистые когтевидные или нитевидные или первые и вторые, распространяющиеся по небу и в целом обычно уплотняющиеся.;10,0;7,1;;;;;;
16.05.2021 12:00;25,7;746,5;760,0;0,2;32;Ветер, дующий с юго-запада;2;5;6;60%.; ;;;;;Кучевые плоские или кучевые разорванные, или те и другие вместе, не относящиеся к облакам плохой погоды.;40%.;1000-1500;Высококучевых, высокослоистых или слоисто-дождевых облаков нет.;Перистые нитевидные, иногда когтевидные, не распространяющиеся по небу.;10,0;7,6;;;;;;
16.05.2021 09:00;26,2;746,2;759,7;0,5;30;Ветер, дующий с западо-юго-запада;2;5;7;100%.; ;;;;;Слоисто-кучевых, слоистых, кучевых или кучево-дождевых облаков нет.;Облаков нет.;2500 или более, или облаков нет.;Высококучевых, высокослоистых или слоисто-дождевых облаков нет.;Перистые когтевидные или нитевидные или первые и вторые, распространяющиеся по небу и в целом обычно уплотняющиеся.;10,0;7,1;;;;;;
16.05.2021 06:00;19,0;745,7;759,5;0,3;61;Ветер, дующий с востоко-юго-востока;1;2;2;20–30%.; ;;;15,5;;Слоисто-кучевых, слоистых, кучевых или кучево-дождевых облаков нет.;Облаков нет.;2500 или более, или облаков нет.;Высококучевых, высокослоистых или слоисто-дождевых облаков нет.;Перистые нитевидные, иногда когтевидные, не распространяющиеся по небу.;10,0;11,2;Осадков нет;12;Поверхность почвы влажная.;13,0;;
16.05.2021 03:00;15,5;745,4;759,4;-0,2;73;Ветер, дующий с востоко-юго-востока;1;1;3;100%.; ;;;;;Слоисто-кучевых, слоистых, кучевых или кучево-дождевых облаков нет.;Облаков нет.;2500 или более, или облаков нет.;Высококучевые просвечивающие, расположенные на одном уровне.;;10,0;10,6;;;;;;
16.05.2021 00:00;17,7;745,6;759,4;0,3;61;Ветер, дующий с юго-юго-востока;1;2;5;70 – 80%.; ;;;;;Слоисто-кучевых, слоистых, кучевых или кучево-дождевых облаков нет.;70 – 80%.;2500 или более, или облаков нет.;Высококучевые просвечивающие, расположенные на одном уровне.;Перистых, перисто-кучевых или перисто-слоистых нет.;10,0;10,1;;;;;;
15.05.2021 21:00;19,7;745,3;759,1;0,8;53;Ветер, дующий с западо-юго-запада;1;3;5;70 – 80%.; ;;;;;Слоисто-кучевых, слоистых, кучевых или кучево-дождевых облаков нет.;Облаков нет.;2500 или более, или облаков нет.;Высококучевые башенкообразные или хлопьевидные.;Перистых, перисто-кучевых или перисто-слоистых нет.;10,0;9,7;;;;;;
15.05.2021 18:00;21,0;744,5;758,2;0,1;50;Ветер, дующий с запада;1;2;16;100%.; ;;;;29,5;Слоисто-кучевых, слоистых, кучевых или кучево-дождевых облаков нет.;Облаков нет.;2500 или более, или облаков нет.;Высокослоистые непросвечивающие или слоисто-дождевые.;;10,0;10,1;Осадков нет;12;;;;
15.05.2021 15:00;29,3;744,4;757,6;-0,3;30;Ветер, дующий с юга;3;8;;70 – 80%.; ;;;;;Слоисто-кучевых, слоистых, кучевых или кучево-дождевых облаков нет.;Облаков нет.;2500 или более, или облаков нет.;Высококучевых, высокослоистых или слоисто-дождевых облаков нет.;Перистые нитевидные, иногда когтевидные, не распространяющиеся по небу.;10,0;10,2;;;;;;
15.05.2021 12:00;28,1;744,7;758,1;-0,6;38;Ветер, дующий с юго-юго-востока;3;7;9;70 – 80%.; ;;;;;Слоисто-кучевых, слоистых, кучевых или кучево-дождевых облаков нет.;Облаков нет.;2500 или более, или облаков нет.;Высококучевых, высокослоистых или слоисто-дождевых облаков нет.;Перистые нитевидные, иногда когтевидные, не распространяющиеся по небу.;10,0;12,5;;;;;;
15.05.2021 09:00;24,1;745,3;758,8;-0,7;51;Ветер, дующий с юго-юго-востока;2;4;5;70 – 80%.; ;;;;;Слоисто-кучевых, слоистых, кучевых или кучево-дождевых облаков нет.;Облаков нет.;2500 или более, или облаков нет.;Высококучевых, высокослоистых или слоисто-дождевых облаков нет.;Перистые нитевидные, иногда когтевидные, не распространяющиеся по небу.;10,0;13,3;;;;;;
15.05.2021 06:00;18,3;746,0;759,8;-0,8;66;Ветер, дующий с юго-востока;1;4;6;60%.; ;;;17,6;;Слоисто-кучевых, слоистых, кучевых или кучево-дождевых облаков нет.;Облаков нет.;2500 или более, или облаков нет.;Высококучевых, высокослоистых или слоисто-дождевых облаков нет.;Перистые нитевидные, иногда когтевидные, не распространяющиеся по небу.;10,0;11,8;Осадков нет;12;Поверхность почвы влажная.;14,0;;
15.05.2021 03:00;19,5;746,8;760,6;-1,1;54;Ветер, дующий с востоко-юго-востока;1;3;5;40%.; ;;;;;Слоисто-кучевых, слоистых, кучевых или кучево-дождевых облаков нет.;Облаков нет.;2500 или более, или облаков нет.;Высококучевых, высокослоистых или слоисто-дождевых облаков нет.;Перистые нитевидные, иногда когтевидные, не распространяющиеся по небу.;10,0;9,9;;;;;;
15.05.2021 00:00;18,8;747,9;761,7;-0,1;57;Штиль, безветрие;0;;;90  или более, но не 100%; ;;;;;Слоисто-кучевых, слоистых, кучевых или кучево-дождевых облаков нет.;90  или более, но не 100%;2500 или более, или облаков нет.;Высококучевые просвечивающие, расположенные на одном уровне.;Перистых, перисто-кучевых или перисто-слоистых нет.;10,0;10,0;;;;;;
14.05.2021 21:00;18,9;748,0;761,8;-0,3;70;Штиль, безветрие;0;;;100%.; ;;;;;Слоисто-кучевых, слоистых, кучевых или кучево-дождевых облаков нет.;Облаков нет.;2500 или более, или облаков нет.;Высококучевых, высокослоистых или слоисто-дождевых облаков нет.;Перистые когтевидные или нитевидные или первые и вторые, распространяющиеся по небу и в целом обычно уплотняющиеся.;10,0;13,2;;;;;;
14.05.2021 18:00;24,3;748,3;761,9;-0,7;44;Ветер, дующий с востока;1;3;3;70 – 80%.; ;;;;25,6;Слоисто-кучевых, слоистых, кучевых или кучево-дождевых облаков нет.;Облаков нет.;2500 или более, или облаков нет.;Высококучевых, высокослоистых или слоисто-дождевых облаков нет.;Перистые нитевидные, иногда когтевидные, не распространяющиеся по небу.;10,0;11,3;Осадков нет;12;;;;
14.05.2021 15:00;24,6;749,0;762,6;-0,8;43;Ветер, дующий с юга;1;2;3;70 – 80%.; ;;;;;Кучевые плоские или кучевые разорванные, или те и другие вместе, не относящиеся к облакам плохой погоды.;50%.;2500 или более, или облаков нет.;Высококучевые просвечивающие, расположенные на одном уровне.;Перистые нитевидные, иногда когтевидные, не распространяющиеся по небу.;10,0;11,2;;;;;;
14.05.2021 12:00;22,8;749,8;763,4;-0,3;48;Ветер, дующий с северо-востока;1;;4;70 – 80%.; ;;;;;Слоисто-кучевых, слоистых, кучевых или кучево-дождевых облаков нет.;20–30%.;2500 или более, или облаков нет.;Высококучевые просвечивающие, расположенные на одном уровне.;Перистые нитевидные, иногда когтевидные, не распространяющиеся по небу.;10,0;11,1;;;;;;
14.05.2021 09:00;19,7;750,1;763,9;-0,2;64;Ветер, дующий с востока;1;3;4;100%.; ;;;;;Слоисто-кучевых, слоистых, кучевых или кучево-дождевых облаков нет.;Облаков нет.;2500 или более, или облаков нет.;Высококучевых, высокослоистых или слоисто-дождевых облаков нет.;Перистые (часто в виде полос) и перисто-слоистые, распространяющиеся по небу и в целом обычно уплотняющиеся, но сплошная пелена поднимается над горизонтом менее чем на 45°.;10,0;12,7;;;;;;
14.05.2021 06:00;14,6;750,3;764,3;0,2;100;Штиль, безветрие;0;;;100%.; ;;;11,3;;Слоисто-кучевых, слоистых, кучевых или кучево-дождевых облаков нет.;Облаков нет.;2500 или более, или облаков нет.;Высококучевых, высокослоистых или слоисто-дождевых облаков нет.;Перистые когтевидные или нитевидные или первые и вторые, распространяющиеся по небу и в целом обычно уплотняющиеся.;10,0;14,6;2;12;Поверхность почвы влажная.;8,0;;
14.05.2021 03:00;11,6;750,1;764,3;0,3;100;Штиль, безветрие;0;;;Облаков нет.; ;;;;;;;;;;10,0;11,6;;;;;;
14.05.2021 00:00;12,8;749,8;763,9;0,6;100;Штиль, безветрие;0;;;20–30%.; ;;;;;Слоисто-кучевых, слоистых, кучевых или кучево-дождевых облаков нет.;20–30%.;2500 или более, или облаков нет.;Высококучевые просвечивающие, расположенные на одном уровне.;Перистых, перисто-кучевых или перисто-слоистых нет.;10,0;12,8;;;;;;
13.05.2021 21:00;14,7;749,2;763,3;-0,2;97;Штиль, безветрие;0;;;40%.;Состояние неба в общем не изменилось. ;Ливень (ливни).;Облака покрывали более половины неба в течение одной части соответствующего периода и половину или менее в течение другой части периода.;;;Слоисто-кучевых, слоистых, кучевых или кучево-дождевых облаков нет.;40%.;2500 или более, или облаков нет.;Высококучевые башенкообразные или хлопьевидные.;Перистых, перисто-кучевых или перисто-слоистых нет.;10,0;14,3;;;;;;
13.05.2021 18:00;19,0;749,4;763,2;-1,2;65;Ветер, дующий с юго-востока;2;4;8;100%.;Ливневый(ые) дождь(и). ;Ливень (ливни).;Облака покрывали более половины неба в течение всего соответствующего периода.;;26,1;Кучево-дождевые волокнистые (часто с наковальней), либо с кучево-дождевыми лысыми, кучевыми, слоистыми, разорванно-дождевыми, либо без них.;50%.;300-600;Высококучевые просвечивающие, расположенные на одном уровне.;Перистые когтевидные или нитевидные или первые и вторые, распространяющиеся по небу и в целом обычно уплотняющиеся.;10,0;12,2;0,4;12;;;;
13.05.2021 15:00;18,7;750,6;764,5;0,2;62;Ветер, дующий с юго-востока;1;3;10;90  или более, но не 100%;Ливневый(ые) дождь(и). ;Ливень (ливни).;Облака покрывали более половины неба в течение всего соответствующего периода.;;;Слоисто-кучевые, образовавшиеся не из кучевых.;90  или более, но не 100%;600-1000;Высококучевых, высокослоистых или слоисто-дождевых облаков нет.;Перистых, перисто-кучевых или перисто-слоистых нет.;10,0;11,3;;;;;;
13.05.2021 12:00;25,2;750,4;764,0;-1,3;29;Ветер, дующий с востоко-юго-востока;3;9;10;100%.; ;;;;;Слоисто-кучевых, слоистых, кучевых или кучево-дождевых облаков нет.;20–30%.;2500 или более, или облаков нет.;Высококучевые просвечивающие, расположенные на одном уровне.;Перистые когтевидные или нитевидные или первые и вторые, распространяющиеся по небу и в целом обычно уплотняющиеся.;10,0;6,1;;;;;;
13.05.2021 09:00;20,5;751,7;765,5;-0,6;42;Ветер, дующий с востока;2;4;6;60%.; ;;;;;Слоисто-кучевых, слоистых, кучевых или кучево-дождевых облаков нет.;60%.;2500 или более, или облаков нет.;Высококучевые просвечивающие, расположенные на одном уровне.;Перистых, перисто-кучевых или перисто-слоистых нет.;10,0;7,2;;;;;;
13.05.2021 06:00;16,9;752,3;766,3;0,0;51;Ветер, дующий с востоко-юго-востока;2;4;4;60%.; ;;;15,5;;Слоисто-кучевых, слоистых, кучевых или кучево-дождевых облаков нет.;60%.;2500 или более, или облаков нет.;"Клочья (часто чечевицеобразные) высококучевых просвечивающих, непрерывно изменяющихся; расположены на одном или более уровнях.";Перистых, перисто-кучевых или перисто-слоистых нет.;10,0;6,7;Осадков нет;12;Поверхность почвы влажная.;12,0;;
13.05.2021 03:00;17,2;752,3;766,3;-0,1;47;Ветер, дующий с востока;2;4;6;70 – 80%.; ;;;;;Слоисто-кучевых, слоистых, кучевых или кучево-дождевых облаков нет.;70 – 80%.;2500 или более, или облаков нет.;Высококучевые просвечивающие, расположенные на одном уровне.;Перистых, перисто-кучевых или перисто-слоистых нет.;10,0;5,7;;;;;;
13.05.2021 00:00;19,0;752,4;766,3;-0,1;38;Ветер, дующий с востока;1;3;3;90  или более, но не 100%; ;;;;;Слоисто-кучевые, образовавшиеся не из кучевых.;70 – 80%.;600-1000;Высококучевые просвечивающие, расположенные на одном уровне.;Перистых, перисто-кучевых или перисто-слоистых нет.;10,0;4,4;;;;;;
12.05.2021 21:00;21,2;752,5;766,3;0,3;32;Ветер, дующий с юго-востока;1;2;8;90  или более, но не 100%; ;;;;;Слоисто-кучевые, образовавшиеся не из кучевых.;90  или более, но не 100%;1000-1500;Высококучевых, высокослоистых или слоисто-дождевых облаков нет.;Перистых, перисто-кучевых или перисто-слоистых нет.;10,0;3,7;;;;;;
12.05.2021 18:00;24,7;752,2;765,8;-0,9;27;Ветер, дующий с востоко-юго-востока;2;8;9;100%.; ;;;;27,3;Слоисто-кучевых, слоистых, кучевых или кучево-дождевых облаков нет.;20–30%.;2500 или более, или облаков нет.;Высококучевые просвечивающие, расположенные на одном уровне.;Перистые когтевидные или нитевидные или первые и вторые, распространяющиеся по небу и в целом обычно уплотняющиеся.;10,0;4,4;Осадков нет;12;;;;
12.05.2021 15:00;26,8;753,1;766,7;-1,2;23;Ветер, дующий с востока;3;9;9;20–30%.; ;;;;;Кучевые плоские или кучевые разорванные, или те и другие вместе, не относящиеся к облакам плохой погоды.;20–30%.;1000-1500;Высококучевых, высокослоистых или слоисто-дождевых облаков нет.;Перистых, перисто-кучевых или перисто-слоистых нет.;10,0;3,8;;;;;;
12.05.2021 12:00;25,8;754,3;767,9;-0,9;32;Ветер, дующий с востоко-юго-востока;3;8;9;70 – 80%.; ;;;;;Слоисто-кучевых, слоистых, кучевых или кучево-дождевых облаков нет.;50%.;2500 или более, или облаков нет.;Высококучевые башенкообразные или хлопьевидные.;Перистые нитевидные, иногда когтевидные, не распространяющиеся по небу.;10,0;8,0;;;;;;
12.05.2021 09:00;20,4;755,2;769,1;-0,6;52;Ветер, дующий с востоко-северо-востока;2;5;6;70 – 80%.; ;;;;;Слоисто-кучевых, слоистых, кучевых или кучево-дождевых облаков нет.;Облаков нет.;2500 или более, или облаков нет.;Высококучевых, высокослоистых или слоисто-дождевых облаков нет.;Перистые нитевидные, иногда когтевидные, не распространяющиеся по небу.;10,0;10,2;;;;;;
12.05.2021 06:00;15,3;755,8;769,9;0,0;66;Ветер, дующий с северо-востока;1;;5;70 – 80%.; ;;;13,9;;Слоисто-кучевых, слоистых, кучевых или кучево-дождевых облаков нет.;Облаков нет.;2500 или более, или облаков нет.;Высококучевых, высокослоистых или слоисто-дождевых облаков нет.;Перистые нитевидные, иногда когтевидные, не распространяющиеся по небу.;10,0;9,0;Осадков нет;12;Поверхность почвы влажная.;11,0;;
12.05.2021 03:00;15,3;755,8;769,9;-0,3;66;Ветер, дующий с северо-востока;1;;5;70 – 80%.; ;;;13,9;;Слоисто-кучевых, слоистых, кучевых или кучево-дождевых облаков нет.;Облаков нет.;2500 или более, или облаков нет.;Высококучевых, высокослоистых или слоисто-дождевых облаков нет.;Перистые нитевидные, иногда когтевидные, не распространяющиеся по небу.;10,0;9,0;Осадков нет;12;Поверхность почвы влажная.;11,0;;
12.05.2021 00:00;18,0;756,1;770,2;0,0;57;Ветер, дующий с востока;2;;6;70 – 80%.; ;;;;;Слоисто-кучевых, слоистых, кучевых или кучево-дождевых облаков нет.;Облаков нет.;2500 или более, или облаков нет.;Высококучевых, высокослоистых или слоисто-дождевых облаков нет.;Перистые нитевидные, иногда когтевидные, не распространяющиеся по небу.;10,0;9,4;;;;;;
11.05.2021 21:00;17,0;756,1;770,1;0,5;64;Ветер, дующий с востоко-северо-востока;1;1;6;70 – 80%.; ;;;;;Слоисто-кучевых, слоистых, кучевых или кучево-дождевых облаков нет.;Облаков нет.;2500 или более, или облаков нет.;Высококучевых, высокослоистых или слоисто-дождевых облаков нет.;Перистые (часто в виде полос) и перисто-слоистые, распространяющиеся по небу и в целом обычно уплотняющиеся, но сплошная пелена поднимается над горизонтом менее чем на 45°.;10,0;10,2;;;;;;
11.05.2021 18:00;22,0;755,6;769,4;-0,2;45;Ветер, дующий с востоко-северо-востока;2;;6;70 – 80%.; ;;;;22,2;Слоисто-кучевых, слоистых, кучевых или кучево-дождевых облаков нет.;Облаков нет.;2500 или более, или облаков нет.;Высококучевых, высокослоистых или слоисто-дождевых облаков нет.;"Перистые (часто в виде полос) и перисто-слоистые, распространяющиеся по небу и в целом обычно уплотняющиеся; сплошная пелена, поднимающаяся над горизонтом выше 45°, не покрывает всего неба.";10,0;9,4;Осадков нет;12;;;;
11.05.2021 15:00;20,9;755,8;769,6;-0,3;49;Ветер, дующий с востока;2;4;7;20–30%.; ;;;;;Слоисто-кучевых, слоистых, кучевых или кучево-дождевых облаков нет.;Облаков нет.;2500 или более, или облаков нет.;Высококучевых, высокослоистых или слоисто-дождевых облаков нет.;Перисто-кучевые одни или перисто-кучевые, сопровождаемые перистыми или перисто-слоистыми, либо те и другие, но перисто-кучевые преобладают среди них.;10,0;9,7;;;;;;
11.05.2021 12:00;17,3;756,1;770,1;0,0;59;Ветер, дующий с северо-северо-востока;2;5;5;20–30%.; ;;;;;Кучевые плоские или кучевые разорванные, или те и другие вместе, не относящиеся к облакам плохой погоды.;20–30%.;1000-1500;Высококучевых, высокослоистых или слоисто-дождевых облаков нет.;Перистых, перисто-кучевых или перисто-слоистых нет.;10,0;9,1;;;;;;
11.05.2021 09:00;10,7;756,1;770,4;0,6;87;Ветер, дующий с северо-востока;2;5;7;100%.; ;;;;;Слоисто-кучевые, образовавшиеся не из кучевых.;50%.;600-1000;Высококучевые просвечивающие, расположенные на одном уровне.;;10,0;8,6;;;;;;
11.05.2021 06:00;7,5;755,5;770,0;0,3;99;Ветер, дующий с северо-северо-востока;2;7;7;100%.; ;;;7,4;;Слоисто-кучевые, образовавшиеся не из кучевых.;100%.;300-600;;;10,0;7,4;Осадков нет;12;Поверхность почвы влажная.;8,0;;
11.05.2021 03:00;7,7;755,2;769,7;0,3;97;Ветер, дующий с северо-востока;2;5;7;70 – 80%.; ;;;;;Слоисто-кучевые, образовавшиеся не из кучевых.;40%.;600-1000;Высококучевые просвечивающие, расположенные на одном уровне.;Перистых, перисто-кучевых или перисто-слоистых нет.;10,0;7,3;;;;;;
11.05.2021 00:00;8,3;754,9;769,4;0,0;95;Ветер, дующий с северо-северо-востока;2;5;8;100%.; ;;;;;Слоисто-кучевые, образовавшиеся не из кучевых.;100%.;600-1000;;;10,0;7,6;;;;;;
10.05.2021 21:00;8,6;754,9;769,4;0,4;94;Ветер, дующий с севера;2;4;7;100%.; ;;;;;Слоисто-кучевые, образовавшиеся не из кучевых.;70 – 80%.;300-600;Высококучевые просвечивающие, расположенные на одном уровне.;;10,0;7,7;;;;;;
10.05.2021 18:00;9,3;754,5;768,9;0,8;91;Ветер, дующий с севера;2;5;7;100%.; ;;;;9,3;"Слоистые разорванные или кучевые разорванные облака плохой погоды, либо те и другие вместе (разорванно-дождевые); обычно расположены под слоистыми или слоисто-дождевыми облаками.";100%.;300-600;;;10,0;7,9;Следы осадков;12;;;;
10.05.2021 15:00;8,3;753,7;768,1;0,8;95;Ветер, дующий с севера;3;6;7;100%.;Состояние неба в общем не изменилось. ;Дождь.;Облака покрывали более половины неба в течение всего соответствующего периода.;;;"Слоистые разорванные или кучевые разорванные облака плохой погоды, либо те и другие вместе (разорванно-дождевые); обычно расположены под слоистыми или слоисто-дождевыми облаками.";100%.;200-300;;;10,0;7,6;;;;;;
10.05.2021 12:00;7,3;752,9;767,4;2,0;99;Ветер, дующий с севера;2;5;7;100%.;Состояние неба в общем не изменилось. ;Дождь.;Облака покрывали более половины неба в течение всего соответствующего периода.;;;"Слоистые разорванные или кучевые разорванные облака плохой погоды, либо те и другие вместе (разорванно-дождевые); обычно расположены под слоистыми или слоисто-дождевыми облаками.";100%.;200-300;;;10,0;7,1;;;;;;
10.05.2021 09:00;6,8;750,9;765,4;2,3;98;Ветер, дующий с северо-северо-запада;2;5;7;100%.;Дождь незамерзающий непрерывный слабый в срок наблюдения. ;Дождь.;Облака покрывали более половины неба в течение всего соответствующего периода.;6,7;;"Слоистые разорванные или кучевые разорванные облака плохой погоды, либо те и другие вместе (разорванно-дождевые); обычно расположены под слоистыми или слоисто-дождевыми облаками.";100%.;200-300;;;10,0;6,5;;;;;;
10.05.2021 06:00;6,7;748,6;763,0;1,7;100;Ветер, дующий с северо-северо-запада;3;6;7;100%.;Дождь незамерзающий непрерывный слабый в срок наблюдения. ;Дождь.;Облака покрывали более половины неба в течение всего соответствующего периода.;6,7;;"Слоистые разорванные или кучевые разорванные облака плохой погоды, либо те и другие вместе (разорванно-дождевые); обычно расположены под слоистыми или слоисто-дождевыми облаками.";100%.;200-300;;;4,0;6,7;7;12;Поверхность почвы сырая (вода застаивается на поверхности и образует малые или большие лужи).;8,0;;
10.05.2021 03:00;7,7;746,9;761,3;1,5;100;Ветер, дующий с северо-запада;2;5;7;100%.;Дождь незамерзающий непрерывный слабый в срок наблюдения. ;Дождь.;Облака покрывали более половины неба в течение всего соответствующего периода.;;;"Слоистые разорванные или кучевые разорванные облака плохой погоды, либо те и другие вместе (разорванно-дождевые); обычно расположены под слоистыми или слоисто-дождевыми облаками.";100%.;200-300;;;4,0;7,7;;;;;;
10.05.2021 00:00;8,4;745,4;759,7;1,1;100;Ветер, дующий с северо-запада;2;5;5;100%.;Дымка. ;Дождь.;Облака покрывали более половины неба в течение всего соответствующего периода.;;;Слоистые туманообразные или слоистые разорванные, либо те и другие, но не относящиеся к облакам плохой погоды.;100%.;200-300;;;2,0;8,4;;;;;;
09.05.2021 21:00;11,0;744,3;758,5;1,5;100;Ветер, дующий с северо-запада;1;2;3;100%.;Дождь незамерзающий непрерывный слабый в срок наблюдения. ;Ливень (ливни).;Дождь.;;;"Слоистые разорванные или кучевые разорванные облака плохой погоды, либо те и другие вместе (разорванно-дождевые); обычно расположены под слоистыми или слоисто-дождевыми облаками.";100%.;300-600;;;10,0;11,0;;;;;;
09.05.2021 18:00;11,5;742,8;756,8;1,2;100;Ветер, дующий с запада;1;2;6;90  или более, но не 100%;Ливневый(ые) дождь(и) слабый(ые) в срок наблюдения или за последний час. ;Ливень (ливни).;Облака покрывали более половины неба в течение всего соответствующего периода.;;17,4;Кучево-дождевые волокнистые (часто с наковальней), либо с кучево-дождевыми лысыми, кучевыми, слоистыми, разорванно-дождевыми, либо без них.;90  или более, но не 100%;300-600;Высококучевых, высокослоистых или слоисто-дождевых облаков нет.;Перистых, перисто-кучевых или перисто-слоистых нет.;10,0;11,5;6;12;;;;
09.05.2021 15:00;14,5;741,6;755,5;0,5;67;Ветер, дующий с северо-запада;2;3;4;90  или более, но не 100%;Состояние неба в общем не изменилось. ;Ливень (ливни).;Облака покрывали более половины неба в течение всего соответствующего периода.;;;Кучево-дождевые волокнистые (часто с наковальней), либо с кучево-дождевыми лысыми, кучевыми, слоистыми, разорванно-дождевыми, либо без них.;70 – 80%.;600-1000;Высококучевые просвечивающие, расположенные на одном уровне.;Перистых, перисто-кучевых или перисто-слоистых нет.;10,0;8,3;;;;;;
09.05.2021 12:00;16,3;741,1;754,9;0,5;52;Ветер, дующий с западо-северо-запада;1;3;6;90  или более, но не 100%;Ливневый(ые) дождь(и). ;Облака покрывали более половины неба в течение всего соответствующего периода.;Облака покрывали более половины неба в течение всего соответствующего периода.;;;Кучево-дождевые волокнистые (часто с наковальней), либо с кучево-дождевыми лысыми, кучевыми, слоистыми, разорванно-дождевыми, либо без них.;70 – 80%.;600-1000;Высококучевые, просвечивающие или плотные в двух или более слоях или высококучевые плотные в одном слое, не распространяющиеся но небу, либо высококучевые с высокослоистыми или слоисто-дождевыми.;Перистых, перисто-кучевых или перисто-слоистых нет.;10,0;6,3;;;;;;
09.05.2021 09:00;15,1;740,6;754,5;0,1;55;Ветер, дующий с юга;2;5;7;100%.;Состояние неба в общем не изменилось. ;Дождь.;Облака покрывали более половины неба в течение всего соответствующего периода.;;;Слоисто-кучевые, образовавшиеся не из кучевых.;50%.;300-600;Высококучевые просвечивающие, расположенные на одном уровне.;Перистые нитевидные, иногда когтевидные, не распространяющиеся по небу.;10,0;6,1;;;;;;
09.05.2021 06:00;11,6;740,5;754,6;-0,2;70;Ветер, дующий с юго-востока;2;4;6;100%.;Состояние неба в общем не изменилось. ;Дождь.;Облака покрывали более половины неба в течение всего соответствующего периода.;11,5;;Слоисто-кучевые, образовавшиеся не из кучевых.;100%.;300-600;;;10,0;6,2;Осадков нет;12;Поверхность почвы влажная.;10,0;;
09.05.2021 03:00;12,7;740,7;754,6;-0,9;61;Ветер, дующий с юго-юго-востока;2;5;5;100%.; ;;;;;Слоисто-кучевые, образовавшиеся не из кучевых.;100%.;300-600;;;10,0;5,4;;;;;;
09.05.2021 00:00;12,9;741,6;755,5;-1,0;66;Ветер, дующий с юго-юго-востока;1;3;6;100%.; ;;;;;Слоисто-кучевые, образовавшиеся не из кучевых.;100%.;300-600;;;10,0;6,7;;;;;;
08.05.2021 21:00;13,7;742,6;756,5;-0,6;50;Ветер, дующий с востоко-юго-востока;1;4;8;70 – 80%.; ;;;;;Слоисто-кучевые, образовавшиеся не из кучевых.;60%.;300-600;Высококучевые просвечивающие, расположенные на одном уровне.;Перистых, перисто-кучевых или перисто-слоистых нет.;10,0;3,3;;;;;;
08.05.2021 18:00;16,9;743,2;757,0;-2,2;37;Ветер, дующий с юго-востока;3;8;10;40%.; ;;;;17,8;Слоисто-кучевых, слоистых, кучевых или кучево-дождевых облаков нет.;20–30%.;2500 или более, или облаков нет.;Высококучевые просвечивающие, расположенные на одном уровне.;Перисто-кучевые одни или перисто-кучевые, сопровождаемые перистыми или перисто-слоистыми, либо те и другие, но перисто-кучевые преобладают среди них.;10,0;1,9;Осадков нет;12;;;;
08.05.2021 15:00;16,5;745,4;759,3;-2,0;28;Ветер, дующий с востоко-юго-востока;3;8;9;100%.; ;;;;;Слоисто-кучевых, слоистых, кучевых или кучево-дождевых облаков нет.;Облаков нет.;2500 или более, или облаков нет.;Высококучевых, высокослоистых или слоисто-дождевых облаков нет.;Перисто-слоистые, покрывающие все небо.;10,0;-2,3;;;;;;
08.05.2021 12:00;15,9;747,4;761,3;-0,6;33;Ветер, дующий с востоко-юго-востока;2;7;7;100%.; ;;;;;Кучевые плоские или кучевые разорванные, или те и другие вместе, не относящиеся к облакам плохой погоды.;20–30%.;1000-1500;Высококучевых, высокослоистых или слоисто-дождевых облаков нет.;Перисто-слоистые, покрывающие все небо.;10,0;-0,3;;;;;;
08.05.2021 09:00;13,9;748,0;762,1;0,0;51;Ветер, дующий с юго-востока;2;5;6;50%.; ;;;;;Слоисто-кучевых, слоистых, кучевых или кучево-дождевых облаков нет.;Облаков нет.;2500 или более, или облаков нет.;Высококучевых, высокослоистых или слоисто-дождевых облаков нет.;Перистые нитевидные, иногда когтевидные, не распространяющиеся по небу.;10,0;3,9;;;;;;
08.05.2021 06:00;7,4;748,0;762,4;0,3;78;Ветер, дующий с юго-востока;1;3;3;50%.; ;;;5,0;;Слоисто-кучевых, слоистых, кучевых или кучево-дождевых облаков нет.;Облаков нет.;2500 или более, или облаков нет.;Высококучевых, высокослоистых или слоисто-дождевых облаков нет.;Перистые нитевидные, иногда когтевидные, не распространяющиеся по небу.;10,0;3,7;Осадков нет;12;Поверхность почвы влажная.;2,0;;
08.05.2021 03:00;5,4;747,7;762,2;0,2;88;Ветер, дующий с юго-юго-востока;1;2;3;Облаков нет.; ;;;;;;;;;;10,0;3,5;;;;;;
08.05.2021 00:00;7,2;747,5;761,9;0,9;82;Ветер, дующий с востоко-юго-востока;1;2;3;60%.; ;;;;;Слоисто-кучевых, слоистых, кучевых или кучево-дождевых облаков нет.;Облаков нет.;2500 или более, или облаков нет.;Высококучевых, высокослоистых или слоисто-дождевых облаков нет.;Перистые нитевидные, иногда когтевидные, не распространяющиеся по небу.;10,0;4,3;;;;;;
07.05.2021 21:00;6,9;746,6;761,0;1,2;84;Ветер, дующий с юго-юго-востока;1;2;4;60%.;Состояние неба в общем не изменилось. ;Дождь.;Облака покрывали более половины неба в течение всего соответствующего периода.;;;Слоисто-кучевых, слоистых, кучевых или кучево-дождевых облаков нет.;Облаков нет.;2500 или более, или облаков нет.;Высококучевых, высокослоистых или слоисто-дождевых облаков нет.;Перистые нитевидные, иногда когтевидные, не распространяющиеся по небу.;10,0;4,3;;;;;;
07.05.2021 18:00;10,1;745,4;759,7;0,3;69;Ветер, дующий с юга;2;3;4;90  или более, но не 100%;Состояние неба в общем не изменилось. ;Дождь.;Облака покрывали более половины неба в течение всего соответствующего периода.;;13,7;Слоисто-кучевых, слоистых, кучевых или кучево-дождевых облаков нет.;Облаков нет.;2500 или более, или облаков нет.;Высококучевых, высокослоистых или слоисто-дождевых облаков нет.;Перистые нитевидные, иногда когтевидные, не распространяющиеся по небу.;10,0;4,7;2;12;;;;
07.05.2021 15:00;7,4;745,1;759,5;0,8;80;Ветер, дующий с юго-востока;1;1;8;100%.;Дождь незамерзающий непрерывный слабый в срок наблюдения. ;Ливень (ливни).;Дождь.;;;"Слоистые разорванные или кучевые разорванные облака плохой погоды, либо те и другие вместе (разорванно-дождевые); обычно расположены под слоистыми или слоисто-дождевыми облаками.";100%.;300-600;;;10,0;4,2;;;;;;
07.05.2021 12:00;9,8;744,3;758,5;1,2;67;Ветер, дующий с западо-северо-запада;3;8;8;100%.; ;;;;;Кучево-дождевые волокнистые (часто с наковальней), либо с кучево-дождевыми лысыми, кучевыми, слоистыми, разорванно-дождевыми, либо без них.;100%.;600-1000;;;10,0;3,9;;;;;;
07.05.2021 09:00;13,4;743,1;757,0;0,5;55;Ветер, дующий с западо-северо-запада;1;3;4;100%.; ;;;;;Кучево-дождевые волокнистые (часто с наковальней), либо с кучево-дождевыми лысыми, кучевыми, слоистыми, разорванно-дождевыми, либо без них.;50%.;600-1000;Высококучевые просвечивающие, расположенные на одном уровне.;Перистые (часто в виде полос) и перисто-слоистые, распространяющиеся по небу и в целом обычно уплотняющиеся, но сплошная пелена поднимается над горизонтом менее чем на 45°.;10,0;4,4;;;;;;
07.05.2021 06:00;12,0;742,6;756,7;0,3;50;Ветер, дующий с западо-юго-запада;1;3;4;100%.; ;;;10,8;;Слоисто-кучевых, слоистых, кучевых или кучево-дождевых облаков нет.;Облаков нет.;2500 или более, или облаков нет.;Высококучевых, высокослоистых или слоисто-дождевых облаков нет.;Перистые (часто в виде полос) и перисто-слоистые, распространяющиеся по небу и в целом обычно уплотняющиеся, но сплошная пелена поднимается над горизонтом менее чем на 45°.;10,0;1,7;Осадков нет;12;Поверхность почвы влажная.;7,0;;
07.05.2021 03:00;11,7;742,3;756,4;0,3;47;Ветер, дующий с юго-юго-востока;1;2;4;100%.; ;;;;;Слоисто-кучевых, слоистых, кучевых или кучево-дождевых облаков нет.;Облаков нет.;2500 или более, или облаков нет.;Высококучевых, высокослоистых или слоисто-дождевых облаков нет.;Перистые когтевидные или нитевидные или первые и вторые, распространяющиеся по небу и в целом обычно уплотняющиеся.;10,0;0,8;;;;;;
07.05.2021 00:00;13,9;742,0;756,0;-0,1;41;Ветер, дующий с юга;1;3;4;100%.; ;;;;;Слоисто-кучевых, слоистых, кучевых или кучево-дождевых облаков нет.;Облаков нет.;2500 или более, или облаков нет.;Высококучевых, высокослоистых или слоисто-дождевых облаков нет.;Перистые когтевидные или нитевидные или первые и вторые, распространяющиеся по небу и в целом обычно уплотняющиеся.;10,0;0,6;;;;;;
06.05.2021 21:00;14,6;742,1;756,1;0,0;43;Ветер, дующий с юго-юго-востока;1;3;9;100%.; ;;;;;Слоисто-кучевых, слоистых, кучевых или кучево-дождевых облаков нет.;Облаков нет.;2500 или более, или облаков нет.;Высококучевых, высокослоистых или слоисто-дождевых облаков нет.;Перистые когтевидные или нитевидные или первые и вторые, распространяющиеся по небу и в целом обычно уплотняющиеся.;10,0;2,2;;;;;;
06.05.2021 18:00;20,0;742,1;755,8;-0,9;26;Ветер, дующий с юго-юго-запада;3;8;;100%.; ;;;;21,0;Слоисто-кучевых, слоистых, кучевых или кучево-дождевых облаков нет.;20–30%.;2500 или более, или облаков нет.;Высококучевые просвечивающие, расположенные на одном уровне.;Перистые (часто в виде полос) и перисто-слоистые, распространяющиеся по небу и в целом обычно уплотняющиеся, но сплошная пелена поднимается над горизонтом менее чем на 45°.;10,0;0,1;Осадков нет;12;;;;
06.05.2021 15:00;20,4;743,0;756,7;-0,4;27;Ветер, дующий с юго-юго-запада;3;7;9;100%.; ;;;;;Кучевые плоские или кучевые разорванные, или те и другие вместе, не относящиеся к облакам плохой погоды.;70 – 80%.;1000-1500;Высококучевых, высокослоистых или слоисто-дождевых облаков нет.;Перистые когтевидные или нитевидные или первые и вторые, распространяющиеся по небу и в целом обычно уплотняющиеся.;10,0;0,5;;;;;;
06.05.2021 12:00;20,1;743,4;757,1;-0,5;29;Ветер, дующий с юго-запада;2;6;7;100%.; ;;;;;Кучевые плоские или кучевые разорванные, или те и другие вместе, не относящиеся к облакам плохой погоды.;70 – 80%.;1000-1500;Высококучевых, высокослоистых или слоисто-дождевых облаков нет.;Перистые когтевидные или нитевидные или первые и вторые, распространяющиеся по небу и в целом обычно уплотняющиеся.;10,0;1,5;;;;;;
06.05.2021 09:00;15,2;743,9;757,9;0,1;43;Ветер, дующий с юга;2;5;5;70 – 80%.; ;;;;;Слоисто-кучевых, слоистых, кучевых или кучево-дождевых облаков нет.;Облаков нет.;2500 или более, или облаков нет.;Высококучевых, высокослоистых или слоисто-дождевых облаков нет.;Перистые нитевидные, иногда когтевидные, не распространяющиеся по небу.;10,0;2,6;;;;;;
06.05.2021 06:00;10,0;743,8;757,9;0,6;64;Ветер, дующий с юго-юго-востока;1;3;3;60%.; ;;;6,6;;Слоисто-кучевых, слоистых, кучевых или кучево-дождевых облаков нет.;60%.;2500 или более, или облаков нет.;Высококучевые просвечивающие, расположенные на одном уровне.;Перистых, перисто-кучевых или перисто-слоистых нет.;10,0;3,4;Осадков нет;12;Поверхность почвы влажная.;4,0;;
06.05.2021 03:00;7,6;743,2;757,5;0,3;68;Штиль, безветрие;0;;;100%.; ;;;;;Слоисто-кучевые, образовавшиеся не из кучевых.;20–30%.;600-1000;Высококучевые просвечивающие, расположенные на одном уровне.;;10,0;2,1;;;;;;
06.05.2021 00:00;8,6;742,9;757,1;0,6;57;Ветер, дующий с юга;1;2;2;70 – 80%.; ;;;;;Слоисто-кучевых, слоистых, кучевых или кучево-дождевых облаков нет.;70 – 80%.;2500 или более, или облаков нет.;Высококучевые просвечивающие, расположенные на одном уровне.;Перистых, перисто-кучевых или перисто-слоистых нет.;10,0;0,5;;;;;;
05.05.2021 21:00;7,8;742,3;756,5;1,0;54;Штиль, безветрие;0;;;60%.; ;;;;;Слоисто-кучевых, слоистых, кучевых или кучево-дождевых облаков нет.;60%.;2500 или более, или облаков нет.;Высококучевые просвечивающие, расположенные на одном уровне.;Перистых, перисто-кучевых или перисто-слоистых нет.;10,0;-0,9;;;;;;
05.05.2021 18:00;11,6;741,3;755,4;0,4;38;Ветер, дующий с западо-северо-запада;2;7;10;60%.; ;;;;11,6;Кучевые плоские или кучевые разорванные, или те и другие вместе, не относящиеся к облакам плохой погоды.;20–30%.;600-1000;Высококучевые просвечивающие, расположенные на одном уровне.;Перистых, перисто-кучевых или перисто-слоистых нет.;10,0;-2,3;Осадков нет;12;;;;
05.05.2021 15:00;9,4;740,9;755,1;1,3;51;Ветер, дующий с запада;3;10;10;70 – 80%.; ;;;;;Кучево-дождевые волокнистые (часто с наковальней), либо с кучево-дождевыми лысыми, кучевыми, слоистыми, разорванно-дождевыми, либо без них.;50%.;600-1000;Высококучевые просвечивающие, расположенные на одном уровне.;Перистых, перисто-кучевых или перисто-слоистых нет.;10,0;-0,4;;;;;;
05.05.2021 12:00;7,9;739,6;753,8;1,4;60;Ветер, дующий с запада;3;7;9;100%.; ;;;;;Кучево-дождевые волокнистые (часто с наковальней), либо с кучево-дождевыми лысыми, кучевыми, слоистыми, разорванно-дождевыми, либо без них.;70 – 80%.;300-600;Высококучевые просвечивающие, расположенные на одном уровне.;;10,0;0,5;;;;;;
05.05.2021 09:00;5,3;738,2;752,5;0,9;71;Ветер, дующий с запада;3;8;8;100%.; ;;;4,3;;Слоисто-кучевые, образовавшиеся не из кучевых.;100%.;300-600;;;10,0;0,5;;;;;;
05.05.2021 06:00;4,6;737,3;751,6;0,6;74;Ветер, дующий с западо-юго-запада;2;4;7;100%.; ;;;4,4;;Слоисто-кучевые, образовавшиеся не из кучевых.;100%.;300-600;;;10,0;0,3;Осадков нет;12;Поверхность почвы влажная.;4,0;;
05.05.2021 03:00;4,8;736,7;751,0;0,1;76;Ветер, дующий с западо-юго-запада;2;7;8;100%.; ;;;;;Слоисто-кучевые, образовавшиеся не из кучевых.;100%.;300-600;;;10,0;0,8;;;;;;
05.05.2021 00:00;5,7;736,6;750,9;0,1;66;Ветер, дующий с западо-юго-запада;2;5;8;100%.; ;;;;;Слоисто-кучевые, образовавшиеся не из кучевых.;100%.;300-600;;;10,0;-0,3;;;;;;
04.05.2021 21:00;7,3;736,5;750,7;0,3;57;Ветер, дующий с юго-запада;2;6;9;100%.;Состояние неба в общем не изменилось. ;Ливень (ливни).;Облака покрывали более половины неба в течение всего соответствующего периода.;;;Слоисто-кучевые, образовавшиеся не из кучевых.;100%.;300-600;;;10,0;-0,8;;;;;;
04.05.2021 18:00;9,3;736,2;750,3;0,3;51;Ветер, дующий с юго-запада;2;6;9;90  или более, но не 100%;Ливневый(ые) дождь(и). ;Ливень (ливни).;Облака покрывали более половины неба в течение всего соответствующего периода.;;14,9;"Слоистые разорванные или кучевые разорванные облака плохой погоды, либо те и другие вместе (разорванно-дождевые); обычно расположены под слоистыми или слоисто-дождевыми облаками.";90  или более, но не 100%;300-600;;;10,0;-0,4;3;12;;;;
04.05.2021 15:00;10,1;735,9;749,9;0,9;52;Ветер, дующий с западо-юго-запада;3;7;9;100%.;Состояние неба в общем не изменилось. ;Ливень (ливни).;Облака покрывали более половины неба в течение всего соответствующего периода.;;;Слоисто-кучевые, образовавшиеся не из кучевых.;100%.;300-600;;;10,0;0,5;;;;;;
04.05.2021 12:00;10,2;735,0;749,0;2,0;70;Ветер, дующий с западо-юго-запада;3;6;8;100%.;Состояние неба в общем не изменилось. ;Ливень (ливни).;Облака покрывали более половины неба в течение всего соответствующего периода.;;;"Слоистые разорванные или кучевые разорванные облака плохой погоды, либо те и другие вместе (разорванно-дождевые); обычно расположены под слоистыми или слоисто-дождевыми облаками.";100%.;300-600;;;10,0;5,0;;;;;;
04.05.2021 09:00;10,7;733,0;747,0;-0,2;100;Ветер, дующий с запада;2;5;7;100%.;Ливневый(ые) дождь(и) слабый(ые) в срок наблюдения или за последний час. ;Ливень (ливни).;Дождь.;10,7;;Кучево-дождевые волокнистые (часто с наковальней), либо с кучево-дождевыми лысыми, кучевыми, слоистыми, разорванно-дождевыми, либо без них.;100%.;300-600;;;10,0;10,7;;;;;;
04.05.2021 06:00;12,8;733,2;747,0;-0,9;100;Ветер, дующий с юга;1;;5;100%.;Дождь незамерзающий непрерывный слабый в срок наблюдения. ;Дождь.;Облака покрывали более половины неба в течение всего соответствующего периода.;12,8;;"Слоистые разорванные или кучевые разорванные облака плохой погоды, либо те и другие вместе (разорванно-дождевые); обычно расположены под слоистыми или слоисто-дождевыми облаками.";100%.;300-600;;;10,0;12,8;9;12;Поверхность почвы сырая (вода застаивается на поверхности и образует малые или большие лужи).;12,0;;
04.05.2021 03:00;13,2;734,1;748,0;-0,7;100;Ветер, дующий с юга;1;3;7;100%.;Состояние неба в общем не изменилось. ;Ливень (ливни).;Облака покрывали более половины неба в течение всего соответствующего периода.;;;Слоистые туманообразные или слоистые разорванные, либо те и другие, но не относящиеся к облакам плохой погоды.;100%.;300-600;;;10,0;13,2;;;;;;
04.05.2021 00:00;13,6;734,8;748,6;-1,0;100;Ветер, дующий с юго-юго-запада;2;5;8;100%.;Ливневый(ые) дождь(и) слабый(ые) в срок наблюдения или за последний час. ;Ливень (ливни).;Облака покрывали более половины неба в течение всего соответствующего периода.;;;Кучево-дождевые волокнистые (часто с наковальней), либо с кучево-дождевыми лысыми, кучевыми, слоистыми, разорванно-дождевыми, либо без них.;100%.;300-600;;;4,0;13,6;;;;;;
03.05.2021 21:00;14,8;735,8;749,5;-1,2;99;Ветер, дующий с юго-востока;2;3;5;100%.;Гроза (с осадками или без них). ;Гроза (грозы) с осадками или без них.;Ливень (ливни).;;;Кучево-дождевые волокнистые (часто с наковальней), либо с кучево-дождевыми лысыми, кучевыми, слоистыми, разорванно-дождевыми, либо без них.;100%.;300-600;;;10,0;14,7;;;;;;
03.05.2021 18:00;14,2;737,0;750,9;-2,2;100;Ветер, дующий с юго-востока;3;5;;90  или более, но не 100%;Ливневый(ые) дождь(и). ;Ливень (ливни).;Облака покрывали более половины неба в течение всего соответствующего периода.;;14,2;Слоисто-кучевые, образовавшиеся не из кучевых.;60%.;300-600;Высококучевые просвечивающие, расположенные на одном уровне.;Перистых, перисто-кучевых или перисто-слоистых нет.;10,0;14,2;15;12;;;;
03.05.2021 15:00;13,2;739,2;753,1;-2,5;100;Ветер, дующий с юго-юго-востока;3;6;6;100%.;Ливневый(ые) дождь(и) слабый(ые) в срок наблюдения или за последний час. ;Ливень (ливни).;Дождь.;;;Кучево-дождевые волокнистые (часто с наковальней), либо с кучево-дождевыми лысыми, кучевыми, слоистыми, разорванно-дождевыми, либо без них.;100%.;300-600;;;4,0;13,2;;;;;;
03.05.2021 12:00;10,1;741,7;755,9;-2,4;88;Ветер, дующий с востоко-юго-востока;3;;10;100%.;Дождь незамерзающий непрерывный слабый в срок наблюдения. ;Дождь.;Облака покрывали более половины неба в течение всего соответствующего периода.;;;"Слоистые разорванные или кучевые разорванные облака плохой погоды, либо те и другие вместе (разорванно-дождевые); обычно расположены под слоистыми или слоисто-дождевыми облаками.";100%.;300-600;;;4,0;8,2;;;;;;
03.05.2021 09:00;7,1;744,1;758,5;-2,5;94;Ветер, дующий с востока;3;8;9;100%.;Дождь незамерзающий непрерывный слабый в срок наблюдения. ;Дождь.;Облака покрывали более половины неба в течение всего соответствующего периода.;6,6;;"Слоистые разорванные или кучевые разорванные облака плохой погоды, либо те и другие вместе (разорванно-дождевые); обычно расположены под слоистыми или слоисто-дождевыми облаками.";90  или более, но не 100%;300-600;Высококучевые, просвечивающие или плотные в двух или более слоях или высококучевые плотные в одном слое, не распространяющиеся но небу, либо высококучевые с высокослоистыми или слоисто-дождевыми.;;10,0;6,2;;;;;;
03.05.2021 06:00;6,8;746,6;761,0;-1,6;95;Ветер, дующий с востока;2;;7;100%.;Дождь незамерзающий непрерывный слабый в срок наблюдения. ;Дождь.;Облака покрывали более половины неба в течение всего соответствующего периода.;6,8;;"Слоистые разорванные или кучевые разорванные облака плохой погоды, либо те и другие вместе (разорванно-дождевые); обычно расположены под слоистыми или слоисто-дождевыми облаками.";90  или более, но не 100%;300-600;Высококучевые, просвечивающие или плотные в двух или более слоях или высококучевые плотные в одном слое, не распространяющиеся но небу, либо высококучевые с высокослоистыми или слоисто-дождевыми.;;4,0;6,1;1;12;Поверхность почвы сырая (вода застаивается на поверхности и образует малые или большие лужи).;6,0;;
03.05.2021 03:00;8,8;748,2;762,6;-0,4;61;Ветер, дующий с востоко-юго-востока;2;4;4;100%.; ;;;;;Слоисто-кучевых, слоистых, кучевых или кучево-дождевых облаков нет.;100%.;2500 или более, или облаков нет.;Высококучевые, просвечивающие или плотные в двух или более слоях или высококучевые плотные в одном слое, не распространяющиеся но небу, либо высококучевые с высокослоистыми или слоисто-дождевыми.;;10,0;1,5;;;;;;
03.05.2021 00:00;7,2;748,6;763,1;-0,5;63;Штиль, безветрие;0;;;100%.; ;;;;;Слоисто-кучевых, слоистых, кучевых или кучево-дождевых облаков нет.;70 – 80%.;2500 или более, или облаков нет.;Высококучевые просвечивающие, расположенные на одном уровне.;Перисто-слоистые, покрывающие все небо.;10,0;0,5;;;;;;
02.05.2021 21:00;9,2;749,1;763,4;0,2;39;Штиль, безветрие;0;;;100%.; ;;;;;Слоисто-кучевых, слоистых, кучевых или кучево-дождевых облаков нет.;Облаков нет.;2500 или более, или облаков нет.;Высококучевых, высокослоистых или слоисто-дождевых облаков нет.;Перистые (часто в виде полос) и перисто-слоистые, распространяющиеся по небу и в целом обычно уплотняющиеся, но сплошная пелена поднимается над горизонтом менее чем на 45°.;10,0;-4,1;;;;;;
02.05.2021 18:00;12,1;748,9;763,2;-0,4;26;Ветер, дующий с юго-юго-запада;1;2;4;90  или более, но не 100%; ;;;;13,4;Слоисто-кучевых, слоистых, кучевых или кучево-дождевых облаков нет.;Облаков нет.;2500 или более, или облаков нет.;Высококучевых, высокослоистых или слоисто-дождевых облаков нет.;Перисто-слоистые, не распространяющиеся по небу и не покрывающие его полностью.;10,0;-7,1;Осадков нет;12;;;;
02.05.2021 15:00;12,5;749,3;763,5;-0,5;24;Ветер, дующий с востоко-северо-востока;1;;6;100%.; ;;;;;Слоисто-кучевые, образовавшиеся не из кучевых.;20–30%.;600-1000;Высококучевых, высокослоистых или слоисто-дождевых облаков нет.;Перистые (часто в виде полос) и перисто-слоистые, распространяющиеся по небу и в целом обычно уплотняющиеся, но сплошная пелена поднимается над горизонтом менее чем на 45°.;10,0;-7,4;;;;;;
02.05.2021 12:00;12,7;749,8;763,9;-0,2;26;Ветер, дующий с запада;1;3;5;50%.; ;;;;;Кучевые плоские или кучевые разорванные, или те и другие вместе, не относящиеся к облакам плохой погоды.;20–30%.;1000-1500;Высококучевых, высокослоистых или слоисто-дождевых облаков нет.;Перистые нитевидные, иногда когтевидные, не распространяющиеся по небу.;10,0;-6,6;;;;;;
02.05.2021 09:00;9,6;750,0;764,3;0,7;40;Ветер, дующий с западо-юго-запада;2;4;4;20–30%.; ;;;;;Слоисто-кучевых, слоистых, кучевых или кучево-дождевых облаков нет.;20–30%.;2500 или более, или облаков нет.;Высококучевые просвечивающие, расположенные на одном уровне.;Перистых, перисто-кучевых или перисто-слоистых нет.;10,0;-3,6;;;;;;
02.05.2021 06:00;5,8;749,3;763,8;0,9;59;Штиль, безветрие;0;;;20–30%.; ;;;1,6;;Слоисто-кучевых, слоистых, кучевых или кучево-дождевых облаков нет.;20–30%.;2500 или более, или облаков нет.;Высококучевые просвечивающие, расположенные на одном уровне.;Перистых, перисто-кучевых или перисто-слоистых нет.;10,0;-1,7;Осадков нет;12;Поверхность почвы влажная.;0,0;;
02.05.2021 03:00;1,8;748,4;763,1;1,0;77;Штиль, безветрие;0;;;Облаков нет.; ;;;;;;;;;;10,0;-1,9;;;;;;
02.05.2021 00:00;5,3;747,4;761,9;1,5;57;Ветер, дующий с северо-северо-запада;1;2;4;Облаков нет.; ;;;;;;;;;;10,0;-2,7;;;;;;
01.05.2021 21:00;6,4;745,9;760,3;1,8;65;Штиль, безветрие;0;;;50%.; ;;;;;Слоисто-кучевых, слоистых, кучевых или кучево-дождевых облаков нет.;50%.;2500 или более, или облаков нет.;Высококучевые просвечивающие, расположенные на одном уровне.;Перистых, перисто-кучевых или перисто-слоистых нет.;10,0;0,3;;;;;;
01.05.2021 18:00;9,9;744,1;758,3;1,7;58;Ветер, дующий с северо-северо-запада;2;5;8;90  или более, но не 100%; ;;;;13,0;Слоисто-кучевые, образовавшиеся не из кучевых.;70 – 80%.;600-1000;Высококучевые просвечивающие, расположенные на одном уровне.;Перистых, перисто-кучевых или перисто-слоистых нет.;10,0;1,9;7;12;;;;
01.05.2021 15:00;12,0;742,4;756,4;1,5;55;Ветер, дующий с северо-северо-запада;3;8;8;90  или более, но не 100%;Состояние неба в общем не изменилось. ;Ливень (ливни).;Дождь.;;;Слоисто-кучевые, образовавшиеся не из кучевых.;90  или более, но не 100%;600-1000;Высококучевых, высокослоистых или слоисто-дождевых облаков нет.;Перистых, перисто-кучевых или перисто-слоистых нет.;10,0;3,1;;;;;;
01.05.2021 12:00;12,8;740,9;754,9;1,1;57;Ветер, дующий с западо-юго-запада;3;8;9;100%.;Состояние неба в общем не изменилось. ;Дождь.;Облака покрывали более половины неба в течение всего соответствующего периода.;;;Слоисто-кучевые, образовавшиеся не из кучевых.;100%.;600-1000;;;10,0;4,5;;;;;;
01.05.2021 09:00;9,4;739,8;753,9;0,8;99;Ветер, дующий с западо-юго-запада;2;5;7;100%.;Дождь незамерзающий непрерывный слабый в срок наблюдения. ;Дождь.;Облака покрывали более половины неба в течение всего соответствующего периода.;9,4;;"Слоистые разорванные или кучевые разорванные облака плохой погоды, либо те и другие вместе (разорванно-дождевые); обычно расположены под слоистыми или слоисто-дождевыми облаками.";100%.;300-600;;;10,0;9,3;;;;;;
01.05.2021 06:00;9,7;739,0;753,1;0,6;91;Ветер, дующий с юго-юго-запада;1;;11;100%.;Дождь незамерзающий непрерывный слабый в срок наблюдения. ;Дождь.;Облака покрывали более половины неба в течение всего соответствующего периода.;9,7;;"Слоистые разорванные или кучевые разорванные облака плохой погоды, либо те и другие вместе (разорванно-дождевые); обычно расположены под слоистыми или слоисто-дождевыми облаками.";100%.;300-600;;;10,0;8,3;1;12;Поверхность почвы влажная.;8,0;;
01.05.2021 03:00;12,7;738,4;752,4;-1,2;52;Ветер, дующий с юга;4;10;12;100%.; ;;;;;Слоисто-кучевые, образовавшиеся не из кучевых.;100%.;600-1000;;;10,0;3,1;;;;;;
01.05.2021 00:00;13,9;739,6;753,5;-1,9;30;Ветер, дующий с юга;4;;11;100%.; ;;;;;Слоисто-кучевые, образовавшиеся не из кучевых.;50%.;600-1000;Высококучевые просвечивающие, расположенные на одном уровне.;;10,0;-3,6;;;;;;
