# Метеостанция Самара, Россия, WMO_ID=28900, выборка с 01.05.2021 по 01.06.2021, все дни;;;;;;;;;;;;;;;;;;;;;;;;;;;;
# Кодировка: UTF-8;;;;;;;;;;;;;;;;;;;;;;;;;;;;
"# Информация предоставлена сайтом ""Расписание Погоды"", rp5.ru";;;;;;;;;;;;;;;;;;;;;;;;;;;;
# Пожалуйста, при использовании данных, любезно указывайте названный сайт.;;;;;;;;;;;;;;;;;;;;;;;;;;;;
# Обозначения метеопараметров см. по адресу http://rp5.ru/archive.php?wmo_id=28900&lang=ru;;;;;;;;;;;;;;;;;;;;;;;;;;;;
#;;;;;;;;;;;;;;;;;;;;;;;;;;;;
Местное время в Самаре;T;Po;P;Pa;U;DD;Ff;ff10;ff3;N;WW;W1;W2;Tn;Tx;Cl;Nh;H;Cm;Ch;VV;Td;RRR;tR;E;Tg;E';sss
01.06.2021 22:00;20,0;746,5;758,6;0,4;61;Ветер, дующий с севера;1;;;100%.; ;;;;;Слоисто-кучевые, образовавшиеся не из кучевых.;70 – 80%.;600-1000;Высококучевые просвечивающие, расположенные на одном уровне.;;10,0;12,3;;;;;;
01.06.2021 19:00;22,1;746,1;758,2;-0,2;57;Ветер, дующий с севера;2;;;90  или более, но не 100%; ;;;;23,5;Слоисто-кучевые, образовавшиеся не из кучевых.;70 – 80%.;600-1000;Высококучевые просвечивающие, расположенные на одном уровне.;Перистых, перисто-кучевых или перисто-слоистых нет.;10,0;13,2;Осадков нет;12;;;;
01.06.2021 16:00;23,4;746,3;758,3;-0,3;56;Ветер, дующий с северо-запада;2;;;40%.; ;;;;;Кучевые плоские или кучевые разорванные, или те и другие вместе, не относящиеся к облакам плохой погоды.;20–30%.;600-1000;Высококучевые просвечивающие, расположенные на одном уровне.;Перистых, перисто-кучевых или перисто-слоистых нет.;10,0;14,2;;;;;;
01.06.2021 13:00;21,0;746,6;758,8;-0,5;63;Ветер, дующий с северо-запада;2;;;20–30%.; ;;;;;Слоисто-кучевых, слоистых, кучевых или кучево-дождевых облаков нет.;Облаков нет.;2500 или более, или облаков нет.;Высококучевые просвечивающие, расположенные на одном уровне.;Перистых, перисто-кучевых или перисто-слоистых нет.;10,0;13,6;;;;;;
01.06.2021 10:00;17,3;747,1;759,4;0,0;72;Ветер, дующий с северо-северо-запада;2;;;60%.; ;;;;;Слоисто-кучевых, слоистых, кучевых или кучево-дождевых облаков нет.;Облаков нет.;2500 или более, или облаков нет.;Высококучевые просвечивающие, расположенные на одном уровне.;Перистых, перисто-кучевых или перисто-слоистых нет.;10,0;12,1;;;;;;
01.06.2021 07:00;12,6;747,1;759,6;0,1;86;Ветер, дующий с востоко-северо-востока;1;;;90  или более, но не 100%; ;;;11,1;;Слоисто-кучевые, образовавшиеся не из кучевых.;20–30%.;600-1000;Высококучевые просвечивающие, расположенные на одном уровне.;Перистые нитевидные, иногда когтевидные, не распространяющиеся по небу.;10,0;10,3;Осадков нет;12;Поверхность почвы влажная.;11,0;;
01.06.2021 04:00;11,3;747,0;759,6;0,2;91;Ветер, дующий с севера;1;;;60%.; ;;;;;Слоисто-кучевых, слоистых, кучевых или кучево-дождевых облаков нет.;Облаков нет.;2500 или более, или облаков нет.;Высококучевых, высокослоистых или слоисто-дождевых облаков нет.;Перистые нитевидные, иногда когтевидные, не распространяющиеся по небу.;10,0;9,9;;;;;;
01.06.2021 01:00;12,7;746,8;759,4;0,2;86;Ветер, дующий с северо-востока;2;;;Облаков нет.; ;;;;;;;;;;10,0;10,4;;;;;;
31.05.2021 22:00;14,6;746,6;759,0;0,1;82;Ветер, дующий с северо-востока;2;;;20–30%.; ;;;;;Слоисто-кучевых, слоистых, кучевых или кучево-дождевых облаков нет.;Облаков нет.;2500 или более, или облаков нет.;Высококучевых, высокослоистых или слоисто-дождевых облаков нет.;Перистые нитевидные, иногда когтевидные, не распространяющиеся по небу.;10,0;11,6;;;;;;
31.05.2021 19:00;16,0;746,5;758,8;0,2;78;Ветер, дующий с северо-востока;3;;;70 – 80%.; ;;;;16,7;Слоисто-кучевые, образовавшиеся не из кучевых.;40%.;600-1000;Высококучевые просвечивающие, расположенные на одном уровне.;Перистых, перисто-кучевых или перисто-слоистых нет.;10,0;12,2;Осадков нет;12;;;;
31.05.2021 16:00;16,2;746,3;758,7;0,1;76;Ветер, дующий с северо-северо-востока;3;;;70 – 80%.; ;;;;;Слоисто-кучевые, образовавшиеся из кучевых.;40%.;600-1000;Высококучевые просвечивающие, расположенные на одном уровне.;Перистых, перисто-кучевых или перисто-слоистых нет.;10,0;12,0;;;;;;
31.05.2021 13:00;15,0;746,2;758,5;0,6;85;Ветер, дующий с северо-северо-востока;1;;;100%.; ;;;;;Слоисто-кучевые, образовавшиеся из кучевых.;70 – 80%.;300-600;Высококучевые просвечивающие, расположенные на одном уровне.;;10,0;12,4;;;;;;
31.05.2021 10:00;13,5;745,6;758,1;1,4;96;Ветер, дующий с северо-северо-востока;2;;;100%.;Состояние неба в общем не изменилось. ;Гроза (грозы) с осадками или без них.;Ливень (ливни).;12,1;;Слоисто-кучевые, образовавшиеся из кучевых.;70 – 80%.;600-1000;Высококучевые просвечивающие, расположенные на одном уровне.;;10,0;12,9;;;;;;
31.05.2021 07:00;12,2;744,2;756,7;-1,4;99;Ветер, дующий с северо-северо-востока;3;;;100%.;Состояние неба в общем не изменилось. ;Гроза (грозы) с осадками или без них.;Ливень (ливни).;12,2;;Слоисто-кучевые, образовавшиеся из кучевых.;70 – 80%.;600-1000;Высококучевые просвечивающие, расположенные на одном уровне.;;10,0;12,0;22;12;Поверхность почвы влажная.;14,0;;
31.05.2021 04:00;13,7;745,6;758,0;2,4;94;Ветер, дующий с запада;2;;;100%.;Гроза слабая или умеренная без града, но с дождем и/или снегом в срок наблюдения. ;Гроза (грозы) с осадками или без них.;Ливень (ливни).;;;Кучево-дождевые лысые с кучевыми, слоисто-кучевыми или слоистыми, либо без них.;100%.;600-1000;Высококучевые просвечивающие, расположенные на одном уровне.;;10,0;12,7;;;;;;
31.05.2021 01:00;17,4;743,2;755,5;0,0;80;Ветер, дующий с севера;2;;;100%.; ;;;;;Слоисто-кучевые, образовавшиеся не из кучевых.;50%.;600-1000;Высококучевые просвечивающие, расположенные на одном уровне.;Перистые нитевидные, иногда когтевидные, не распространяющиеся по небу.;10,0;13,9;;;;;;
30.05.2021 22:00;21,4;743,2;755,3;1,5;71;Ветер, дующий с северо-запада;2;;;100%.; ;;;;;Слоисто-кучевые, образовавшиеся из кучевых.;20–30%.;2500 или более, или облаков нет.;Высококучевых, высокослоистых или слоисто-дождевых облаков нет.;Перистые нитевидные, иногда когтевидные, не распространяющиеся по небу.;10,0;15,8;;;;;;
30.05.2021 19:00;27,5;741,7;753,4;0,6;47;Ветер, дующий с запада;2;;;100%.; ;;;;28,4;"Кучевые средние или мощные или вместе с кучевыми разорванными, или с кучевыми плоскими, или со слоисто-кучевыми, либо без них; основания всех этих облаков расположены на одном уровне.";20–30%.;600-1000;Высококучевых, высокослоистых или слоисто-дождевых облаков нет.;Перистые нитевидные, иногда когтевидные, не распространяющиеся по небу.;10,0;15,2;Осадков нет;12;;;;
30.05.2021 16:00;27,7;741,1;752,8;0,2;44;Ветер, дующий с запада;2;;;100%.; ;;;;;Кучевые плоские или кучевые разорванные, или те и другие вместе, не относящиеся к облакам плохой погоды.;20–30%.;600-1000;Высококучевых, высокослоистых или слоисто-дождевых облаков нет.;"Перистые плотные в виде клочьев или скрученных склонов, количество которых обычно не увеличивается, иногда могут казаться остатками верхней части кучево-дождевых; или перистые башенкообразные, или перистые хлопьевидные.";10,0;14,5;;;;;;
30.05.2021 13:00;26,6;740,9;752,7;0,3;52;Ветер, дующий с запада;1;;;20–30%.; ;;;;;Кучевые плоские или кучевые разорванные, или те и другие вместе, не относящиеся к облакам плохой погоды.;10%  или менее, но не 0;600-1000;Высококучевые просвечивающие, расположенные на одном уровне.;Перистых, перисто-кучевых или перисто-слоистых нет.;10,0;15,9;;;;;;
30.05.2021 10:00;22,2;740,6;752,5;0,8;64;Ветер, дующий с северо-запада;1;;;100%.; ;;;;;Слоисто-кучевые, образовавшиеся из кучевых.;50%.;600-1000;Высококучевые просвечивающие, расположенные на одном уровне.;;10,0;15,1;;;;;;
30.05.2021 07:00;19,7;739,8;751,9;-0,4;70;Ветер, дующий с западо-северо-запада;2;;;90  или более, но не 100%; ;;;18,4;;Слоисто-кучевые, образовавшиеся не из кучевых.;60%.;600-1000;Высококучевые просвечивающие, расположенные на одном уровне.;Перистых, перисто-кучевых или перисто-слоистых нет.;10,0;14,1;Осадков нет;12;Поверхность почвы сухая (без трещин и без заметного количества пыли или несвязанного песка).;16,0;;
30.05.2021 04:00;19,0;740,2;752,2;-0,3;70;Ветер, дующий с севера;1;;;100%.; ;;;;;Кучево-дождевые лысые с кучевыми, слоисто-кучевыми или слоистыми, либо без них.;50%.;300-600;Высококучевые просвечивающие, расположенные на одном уровне.;Перистые нитевидные, иногда когтевидные, не распространяющиеся по небу.;10,0;13,4;;;;;;
30.05.2021 01:00;19,2;740,5;752,6;-1,4;74;Ветер, дующий с запада;1;;;100%.; ;;;;;Кучево-дождевые лысые с кучевыми, слоисто-кучевыми или слоистыми, либо без них.;50%.;2500 или более, или облаков нет.;Высококучевые просвечивающие, расположенные на одном уровне.;Перистые нитевидные, иногда когтевидные, не распространяющиеся по небу.;10,0;14,4;;;;;;
29.05.2021 22:00;21,4;741,9;753,9;0,0;64;Ветер, дующий с востоко-юго-востока;2;;;70 – 80%.;Состояние неба в общем не изменилось. ;Ливень (ливни).;Облака покрывали более половины неба в течение всего соответствующего периода.;;;Кучево-дождевые лысые с кучевыми, слоисто-кучевыми или слоистыми, либо без них.;70 – 80%.;300-600;Высококучевых, высокослоистых или слоисто-дождевых облаков нет.;Перистых, перисто-кучевых или перисто-слоистых нет.;10,0;14,3;;;;;;
29.05.2021 19:00;22,5;741,9;753,9;-0,9;64;Штиль, безветрие;0;;;100%.;Ливневый(ые) дождь(и). ;Ливень (ливни).;Облака покрывали более половины неба в течение всего соответствующего периода.;;29,0;Кучево-дождевые лысые с кучевыми, слоисто-кучевыми или слоистыми, либо без них.;70 – 80%.;300-600;Высококучевые просвечивающие, расположенные на одном уровне.;;10,0;15,4;2;12;;;;
29.05.2021 16:00;26,0;742,8;754,6;-0,7;44;Ветер, дующий с востоко-северо-востока;1;;;90  или более, но не 100%;Ливневый(ые) дождь(и). ;Ливень (ливни).;Облака покрывали более половины неба в течение всего соответствующего периода.;;;Кучево-дождевые лысые с кучевыми, слоисто-кучевыми или слоистыми, либо без них.;40%.;300-600;Высококучевые просвечивающие, расположенные на одном уровне.;Перистые нитевидные, иногда когтевидные, не распространяющиеся по небу.;10,0;12,8;;;;;;
29.05.2021 13:00;27,9;743,5;755,2;-0,3;42;Ветер, дующий с запада;1;;;90  или более, но не 100%; ;;;;;Слоисто-кучевые, образовавшиеся из кучевых.;40%.;600-1000;Высококучевые просвечивающие, расположенные на одном уровне.;Перистые нитевидные, иногда когтевидные, не распространяющиеся по небу.;10,0;13,7;;;;;;
29.05.2021 10:00;22,0;743,8;755,8;-0,1;59;Ветер, дующий с востока;1;;;100%.;Ливневый(ые) дождь(и) слабый(ые) в срок наблюдения или за последний час. ;Ливень (ливни).;Облака покрывали более половины неба в течение всего соответствующего периода.;20,1;;Кучево-дождевые лысые с кучевыми, слоисто-кучевыми или слоистыми, либо без них.;40%.;300-600;Высококучевые просвечивающие, расположенные на одном уровне.;Перистые нитевидные, иногда когтевидные, не распространяющиеся по небу.;10,0;13,6;;;;;;
29.05.2021 07:00;20,3;743,9;756,1;-0,2;48;Ветер, дующий с востока;2;;;70 – 80%.; ;;;20,3;;Слоисто-кучевые, образовавшиеся не из кучевых.;50%.;600-1000;Высококучевые просвечивающие, расположенные на одном уровне.;Перистые нитевидные, иногда когтевидные, не распространяющиеся по небу.;10,0;8,9;Осадков нет;12;Поверхность почвы сухая (без трещин и без заметного количества пыли или несвязанного песка).;18,0;;
29.05.2021 04:00;20,8;744,1;756,2;-0,6;44;Ветер, дующий с востока;3;;;100%.; ;;;;;Слоисто-кучевых, слоистых, кучевых или кучево-дождевых облаков нет.;100%.;2500 или более, или облаков нет.;Высококучевые просвечивающие, расположенные на одном уровне.;;10,0;8,1;;;;;;
29.05.2021 01:00;23,5;744,7;756,7;-0,9;36;Ветер, дующий с востока;2;;;70 – 80%.; ;;;;;Слоисто-кучевых, слоистых, кучевых или кучево-дождевых облаков нет.;Облаков нет.;2500 или более, или облаков нет.;Высококучевых, высокослоистых или слоисто-дождевых облаков нет.;Перистые нитевидные, иногда когтевидные, не распространяющиеся по небу.;10,0;7,6;;;;;;
28.05.2021 22:00;25,2;745,6;757,6;-0,7;33;Ветер, дующий с северо-востока;2;;;70 – 80%.; ;;;;;Слоисто-кучевые, образовавшиеся не из кучевых.;20–30%.;600-1000;Высококучевых, высокослоистых или слоисто-дождевых облаков нет.;Перистые нитевидные, иногда когтевидные, не распространяющиеся по небу.;10,0;7,7;;;;;;
28.05.2021 19:00;28,6;746,3;758,2;-1,4;27;Ветер, дующий с северо-северо-востока;2;;;70 – 80%.; ;;;;29,3;Слоисто-кучевых, слоистых, кучевых или кучево-дождевых облаков нет.;Облаков нет.;2500 или более, или облаков нет.;Высококучевых, высокослоистых или слоисто-дождевых облаков нет.;Перистые нитевидные, иногда когтевидные, не распространяющиеся по небу.;10,0;7,7;Осадков нет;12;;;;
28.05.2021 16:00;28,9;747,7;759,5;-1,5;25;Ветер, дующий с северо-востока;2;;;20–30%.; ;;;;;Слоисто-кучевых, слоистых, кучевых или кучево-дождевых облаков нет.;Облаков нет.;2500 или более, или облаков нет.;Высококучевых, высокослоистых или слоисто-дождевых облаков нет.;Перистые нитевидные, иногда когтевидные, не распространяющиеся по небу.;10,0;6,9;;;;;;
28.05.2021 13:00;26,7;749,2;761,2;-1,2;26;Ветер, дующий с востока;2;;;20–30%.; ;;;;;Слоисто-кучевых, слоистых, кучевых или кучево-дождевых облаков нет.;Облаков нет.;2500 или более, или облаков нет.;Высококучевых, высокослоистых или слоисто-дождевых облаков нет.;Перистые нитевидные, иногда когтевидные, не распространяющиеся по небу.;10,0;5,5;;;;;;
28.05.2021 10:00;23,5;750,4;762,4;-0,6;35;Ветер, дующий с востоко-северо-востока;1;;;Облаков нет.; ;;;;;;;;;;10,0;7,2;;;;;;
28.05.2021 07:00;17,6;751,0;763,4;-0,4;47;Ветер, дующий с востока;3;;;Облаков нет.; ;;;15,9;;;;;;;10,0;6,2;Осадков нет;12;Поверхность почвы сухая (без трещин и без заметного количества пыли или несвязанного песка).;13,0;;
28.05.2021 04:00;16,6;751,4;763,9;-0,7;48;Ветер, дующий с востока;1;;;Облаков нет.; ;;;;;;;;;;10,0;5,6;;;;;;
28.05.2021 01:00;18,0;752,1;764,5;-0,1;45;Ветер, дующий с северо-северо-востока;2;;;Облаков нет.; ;;;;;;;;;;10,0;5,9;;;;;;
27.05.2021 22:00;19,8;752,2;764,5;0,0;36;Ветер, дующий с северо-северо-востока;1;;;Облаков нет.; ;;;;;;;;;;10,0;4,2;;;;;;
27.05.2021 19:00;23,5;752,2;764,3;-0,6;25;Ветер, дующий с северо-северо-востока;2;;;Облаков нет.; ;;;;24,6;;;;;;10,0;2,4;Осадков нет;12;;;;
27.05.2021 16:00;24,3;752,8;764,9;-0,7;25;Ветер, дующий с севера;1;;;Облаков нет.; ;;;;;;;;;;10,0;2,9;;;;;;
27.05.2021 13:00;22,0;753,5;765,7;-0,6;32;Ветер, дующий с севера;2;;;Облаков нет.; ;;;;;;;;;;10,0;4,3;;;;;;
27.05.2021 10:00;19,6;754,1;766,4;0,2;42;Ветер, дующий с северо-северо-востока;2;;;Облаков нет.; ;;;;;;;;;;10,0;6,4;;;;;;
27.05.2021 07:00;16,4;753,9;766,3;0,6;52;Ветер, дующий с северо-востока;2;;;Облаков нет.; ;;;14,2;;;;;;;10,0;6,5;Осадков нет;12;Поверхность почвы сухая (без трещин и без заметного количества пыли или несвязанного песка).;11,0;;
27.05.2021 04:00;14,8;753,3;765,8;0,5;54;Ветер, дующий с севера;1;;;Облаков нет.; ;;;;;;;;;;10,0;5,5;;;;;;
27.05.2021 01:00;17,4;752,8;765,3;0,2;42;Ветер, дующий с северо-северо-востока;2;;;Облаков нет.; ;;;;;;;;;;10,0;4,4;;;;;;
26.05.2021 22:00;18,4;752,6;764,9;0,8;37;Ветер, дующий с северо-северо-востока;2;;;Облаков нет.; ;;;;;;;;;;10,0;3,5;;;;;;
26.05.2021 19:00;21,4;751,8;764,0;0,4;31;Ветер, дующий с северо-северо-востока;2;;;100%.; ;;;;23,4;Слоисто-кучевых, слоистых, кучевых или кучево-дождевых облаков нет.;Облаков нет.;2500 или более, или облаков нет.;Высококучевых, высокослоистых или слоисто-дождевых облаков нет.;Перистые нитевидные, иногда когтевидные, не распространяющиеся по небу.;10,0;3,3;Осадков нет;12;;;;
26.05.2021 16:00;23,0;751,4;763,6;-0,3;29;Ветер, дующий с севера;2;;;40%.; ;;;;;Слоисто-кучевых, слоистых, кучевых или кучево-дождевых облаков нет.;Облаков нет.;2500 или более, или облаков нет.;Высококучевых, высокослоистых или слоисто-дождевых облаков нет.;Перистые нитевидные, иногда когтевидные, не распространяющиеся по небу.;10,0;3,8;;;;;;
26.05.2021 13:00;22,1;751,7;763,9;-0,4;31;Ветер, дующий с севера;2;;;20–30%.; ;;;;;Слоисто-кучевых, слоистых, кучевых или кучево-дождевых облаков нет.;Облаков нет.;2500 или более, или облаков нет.;Высококучевых, высокослоистых или слоисто-дождевых облаков нет.;Перистые нитевидные, иногда когтевидные, не распространяющиеся по небу.;10,0;4,1;;;;;;
26.05.2021 10:00;19,1;752,1;764,4;0,5;48;Ветер, дующий с севера;2;;;20–30%.; ;;;;;Слоисто-кучевых, слоистых, кучевых или кучево-дождевых облаков нет.;Облаков нет.;2500 или более, или облаков нет.;Высококучевых, высокослоистых или слоисто-дождевых облаков нет.;Перистые нитевидные, иногда когтевидные, не распространяющиеся по небу.;10,0;7,9;;;;;;
26.05.2021 07:00;14,0;751,6;764,2;0,3;77;Ветер, дующий с запада;1;;;Облаков нет.; ;;;11,1;;;;;;;10,0;9,9;Осадков нет;12;Поверхность почвы сухая (без трещин и без заметного количества пыли или несвязанного песка).;10,0;;
26.05.2021 04:00;12,2;751,3;763,9;0,4;79;Ветер, дующий с северо-северо-востока;2;;;Облаков нет.; ;;;;;;;;;;10,0;8,7;;;;;;
26.05.2021 01:00;13,9;750,9;763,3;0,8;72;Ветер, дующий с севера;1;;;Облаков нет.; ;;;;;;;;;;10,0;8,8;;;;;;
25.05.2021 22:00;16,0;750,1;762,6;0,8;65;Ветер, дующий с северо-северо-востока;2;;12;70 – 80%.; ;;;;;Слоисто-кучевых, слоистых, кучевых или кучево-дождевых облаков нет.;40%.;2500 или более, или облаков нет.;Высококучевые просвечивающие, расположенные на одном уровне.;Перистые нитевидные, иногда когтевидные, не распространяющиеся по небу.;10,0;9,4;;;;;;
25.05.2021 19:00;19,1;749,3;761,6;1,3;48;Ветер, дующий с севера;2;;12;100%.; ;;;;26,0;Кучево-дождевые лысые с кучевыми, слоисто-кучевыми или слоистыми, либо без них.;40%.;300-600;Высококучевые просвечивающие, расположенные на одном уровне.;Перистые нитевидные, иногда когтевидные, не распространяющиеся по небу.;10,0;7,9;1;12;;;;
25.05.2021 16:00;23,6;748,0;760,1;0,1;46;Ветер, дующий с северо-запада;3;10;11;90  или более, но не 100%; ;;;;;Слоисто-кучевых, слоистых, кучевых или кучево-дождевых облаков нет.;Облаков нет.;2500 или более, или облаков нет.;Высококучевые просвечивающие, расположенные на одном уровне.;Перистые нитевидные, иногда когтевидные, не распространяющиеся по небу.;10,0;11,2;;;;;;
25.05.2021 13:00;25,6;747,9;759,8;-0,6;35;Ветер, дующий с северо-северо-востока;3;;10;70 – 80%.; ;;;;;Кучевые плоские или кучевые разорванные, или те и другие вместе, не относящиеся к облакам плохой погоды.;20–30%.;600-1000;Высококучевые просвечивающие, расположенные на одном уровне.;Перистые нитевидные, иногда когтевидные, не распространяющиеся по небу.;10,0;9,2;;;;;;
25.05.2021 10:00;22,2;748,5;760,6;0,0;56;Ветер, дующий с северо-северо-востока;2;;;100%.;Состояние неба в общем не изменилось. ;Ливень (ливни).;Облака покрывали более половины неба в течение всего соответствующего периода.;16,9;;Слоисто-кучевых, слоистых, кучевых или кучево-дождевых облаков нет.;Облаков нет.;2500 или более, или облаков нет.;Высококучевые просвечивающие, расположенные на одном уровне.;Перистые нитевидные, иногда когтевидные, не распространяющиеся по небу.;10,0;13,1;;;;;;
25.05.2021 07:00;22,2;748,5;760,6;-0,2;56;Ветер, дующий с северо-северо-востока;2;;;100%.;Состояние неба в общем не изменилось. ;Гроза (грозы) с осадками или без них.;Ливень (ливни).;16,9;;Слоисто-кучевых, слоистых, кучевых или кучево-дождевых облаков нет.;Облаков нет.;2500 или более, или облаков нет.;Высококучевые просвечивающие, расположенные на одном уровне.;Перистые нитевидные, иногда когтевидные, не распространяющиеся по небу.;10,0;13,1;;;;;;
25.05.2021 04:00;18,3;748,7;760,9;0,0;60;Ветер, дующий с севера;1;;;100%.; ;;;;;Слоисто-кучевых, слоистых, кучевых или кучево-дождевых облаков нет.;40%.;2500 или более, или облаков нет.;Высококучевые просвечивающие, расположенные на одном уровне.;Перистые нитевидные, иногда когтевидные, не распространяющиеся по небу.;10,0;10,3;;;;;;
25.05.2021 01:00;20,4;748,7;760,9;-0,3;52;Ветер, дующий с северо-северо-востока;2;;;100%.; ;;;;;Слоисто-кучевых, слоистых, кучевых или кучево-дождевых облаков нет.;Облаков нет.;2500 или более, или облаков нет.;Высококучевых, высокослоистых или слоисто-дождевых облаков нет.;Перистые нитевидные, иногда когтевидные, не распространяющиеся по небу.;10,0;10,1;;;;;;
24.05.2021 22:00;21,5;749,0;761,2;0,8;62;Ветер, дующий с северо-северо-востока;1;;;70 – 80%.; ;;;;;Слоисто-кучевых, слоистых, кучевых или кучево-дождевых облаков нет.;Облаков нет.;2500 или более, или облаков нет.;Высококучевых, высокослоистых или слоисто-дождевых облаков нет.;Перистые нитевидные, иногда когтевидные, не распространяющиеся по небу.;10,0;14,0;;;;;;
24.05.2021 19:00;25,0;748,2;760,2;-0,3;52;Ветер, дующий с северо-северо-востока;2;;;70 – 80%.; ;;;;26,4;Слоисто-кучевых, слоистых, кучевых или кучево-дождевых облаков нет.;50%.;2500 или более, или облаков нет.;Высококучевые просвечивающие, расположенные на одном уровне.;Перистые нитевидные, иногда когтевидные, не распространяющиеся по небу.;10,0;14,4;Осадков нет;12;;;;
24.05.2021 16:00;23,6;748,5;760,6;-0,7;59;Ветер, дующий с северо-запада;3;;;100%.; ;;;;;Слоисто-кучевые, образовавшиеся из кучевых.;50%.;600-1000;Высококучевые просвечивающие, расположенные на одном уровне.;Перистые нитевидные, иногда когтевидные, не распространяющиеся по небу.;10,0;15,1;;;;;;
24.05.2021 13:00;23,3;749,2;761,3;1,0;63;Ветер, дующий с северо-запада;2;;;100%.; ;;;;;Слоисто-кучевые, образовавшиеся из кучевых.;70 – 80%.;600-1000;Высококучевых, высокослоистых или слоисто-дождевых облаков нет.;Перистые нитевидные, иногда когтевидные, не распространяющиеся по небу.;10,0;15,9;;;;;;
24.05.2021 10:00;25,5;748,2;760,2;1,1;32;Ветер, дующий с запада;2;;;90  или более, но не 100%; ;;;;;Кучевые плоские или кучевые разорванные, или те и другие вместе, не относящиеся к облакам плохой погоды.;20–30%.;600-1000;Высококучевых, высокослоистых или слоисто-дождевых облаков нет.;Перистые нитевидные, иногда когтевидные, не распространяющиеся по небу.;10,0;7,4;;;;;;
24.05.2021 07:00;23,4;747,1;759,2;0,6;28;Ветер, дующий с юго-востока;1;;;60%.; ;;;22,6;;Слоисто-кучевых, слоистых, кучевых или кучево-дождевых облаков нет.;Облаков нет.;2500 или более, или облаков нет.;Высококучевых, высокослоистых или слоисто-дождевых облаков нет.;Перистые нитевидные, иногда когтевидные, не распространяющиеся по небу.;10,0;4,0;Осадков нет;12;Поверхность почвы сухая (без трещин и без заметного количества пыли или несвязанного песка).;20,0;;
24.05.2021 04:00;26,9;746,5;758,2;0,5;18;Ветер, дующий с юго-юго-запада;2;;;Облаков нет.; ;;;;;;;;;;10,0;0,4;;;;;;
24.05.2021 01:00;27,7;746,0;757,9;0,6;20;Ветер, дующий с юга;2;;10;20–30%.; ;;;;;Слоисто-кучевых, слоистых, кучевых или кучево-дождевых облаков нет.;Облаков нет.;2500 или более, или облаков нет.;Высококучевых, высокослоистых или слоисто-дождевых облаков нет.;Перистые нитевидные, иногда когтевидные, не распространяющиеся по небу.;10,0;2,7;;;;;;
23.05.2021 22:00;30,5;745,4;757,2;0,5;18;Ветер, дующий с юго-юго-востока;3;;;60%.; ;;;;;Слоисто-кучевых, слоистых, кучевых или кучево-дождевых облаков нет.;Облаков нет.;2500 или более, или облаков нет.;Высококучевых, высокослоистых или слоисто-дождевых облаков нет.;Перистые нитевидные, иногда когтевидные, не распространяющиеся по небу.;10,0;3,5;;;;;;
23.05.2021 19:00;34,8;744,9;756,4;-0,6;14;Ветер, дующий с юга;2;;;70 – 80%.; ;;;;35,9;Слоисто-кучевых, слоистых, кучевых или кучево-дождевых облаков нет.;Облаков нет.;2500 или более, или облаков нет.;Высококучевых, высокослоистых или слоисто-дождевых облаков нет.;Перистые нитевидные, иногда когтевидные, не распространяющиеся по небу.;10,0;3,9;Осадков нет;12;;;;
23.05.2021 16:00;34,9;745,5;757,1;-1,6;17;Ветер, дующий с юга;2;;;90  или более, но не 100%; ;;;;;Слоисто-кучевых, слоистых, кучевых или кучево-дождевых облаков нет.;20–30%.;2500 или более, или облаков нет.;Высококучевые просвечивающие, расположенные на одном уровне.;Перистые когтевидные или нитевидные или первые и вторые, распространяющиеся по небу и в целом обычно уплотняющиеся.;10,0;6,7;;;;;;
23.05.2021 13:00;29,6;747,1;758,8;-1,2;31;Ветер, дующий с востока;3;;;70 – 80%.; ;;;;;Слоисто-кучевых, слоистых, кучевых или кучево-дождевых облаков нет.;20–30%.;2500 или более, или облаков нет.;Высококучевые просвечивающие, расположенные на одном уровне.;Перистые нитевидные, иногда когтевидные, не распространяющиеся по небу.;10,0;10,6;;;;;;
23.05.2021 10:00;25,3;748,3;760,3;0,2;49;Ветер, дующий с востоко-северо-востока;4;;10;100%.; ;;;;;Слоисто-кучевых, слоистых, кучевых или кучево-дождевых облаков нет.;20–30%.;2500 или более, или облаков нет.;Высококучевые просвечивающие, расположенные на одном уровне.;Перистые когтевидные или нитевидные или первые и вторые, распространяющиеся по небу и в целом обычно уплотняющиеся.;10,0;13,8;;;;;;
23.05.2021 07:00;20,1;748,1;760,3;0,4;67;Ветер, дующий с северо-востока;4;10;10;100%.; ;;;18,2;;Слоисто-кучевых, слоистых, кучевых или кучево-дождевых облаков нет.;Облаков нет.;2500 или более, или облаков нет.;Высококучевые просвечивающие, расположенные на одном уровне.;Перистые нитевидные, иногда когтевидные, не распространяющиеся по небу.;10,0;13,7;Осадков нет;12;Поверхность почвы сухая (без трещин и без заметного количества пыли или несвязанного песка).;17,0;;
23.05.2021 04:00;18,5;747,7;759,9;0,3;75;Ветер, дующий с севера;1;;;100%.; ;;;;;Слоисто-кучевых, слоистых, кучевых или кучево-дождевых облаков нет.;Облаков нет.;2500 или более, или облаков нет.;Высококучевых, высокослоистых или слоисто-дождевых облаков нет.;Перистые нитевидные, иногда когтевидные, не распространяющиеся по небу.;10,0;13,9;;;;;;
23.05.2021 01:00;20,5;747,4;759,6;-0,1;70;Ветер, дующий с севера;2;;;100%.; ;;;;;Слоисто-кучевых, слоистых, кучевых или кучево-дождевых облаков нет.;Облаков нет.;2500 или более, или облаков нет.;Высококучевых, высокослоистых или слоисто-дождевых облаков нет.;Перистые нитевидные, иногда когтевидные, не распространяющиеся по небу.;10,0;14,9;;;;;;
22.05.2021 22:00;24,9;747,5;759,5;1,0;47;Ветер, дующий с севера;1;;;100%.; ;;;;;Слоисто-кучевых, слоистых, кучевых или кучево-дождевых облаков нет.;Облаков нет.;2500 или более, или облаков нет.;Высококучевые просвечивающие, расположенные на одном уровне.;Перистые нитевидные, иногда когтевидные, не распространяющиеся по небу.;10,0;12,7;;;;;;
22.05.2021 19:00;29,5;746,5;758,3;-0,1;31;Ветер, дующий с северо-запада;1;;10;100%.; ;;;;34,1;Слоисто-кучевых, слоистых, кучевых или кучево-дождевых облаков нет.;Облаков нет.;2500 или более, или облаков нет.;Высококучевые просвечивающие, расположенные на одном уровне.;Перистые нитевидные, иногда когтевидные, не распространяющиеся по небу.;10,0;10,7;Следы осадков;12;;;;
22.05.2021 16:00;34,0;746,6;758,2;-0,8;17;Ветер, дующий с юго-запада;3;;;100%.; ;;;;;Слоисто-кучевых, слоистых, кучевых или кучево-дождевых облаков нет.;Облаков нет.;2500 или более, или облаков нет.;Высококучевых, высокослоистых или слоисто-дождевых облаков нет.;Перистые нитевидные, иногда когтевидные, не распространяющиеся по небу.;10,0;5,6;;;;;;
22.05.2021 13:00;31,5;747,4;759,2;-0,7;21;Ветер, дующий с юго-юго-запада;3;;12;40%.; ;;;;;Слоисто-кучевые, образовавшиеся из кучевых.;20–30%.;600-1000;Высококучевые просвечивающие, расположенные на одном уровне.;Перистые нитевидные, иногда когтевидные, не распространяющиеся по небу.;10,0;6,4;;;;;;
22.05.2021 10:00;26,2;748,1;760,1;-0,8;34;Ветер, дующий с юго-востока;3;;10;100%.;Состояние неба в общем не изменилось. ;Ливень (ливни).;Облака покрывали более половины неба в течение всего соответствующего периода.;;;Слоисто-кучевые, образовавшиеся из кучевых.;20–30%.;600-1000;Высококучевые просвечивающие, расположенные на одном уровне.;Перистые нитевидные, иногда когтевидные, не распространяющиеся по небу.;10,0;8,9;;;;;;
22.05.2021 07:00;21,6;748,9;761,0;-0,1;42;Ветер, дующий с востоко-юго-востока;3;;;90  или более, но не 100%;Ливневый(ые) дождь(и). ;Ливень (ливни).;Облака покрывали более половины неба в течение всего соответствующего периода.;20,7;;Кучево-дождевые лысые с кучевыми, слоисто-кучевыми или слоистыми, либо без них.;60%.;300-600;Высококучевых, высокослоистых или слоисто-дождевых облаков нет.;Перистые нитевидные, иногда когтевидные, не распространяющиеся по небу.;10,0;8,0;Следы осадков;12;Поверхность почвы сухая (без трещин и без заметного количества пыли или несвязанного песка).;18,0;;
22.05.2021 04:00;21,6;749,0;761,2;-0,7;42;Ветер, дующий с востоко-юго-востока;3;;;100%.; ;;;;;Слоисто-кучевые, образовавшиеся не из кучевых.;50%.;600-1000;Высококучевых, высокослоистых или слоисто-дождевых облаков нет.;Перистые нитевидные, иногда когтевидные, не распространяющиеся по небу.;10,0;8,0;;;;;;
22.05.2021 01:00;21,8;749,7;761,8;-0,3;42;Ветер, дующий с востока;2;;;100%.; ;;;;;Слоисто-кучевых, слоистых, кучевых или кучево-дождевых облаков нет.;Облаков нет.;2500 или более, или облаков нет.;Высококучевых, высокослоистых или слоисто-дождевых облаков нет.;Перистые нитевидные, иногда когтевидные, не распространяющиеся по небу.;10,0;8,3;;;;;;
21.05.2021 22:00;23,5;750,0;762,1;0,7;36;Ветер, дующий с востоко-юго-востока;1;;;100%.; ;;;;;Слоисто-кучевых, слоистых, кучевых или кучево-дождевых облаков нет.;Облаков нет.;2500 или более, или облаков нет.;Высококучевых, высокослоистых или слоисто-дождевых облаков нет.;Перистые нитевидные, иногда когтевидные, не распространяющиеся по небу.;10,0;7,6;;;;;;
21.05.2021 19:00;25,2;749,3;761,4;-0,5;33;Ветер, дующий с юго-востока;1;;;100%.; ;;;;26,1;Слоисто-кучевые, образовавшиеся из кучевых.;20–30%.;600-1000;Высококучевых, высокослоистых или слоисто-дождевых облаков нет.;"Перистые плотные в виде клочьев или скрученных склонов, количество которых обычно не увеличивается, иногда могут казаться остатками верхней части кучево-дождевых; или перистые башенкообразные, или перистые хлопьевидные.";10,0;7,8;Осадков нет;12;;;;
21.05.2021 16:00;26,1;749,8;761,8;-0,1;33;Ветер, дующий с западо-юго-запада;2;;;70 – 80%.; ;;;;;"Кучевые средние или мощные или вместе с кучевыми разорванными, или с кучевыми плоскими, или со слоисто-кучевыми, либо без них; основания всех этих облаков расположены на одном уровне.";50%.;600-1000;Высококучевых, высокослоистых или слоисто-дождевых облаков нет.;Перистые нитевидные, иногда когтевидные, не распространяющиеся по небу.;10,0;8,5;;;;;;
21.05.2021 13:00;24,2;749,9;761,9;0,4;40;Ветер, дующий с западо-юго-запада;3;;;70 – 80%.; ;;;;;Кучевые плоские или кучевые разорванные, или те и другие вместе, не относящиеся к облакам плохой погоды.;20–30%.;600-1000;Высококучевых, высокослоистых или слоисто-дождевых облаков нет.;Перистые нитевидные, иногда когтевидные, не распространяющиеся по небу.;10,0;9,9;;;;;;
21.05.2021 10:00;21,2;749,5;761,6;1,2;55;Ветер, дующий с запада;2;;;20–30%.; ;;;;;Слоисто-кучевых, слоистых, кучевых или кучево-дождевых облаков нет.;Облаков нет.;2500 или более, или облаков нет.;Высококучевых, высокослоистых или слоисто-дождевых облаков нет.;Перистые нитевидные, иногда когтевидные, не распространяющиеся по небу.;10,0;11,7;;;;;;
21.05.2021 07:00;16,6;748,3;760,6;1,0;73;Ветер, дующий с западо-юго-запада;2;;;Облаков нет.; ;;;15,5;;;;;;;10,0;11,8;Следы осадков;12;Поверхность почвы сухая (без трещин и без заметного количества пыли или несвязанного песка).;13,0;;
21.05.2021 04:00;16,0;747,3;759,7;0,9;90;Ветер, дующий с запада;1;;;Облаков нет.; ;;;;;;;;;;10,0;14,4;;;;;;
21.05.2021 01:00;18,4;746,4;758,6;0,7;77;Штиль, безветрие;0;;;40%.; ;;;;;Слоисто-кучевых, слоистых, кучевых или кучево-дождевых облаков нет.;40%.;2500 или более, или облаков нет.;Высококучевые просвечивающие, расположенные на одном уровне.;Перистых, перисто-кучевых или перисто-слоистых нет.;10,0;14,2;;;;;;
20.05.2021 22:00;18,3;745,7;757,9;-0,9;83;Штиль, безветрие;0;;;70 – 80%.;Состояние неба в общем не изменилось. ;Ливень (ливни).;Облака покрывали более половины неба в течение всего соответствующего периода.;;;Кучево-дождевые волокнистые (часто с наковальней), либо с кучево-дождевыми лысыми, кучевыми, слоистыми, разорванно-дождевыми, либо без них.;20–30%.;300-600;Высококучевых, высокослоистых или слоисто-дождевых облаков нет.;Перистые нитевидные, иногда когтевидные, не распространяющиеся по небу.;10,0;15,3;;;;;;
20.05.2021 19:00;20,2;746,6;758,8;-1,0;67;Ветер, дующий с востока;1;;;100%.;Состояние неба в общем не изменилось. ;Ливень (ливни).;Облака покрывали более половины неба в течение всего соответствующего периода.;;23,4;Слоисто-кучевых, слоистых, кучевых или кучево-дождевых облаков нет.;20–30%.;2500 или более, или облаков нет.;Высококучевые просвечивающие, расположенные на одном уровне.;Перистые нитевидные, иногда когтевидные, не распространяющиеся по небу.;10,0;13,9;Следы осадков;12;;;;
20.05.2021 16:00;19,2;747,6;759,8;0,2;72;Ветер, дующий с востоко-юго-востока;2;;;100%.;Ливневый(ые) дождь(и) слабый(ые) в срок наблюдения или за последний час. ;Ливень (ливни).;Облака покрывали более половины неба в течение всего соответствующего периода.;;;Кучево-дождевые лысые с кучевыми, слоисто-кучевыми или слоистыми, либо без них.;70 – 80%.;600-1000;Высококучевые просвечивающие, расположенные на одном уровне.;;10,0;14,0;;;;;;
20.05.2021 13:00;22,1;747,4;759,4;-0,3;56;Ветер, дующий с востоко-юго-востока;3;;;100%.; ;;;;;Слоисто-кучевые, образовавшиеся из кучевых.;70 – 80%.;600-1000;Высококучевые просвечивающие, расположенные на одном уровне.;;10,0;12,8;;;;;;
20.05.2021 10:00;19,8;747,7;759,9;-0,1;59;Ветер, дующий с востока;4;;;70 – 80%.;Ливневый(ые) дождь(и). ;Ливень (ливни).;Облака покрывали более половины неба в течение всего соответствующего периода.;;;"Кучевые средние или мощные или вместе с кучевыми разорванными, или с кучевыми плоскими, или со слоисто-кучевыми, либо без них; основания всех этих облаков расположены на одном уровне.";20–30%.;600-1000;Высококучевые просвечивающие, расположенные на одном уровне.;Перистых, перисто-кучевых или перисто-слоистых нет.;10,0;11,5;;;;;;
20.05.2021 07:00;17,0;747,8;760,1;-0,2;64;Ветер, дующий с востока;4;;;70 – 80%.; ;;;16,9;;Слоисто-кучевых, слоистых, кучевых или кучево-дождевых облаков нет.;40%.;2500 или более, или облаков нет.;Высококучевые просвечивающие, расположенные на одном уровне.;Перистые когтевидные или нитевидные или первые и вторые, распространяющиеся по небу и в целом обычно уплотняющиеся.;10,0;10,0;Осадков нет;12;Поверхность почвы сухая (без трещин и без заметного количества пыли или несвязанного песка).;16,0;;
20.05.2021 04:00;18,1;748,0;760,3;-0,4;62;Ветер, дующий с востока;3;;;Облаков нет.; ;;;;;;;;;;10,0;10,7;;;;;;
20.05.2021 01:00;21,3;748,4;760,6;0,6;52;Ветер, дующий с востоко-юго-востока;3;;;Облаков нет.; ;;;;;;;;;;10,0;10,9;;;;;;
19.05.2021 22:00;25,0;747,8;759,8;0,8;34;Ветер, дующий с востока;3;;;Облаков нет.; ;;;;;;;;;;10,0;8,2;;;;;;
19.05.2021 19:00;29,4;747,0;758,8;-0,7;20;Ветер, дующий с востока;3;;;Облаков нет.; ;;;;31,2;;;;;;10,0;4,3;Осадков нет;12;;;;
19.05.2021 16:00;31,1;747,7;759,4;-0,5;14;Ветер, дующий с востока;2;;;Облаков нет.; ;;;;;;;;;;10,0;0,9;;;;;;
19.05.2021 13:00;29,4;748,2;760,0;-0,2;24;Ветер, дующий с востоко-северо-востока;3;;;Облаков нет.; ;;;;;;;;;;10,0;7,0;;;;;;
19.05.2021 10:00;26,1;748,4;760,3;-0,1;35;Ветер, дующий с востока;3;;;Облаков нет.; ;;;;;;;;;;10,0;9,6;;;;;;
19.05.2021 07:00;20,9;748,5;760,6;0,1;46;Ветер, дующий с востока;4;;;Облаков нет.; ;;;20,3;;;;;;;10,0;8,9;Осадков нет;12;Поверхность почвы сухая (без трещин и без заметного количества пыли или несвязанного песка).;18,0;;
19.05.2021 04:00;21,6;748,4;760,6;0,3;40;Ветер, дующий с востока;4;;;Облаков нет.; ;;;;;;;;;;10,0;7,2;;;;;;
19.05.2021 01:00;24,4;748,1;760,1;0,1;30;Ветер, дующий с востока;3;;;20–30%.; ;;;;;Слоисто-кучевых, слоистых, кучевых или кучево-дождевых облаков нет.;Облаков нет.;2500 или более, или облаков нет.;Высококучевых, высокослоистых или слоисто-дождевых облаков нет.;Перистые нитевидные, иногда когтевидные, не распространяющиеся по небу.;10,0;5,9;;;;;;
18.05.2021 22:00;26,0;748,0;760,0;-0,3;16;Ветер, дующий с северо-востока;1;;;40%.; ;;;;;Слоисто-кучевых, слоистых, кучевых или кучево-дождевых облаков нет.;Облаков нет.;2500 или более, или облаков нет.;Высококучевых, высокослоистых или слоисто-дождевых облаков нет.;Перистые нитевидные, иногда когтевидные, не распространяющиеся по небу.;10,0;-1,6;;;;;;
18.05.2021 19:00;31,6;748,3;760,1;-0,7;11;Ветер, дующий с северо-северо-востока;1;;;Облаков нет.; ;;;;33,1;;;;;;10,0;-2,1;Осадков нет;12;;;;
18.05.2021 16:00;32,7;749,0;760,7;-0,8;9;Ветер, дующий с северо-северо-запада;2;;;Облаков нет.; ;;;;;;;;;;10,0;-3,6;;;;;;
18.05.2021 13:00;32,8;749,8;761,6;-0,5;12;Ветер, дующий с юга;1;;;Облаков нет.; ;;;;;;;;;;10,0;0,2;;;;;;
18.05.2021 10:00;28,2;750,3;762,2;-0,1;23;Ветер, дующий с востоко-юго-востока;2;;;Облаков нет.; ;;;;;;;;;;10,0;4,9;;;;;;
18.05.2021 07:00;21,3;750,4;762,6;0,3;35;Ветер, дующий с востока;1;;;Облаков нет.; ;;;16,6;;;;;;;10,0;5,1;Осадков нет;12;Поверхность почвы сухая (без трещин и без заметного количества пыли или несвязанного песка).;13,0;;
18.05.2021 04:00;20,3;750,1;762,3;0,0;36;Ветер, дующий с востока;2;;;Облаков нет.; ;;;;;;;;;;10,0;4,7;;;;;;
18.05.2021 01:00;18,2;750,1;762,4;0,0;36;Ветер, дующий с востоко-юго-востока;1;;;Облаков нет.; ;;;;;;;;;;10,0;3,0;;;;;;
17.05.2021 22:00;21,9;750,1;762,4;0,5;32;Ветер, дующий с востоко-юго-востока;1;;;Облаков нет.; ;;;;;;;;;;10,0;4,4;;;;;;
17.05.2021 19:00;32,1;749,6;761,4;-0,5;15;Ветер, дующий с запада;2;;;60%.; ;;;;33,5;Слоисто-кучевые, образовавшиеся из кучевых.;60%.;600-1000;Высококучевых, высокослоистых или слоисто-дождевых облаков нет.;Перистых, перисто-кучевых или перисто-слоистых нет.;10,0;2,6;0,3;12;;;;
17.05.2021 16:00;33,0;750,1;761,8;-0,9;14;Ветер, дующий с юго-юго-востока;2;;;60%.;Ливневый(ые) дождь(и). ;Ливень (ливни).;Облака покрывали более половины неба в течение одной части соответствующего периода и половину или менее в течение другой части периода.;;;Кучево-дождевые лысые с кучевыми, слоисто-кучевыми или слоистыми, либо без них.;60%.;300-600;Высококучевых, высокослоистых или слоисто-дождевых облаков нет.;Перистых, перисто-кучевых или перисто-слоистых нет.;10,0;2,5;;;;;;
17.05.2021 13:00;33,1;751,0;762,7;-0,6;16;Ветер, дующий с запада;2;;;20–30%.; ;;;;;"Кучевые средние или мощные или вместе с кучевыми разорванными, или с кучевыми плоскими, или со слоисто-кучевыми, либо без них; основания всех этих облаков расположены на одном уровне.";20–30%.;2500 или более, или облаков нет.;Высококучевых, высокослоистых или слоисто-дождевых облаков нет.;Перистых, перисто-кучевых или перисто-слоистых нет.;10,0;4,0;;;;;;
17.05.2021 10:00;28,3;751,6;763,5;0,1;27;Ветер, дующий с юго-юго-востока;1;;;20–30%.; ;;;;;"Кучевые средние или мощные или вместе с кучевыми разорванными, или с кучевыми плоскими, или со слоисто-кучевыми, либо без них; основания всех этих облаков расположены на одном уровне.";20–30%.;300-600;Высококучевых, высокослоистых или слоисто-дождевых облаков нет.;Перистых, перисто-кучевых или перисто-слоистых нет.;10,0;7,6;;;;;;
17.05.2021 07:00;20,5;751,5;763,8;0,7;43;Ветер, дующий с востоко-юго-востока;2;;;20–30%.; ;;;19,0;;Кучевые плоские или кучевые разорванные, или те и другие вместе, не относящиеся к облакам плохой погоды.;20–30%.;600-1000;Высококучевых, высокослоистых или слоисто-дождевых облаков нет.;Перистых, перисто-кучевых или перисто-слоистых нет.;10,0;7,4;Осадков нет;12;Поверхность почвы сухая (без трещин и без заметного количества пыли или несвязанного песка).;14,0;;
17.05.2021 04:00;20,3;750,8;763,0;0,2;38;Ветер, дующий с востока;2;;;Облаков нет.; ;;;;;;;;;;10,0;5,4;;;;;;
17.05.2021 01:00;21,7;750,6;762,7;0,2;35;Ветер, дующий с востока;2;;;Облаков нет.; ;;;;;;;;;;10,0;5,6;;;;;;
16.05.2021 22:00;21,3;750,4;762,6;0,2;35;Ветер, дующий с востоко-юго-востока;1;;;20–30%.; ;;;;;Слоисто-кучевых, слоистых, кучевых или кучево-дождевых облаков нет.;Облаков нет.;2500 или более, или облаков нет.;Высококучевых, высокослоистых или слоисто-дождевых облаков нет.;Перистые нитевидные, иногда когтевидные, не распространяющиеся по небу.;10,0;5,3;;;;;;
16.05.2021 19:00;30,6;750,2;762,1;-0,5;16;Ветер, дующий с запада;1;;;70 – 80%.; ;;;;33,1;Слоисто-кучевых, слоистых, кучевых или кучево-дождевых облаков нет.;Облаков нет.;2500 или более, или облаков нет.;Высококучевых, высокослоистых или слоисто-дождевых облаков нет.;Перистые нитевидные, иногда когтевидные, не распространяющиеся по небу.;10,0;2,1;Осадков нет;12;;;;
16.05.2021 16:00;32,8;750,7;762,4;-0,8;14;Ветер, дующий с юго-запада;3;;;40%.; ;;;;;"Кучевые средние или мощные или вместе с кучевыми разорванными, или с кучевыми плоскими, или со слоисто-кучевыми, либо без них; основания всех этих облаков расположены на одном уровне.";40%.;600-1000;Высококучевых, высокослоистых или слоисто-дождевых облаков нет.;Перистых, перисто-кучевых или перисто-слоистых нет.;10,0;2,1;;;;;;
16.05.2021 13:00;32,3;751,5;763,3;-0,8;16;Ветер, дующий с юга;2;;;70 – 80%.; ;;;;;"Кучевые средние или мощные или вместе с кучевыми разорванными, или с кучевыми плоскими, или со слоисто-кучевыми, либо без них; основания всех этих облаков расположены на одном уровне.";70 – 80%.;600-1000;Высококучевых, высокослоистых или слоисто-дождевых облаков нет.;Перистых, перисто-кучевых или перисто-слоистых нет.;10,0;3,8;;;;;;
16.05.2021 10:00;26,1;752,3;764,3;-0,2;33;Ветер, дующий с востоко-юго-востока;3;;;20–30%.; ;;;;;Слоисто-кучевых, слоистых, кучевых или кучево-дождевых облаков нет.;Облаков нет.;2500 или более, или облаков нет.;Высококучевых, высокослоистых или слоисто-дождевых облаков нет.;Перистые нитевидные, иногда когтевидные, не распространяющиеся по небу.;10,0;8,7;;;;;;
16.05.2021 07:00;19,5;752,5;764,8;0,7;44;Ветер, дующий с востоко-юго-востока;2;;;Облаков нет.; ;;;18,3;;;;;;;10,0;7,0;Осадков нет;12;Поверхность почвы сухая (без трещин и без заметного количества пыли или несвязанного песка).;14,0;;
16.05.2021 04:00;19,6;751,8;764,1;-0,1;38;Ветер, дующий с востока;2;;;Облаков нет.; ;;;;;;;;;;10,0;5,0;;;;;;
16.05.2021 01:00;23,4;751,9;764,0;-0,1;27;Ветер, дующий с востока;1;;;Облаков нет.; ;;;;;;;;;;10,0;3,5;;;;;;
15.05.2021 22:00;27,0;752,0;764,0;0,2;18;Ветер, дующий с юго-юго-запада;1;;;Облаков нет.; ;;;;;;;;;;10,0;0,6;;;;;;
15.05.2021 19:00;31,1;751,8;763,6;-0,9;14;Ветер, дующий с юга;2;;;20–30%.; ;;;;33,2;Слоисто-кучевых, слоистых, кучевых или кучево-дождевых облаков нет.;Облаков нет.;2500 или более, или облаков нет.;Высококучевых, высокослоистых или слоисто-дождевых облаков нет.;Перистые нитевидные, иногда когтевидные, не распространяющиеся по небу.;10,0;0,4;Осадков нет;12;;;;
15.05.2021 16:00;33,2;752,7;764,5;-0,9;12;Ветер, дующий с юга;2;;;20–30%.; ;;;;;Слоисто-кучевых, слоистых, кучевых или кучево-дождевых облаков нет.;Облаков нет.;2500 или более, или облаков нет.;Высококучевых, высокослоистых или слоисто-дождевых облаков нет.;Перистые нитевидные, иногда когтевидные, не распространяющиеся по небу.;10,0;0,2;;;;;;
15.05.2021 13:00;31,6;753,6;765,4;-0,5;12;Ветер, дующий с юго-юго-запада;3;;;Облаков нет.; ;;;;;;;;;;10,0;-1,6;;;;;;
15.05.2021 10:00;25,8;754,1;766,2;0,1;29;Ветер, дующий с востоко-юго-востока;2;;;Облаков нет.; ;;;;;;;;;;10,0;6,4;;;;;;
15.05.2021 07:00;19,1;754,0;766,3;0,6;40;Ветер, дующий с востоко-юго-востока;2;;;Облаков нет.; ;;;18,0;;;;;;;10,0;5,0;Осадков нет;12;Поверхность почвы сухая (без трещин и без заметного количества пыли или несвязанного песка).;14,0;;
15.05.2021 04:00;19,9;753,4;765,7;0,2;29;Ветер, дующий с востока;2;;;Облаков нет.; ;;;;;;;;;;10,0;1,4;;;;;;
15.05.2021 01:00;24,2;753,2;765,4;0,2;21;Ветер, дующий с юго-юго-востока;1;;;Облаков нет.; ;;;;;;;;;;10,0;0,3;;;;;;
14.05.2021 22:00;26,4;753,0;765,1;0,5;21;Ветер, дующий с юго-юго-востока;2;;;20–30%.; ;;;;;Слоисто-кучевых, слоистых, кучевых или кучево-дождевых облаков нет.;Облаков нет.;2500 или более, или облаков нет.;Высококучевых, высокослоистых или слоисто-дождевых облаков нет.;Перистые нитевидные, иногда когтевидные, не распространяющиеся по небу.;10,0;2,2;;;;;;
14.05.2021 19:00;30,5;752,5;764,4;-0,2;17;Ветер, дующий с юга;3;;;100%.; ;;;;32,5;Слоисто-кучевых, слоистых, кучевых или кучево-дождевых облаков нет.;Облаков нет.;2500 или более, или облаков нет.;Высококучевых, высокослоистых или слоисто-дождевых облаков нет.;Перистые нитевидные, иногда когтевидные, не распространяющиеся по небу.;10,0;3,1;Осадков нет;12;;;;
14.05.2021 16:00;31,8;752,7;764,5;-0,7;13;Ветер, дующий с юго-юго-востока;4;;11;90  или более, но не 100%; ;;;;;Слоисто-кучевых, слоистых, кучевых или кучево-дождевых облаков нет.;20–30%.;2500 или более, или облаков нет.;Высококучевые просвечивающие, расположенные на одном уровне.;Перистые нитевидные, иногда когтевидные, не распространяющиеся по небу.;10,0;-0,2;;;;;;
14.05.2021 13:00;31,2;753,4;765,2;-0,7;13;Ветер, дующий с юго-юго-востока;3;10;11;70 – 80%.; ;;;;;Слоисто-кучевых, слоистых, кучевых или кучево-дождевых облаков нет.;Облаков нет.;2500 или более, или облаков нет.;Высококучевых, высокослоистых или слоисто-дождевых облаков нет.;Перистые нитевидные, иногда когтевидные, не распространяющиеся по небу.;10,0;-0,8;;;;;;
14.05.2021 10:00;25,0;754,1;766,2;-0,1;30;Ветер, дующий с востока;3;;;Облаков нет.; ;;;;;;;;;;10,0;6,4;;;;;;
14.05.2021 07:00;18,4;754,2;766,6;-0,1;41;Ветер, дующий с востока;3;;;40%.; ;;;17,6;;Слоисто-кучевые, образовавшиеся не из кучевых.;20–30%.;600-1000;Высококучевые просвечивающие, расположенные на одном уровне.;Перистых, перисто-кучевых или перисто-слоистых нет.;10,0;5,0;Осадков нет;12;Поверхность почвы сухая (без трещин и без заметного количества пыли или несвязанного песка).;14,0;;
14.05.2021 04:00;19,0;754,3;766,6;0,0;37;Ветер, дующий с востока;3;;;70 – 80%.; ;;;;;Слоисто-кучевых, слоистых, кучевых или кучево-дождевых облаков нет.;70 – 80%.;2500 или более, или облаков нет.;Высококучевые просвечивающие, расположенные на одном уровне.;Перистых, перисто-кучевых или перисто-слоистых нет.;10,0;3,8;;;;;;
14.05.2021 01:00;22,1;754,3;766,6;0,3;31;Ветер, дующий с востока;2;;;40%.; ;;;;;Слоисто-кучевых, слоистых, кучевых или кучево-дождевых облаков нет.;20–30%.;2500 или более, или облаков нет.;Высококучевые просвечивающие, расположенные на одном уровне.;Перистые нитевидные, иногда когтевидные, не распространяющиеся по небу.;10,0;4,2;;;;;;
13.05.2021 22:00;23,1;754,0;766,2;0,0;36;Ветер, дующий с востоко-юго-востока;2;;;70 – 80%.; ;;;;;Слоисто-кучевые, образовавшиеся не из кучевых.;20–30%.;600-1000;Высококучевые просвечивающие, расположенные на одном уровне.;Перистых, перисто-кучевых или перисто-слоистых нет.;10,0;7,3;;;;;;
13.05.2021 19:00;25,1;754,0;766,0;-1,0;31;Ветер, дующий с востока;3;;10;70 – 80%.; ;;;;28,0;Слоисто-кучевые, образовавшиеся не из кучевых.;60%.;600-1000;Высококучевые просвечивающие, расположенные на одном уровне.;Перистых, перисто-кучевых или перисто-слоистых нет.;10,0;7,0;Следы осадков;12;;;;
13.05.2021 16:00;27,7;755,0;767,0;-0,7;24;Ветер, дующий с востоко-юго-востока;3;;;70 – 80%.;Состояние неба в общем не изменилось. ;Ливень (ливни).;Облака покрывали более половины неба в течение всего соответствующего периода.;;;Слоисто-кучевые, образовавшиеся не из кучевых.;40%.;600-1000;Высококучевые просвечивающие, расположенные на одном уровне.;Перистых, перисто-кучевых или перисто-слоистых нет.;10,0;5,6;;;;;;
13.05.2021 13:00;24,0;755,7;767,9;-0,1;34;Ветер, дующий с востока;1;;;100%.;Состояние неба в общем не изменилось. ;Ливень (ливни).;Облака покрывали более половины неба в течение всего соответствующего периода.;;;Слоисто-кучевые, образовавшиеся не из кучевых.;40%.;600-1000;Высококучевые просвечивающие, расположенные на одном уровне.;;10,0;7,3;;;;;;
13.05.2021 10:00;19,4;755,8;768,1;0,6;46;Ветер, дующий с востока;1;;10;100%.;Ливневый(ые) дождь(и). ;Ливень (ливни).;Облака покрывали более половины неба в течение одной части соответствующего периода и половину или менее в течение другой части периода.;16,6;;Кучево-дождевые волокнистые (часто с наковальней), либо с кучево-дождевыми лысыми, кучевыми, слоистыми, разорванно-дождевыми, либо без них.;70 – 80%.;300-600;Высококучевые просвечивающие, расположенные на одном уровне.;;10,0;7,5;;;;;;
13.05.2021 07:00;17,9;755,2;767,5;0,0;42;Ветер, дующий с востока;4;;;90  или более, но не 100%; ;;;16,8;;Слоисто-кучевые, образовавшиеся не из кучевых.;60%.;600-1000;Высококучевые просвечивающие, расположенные на одном уровне.;Перистых, перисто-кучевых или перисто-слоистых нет.;10,0;4,6;Осадков нет;12;Поверхность почвы сухая (без трещин и без заметного количества пыли или несвязанного песка).;14,0;;
13.05.2021 04:00;17,1;755,2;767,7;-0,3;40;Ветер, дующий с востока;3;;;Облаков нет.; ;;;;;;;;;;10,0;3,4;;;;;;
13.05.2021 01:00;18,6;755,5;767,8;-0,3;36;Ветер, дующий с востока;3;;;Облаков нет.; ;;;;;;;;;;10,0;3,1;;;;;;
12.05.2021 22:00;20,0;755,8;768,1;0,1;33;Ветер, дующий с востока;2;;;20–30%.; ;;;;;Слоисто-кучевые, образовавшиеся не из кучевых.;20–30%.;600-1000;Высококучевых, высокослоистых или слоисто-дождевых облаков нет.;Перистых, перисто-кучевых или перисто-слоистых нет.;10,0;3,3;;;;;;
12.05.2021 19:00;23,1;755,7;767,9;-0,6;27;Ветер, дующий с востока;2;;;90  или более, но не 100%; ;;;;26,1;Кучево-дождевые лысые с кучевыми, слоисто-кучевыми или слоистыми, либо без них.;40%.;100-200;Высококучевые просвечивающие, расположенные на одном уровне.;Перистых, перисто-кучевых или перисто-слоистых нет.;10,0;2,9;Следы осадков;12;;;;
12.05.2021 16:00;22,6;756,3;768,5;0,0;31;Ветер, дующий с юго-востока;3;;10;100%.;Ливневый(ые) дождь(и). ;Ливень (ливни).;Облака покрывали более половины неба в течение всего соответствующего периода.;;;Кучево-дождевые лысые с кучевыми, слоисто-кучевыми или слоистыми, либо без них.;50%.;600-1000;Высококучевые просвечивающие, расположенные на одном уровне.;;10,0;4,6;;;;;;
12.05.2021 13:00;25,8;756,3;768,4;-0,5;21;Ветер, дующий с востоко-юго-востока;3;10;10;70 – 80%.; ;;;;;Слоисто-кучевых, слоистых, кучевых или кучево-дождевых облаков нет.;70 – 80%.;2500 или более, или облаков нет.;Высококучевые просвечивающие, расположенные на одном уровне.;Перистых, перисто-кучевых или перисто-слоистых нет.;10,0;2,1;;;;;;
12.05.2021 10:00;22,2;756,8;769,1;-0,2;32;Ветер, дующий с востоко-юго-востока;2;;;70 – 80%.; ;;;;;Слоисто-кучевых, слоистых, кучевых или кучево-дождевых облаков нет.;Облаков нет.;2500 или более, или облаков нет.;Высококучевых, высокослоистых или слоисто-дождевых облаков нет.;Перистые нитевидные, иногда когтевидные, не распространяющиеся по небу.;10,0;4,9;;;;;;
12.05.2021 07:00;16,2;757,0;769,5;0,3;48;Ветер, дующий с востока;2;;;90  или более, но не 100%; ;;;14,7;;Слоисто-кучевых, слоистых, кучевых или кучево-дождевых облаков нет.;70 – 80%.;2500 или более, или облаков нет.;Высококучевые просвечивающие, расположенные на одном уровне.;Перистые нитевидные, иногда когтевидные, не распространяющиеся по небу.;10,0;5,0;Осадков нет;12;Поверхность почвы сухая (без трещин и без заметного количества пыли или несвязанного песка).;11,0;;
12.05.2021 04:00;16,5;756,7;769,2;0,1;45;Ветер, дующий с востока;2;;;100%.; ;;;;;Слоисто-кучевых, слоистых, кучевых или кучево-дождевых облаков нет.;20–30%.;2500 или более, или облаков нет.;Высококучевые просвечивающие, расположенные на одном уровне.;Перистые нитевидные, иногда когтевидные, не распространяющиеся по небу.;10,0;4,3;;;;;;
12.05.2021 01:00;17,6;756,6;769,0;0,1;49;Ветер, дующий с востоко-юго-востока;1;;;100%.; ;;;;;Слоисто-кучевых, слоистых, кучевых или кучево-дождевых облаков нет.;70 – 80%.;2500 или более, или облаков нет.;Высококучевые просвечивающие, расположенные на одном уровне.;Перистые когтевидные или нитевидные или первые и вторые, распространяющиеся по небу и в целом обычно уплотняющиеся.;10,0;6,8;;;;;;
11.05.2021 22:00;17,6;756,5;769,0;0,6;48;Штиль, безветрие;0;;;70 – 80%.; ;;;;;Слоисто-кучевых, слоистых, кучевых или кучево-дождевых облаков нет.;20–30%.;2500 или более, или облаков нет.;Высококучевые просвечивающие, расположенные на одном уровне.;Перистые нитевидные, иногда когтевидные, не распространяющиеся по небу.;10,0;6,5;;;;;;
11.05.2021 19:00;23,9;755,9;768,1;0,1;29;Ветер, дующий с востоко-юго-востока;2;;;90  или более, но не 100%; ;;;;25,0;Слоисто-кучевых, слоистых, кучевых или кучево-дождевых облаков нет.;40%.;2500 или более, или облаков нет.;Высококучевые просвечивающие, расположенные на одном уровне.;Перистые нитевидные, иногда когтевидные, не распространяющиеся по небу.;10,0;4,7;Осадков нет;12;;;;
11.05.2021 16:00;24,6;755,8;767,9;-0,3;29;Ветер, дующий с востоко-юго-востока;3;;;100%.; ;;;;;Слоисто-кучевых, слоистых, кучевых или кучево-дождевых облаков нет.;70 – 80%.;2500 или более, или облаков нет.;Высококучевые просвечивающие, расположенные на одном уровне.;Перистые когтевидные или нитевидные или первые и вторые, распространяющиеся по небу и в целом обычно уплотняющиеся.;10,0;5,3;;;;;;
11.05.2021 13:00;23,4;756,1;768,2;0,7;33;Ветер, дующий с востока;3;;;100%.; ;;;;;Слоисто-кучевых, слоистых, кучевых или кучево-дождевых облаков нет.;70 – 80%.;2500 или более, или облаков нет.;Высококучевые просвечивающие, расположенные на одном уровне.;Перистые когтевидные или нитевидные или первые и вторые, распространяющиеся по небу и в целом обычно уплотняющиеся.;10,0;6,3;;;;;;
11.05.2021 10:00;20,0;755,4;767,7;1,2;41;Ветер, дующий с востока;2;;;100%.; ;;;;;Слоисто-кучевых, слоистых, кучевых или кучево-дождевых облаков нет.;Облаков нет.;2500 или более, или облаков нет.;Высококучевых, высокослоистых или слоисто-дождевых облаков нет.;Перистые когтевидные или нитевидные или первые и вторые, распространяющиеся по небу и в целом обычно уплотняющиеся.;10,0;6,3;;;;;;
11.05.2021 07:00;17,4;754,2;766,6;1,1;41;Ветер, дующий с востока;2;;;100%.; ;;;17,0;;Слоисто-кучевых, слоистых, кучевых или кучево-дождевых облаков нет.;Облаков нет.;2500 или более, или облаков нет.;Высококучевых, высокослоистых или слоисто-дождевых облаков нет.;"Перистые плотные в виде клочьев или скрученных склонов, количество которых обычно не увеличивается, иногда могут казаться остатками верхней части кучево-дождевых; или перистые башенкообразные, или перистые хлопьевидные.";10,0;4,0;Осадков нет;12;Поверхность почвы сухая (без трещин и без заметного количества пыли или несвязанного песка).;12,0;;
11.05.2021 04:00;17,5;753,1;765,5;1,2;38;Ветер, дующий с востока;2;;;100%.; ;;;;;Слоисто-кучевых, слоистых, кучевых или кучево-дождевых облаков нет.;Облаков нет.;2500 или более, или облаков нет.;Высококучевых, высокослоистых или слоисто-дождевых облаков нет.;Перистые нитевидные, иногда когтевидные, не распространяющиеся по небу.;10,0;3,0;;;;;;
11.05.2021 01:00;18,9;751,9;764,2;0,7;34;Ветер, дующий с востока;2;;;60%.; ;;;;;Слоисто-кучевых, слоистых, кучевых или кучево-дождевых облаков нет.;Облаков нет.;2500 или более, или облаков нет.;Высококучевых, высокослоистых или слоисто-дождевых облаков нет.;Перистые нитевидные, иногда когтевидные, не распространяющиеся по небу.;10,0;2,8;;;;;;
10.05.2021 22:00;21,3;751,2;763,4;1,0;29;Ветер, дующий с востока;2;;;100%.; ;;;;;Слоисто-кучевых, слоистых, кучевых или кучево-дождевых облаков нет.;Облаков нет.;2500 или более, или облаков нет.;Высококучевые просвечивающие, расположенные на одном уровне.;"Перистые плотные в виде клочьев или скрученных склонов, количество которых обычно не увеличивается, иногда могут казаться остатками верхней части кучево-дождевых; или перистые башенкообразные, или перистые хлопьевидные.";10,0;2,4;;;;;;
10.05.2021 19:00;25,5;750,2;762,3;0,4;21;Ветер, дующий с востока;2;;;100%.; ;;;;26,7;Слоисто-кучевых, слоистых, кучевых или кучево-дождевых облаков нет.;Облаков нет.;2500 или более, или облаков нет.;Высококучевые просвечивающие, расположенные на одном уровне.;"Перистые плотные в виде клочьев или скрученных склонов, количество которых обычно не увеличивается, иногда могут казаться остатками верхней части кучево-дождевых; или перистые башенкообразные, или перистые хлопьевидные.";10,0;1,5;Осадков нет;12;;;;
10.05.2021 16:00;26,1;749,8;761,8;-0,3;23;Ветер, дующий с востоко-юго-востока;2;;;100%.; ;;;;;Слоисто-кучевые, образовавшиеся не из кучевых.;40%.;600-1000;Высококучевых, высокослоистых или слоисто-дождевых облаков нет.;"Перистые плотные в виде клочьев или скрученных склонов, количество которых обычно не увеличивается, иногда могут казаться остатками верхней части кучево-дождевых; или перистые башенкообразные, или перистые хлопьевидные.";10,0;3,5;;;;;;
10.05.2021 13:00;25,4;750,1;762,1;-0,1;26;Ветер, дующий с юго-востока;3;;;100%.; ;;;;;Кучевые плоские или кучевые разорванные, или те и другие вместе, не относящиеся к облакам плохой погоды.;10%  или менее, но не 0;600-1000;Высококучевых, высокослоистых или слоисто-дождевых облаков нет.;Перистые (часто в виде полос) и перисто-слоистые, распространяющиеся по небу и в целом обычно уплотняющиеся, но сплошная пелена поднимается над горизонтом менее чем на 45°.;10,0;4,5;;;;;;
10.05.2021 10:00;21,6;750,2;762,4;0,7;40;Ветер, дующий с востока;2;;;100%.; ;;;;;Слоисто-кучевых, слоистых, кучевых или кучево-дождевых облаков нет.;Облаков нет.;2500 или более, или облаков нет.;Высококучевых, высокослоистых или слоисто-дождевых облаков нет.;Перистые нитевидные, иногда когтевидные, не распространяющиеся по небу.;10,0;7,4;;;;;;
10.05.2021 07:00;15,2;749,5;761,9;0,9;57;Ветер, дующий с востока;3;;;90  или более, но не 100%; ;;;14,5;;Слоисто-кучевых, слоистых, кучевых или кучево-дождевых облаков нет.;50%.;2500 или более, или облаков нет.;Высококучевые просвечивающие, расположенные на одном уровне.;Перистые нитевидные, иногда когтевидные, не распространяющиеся по небу.;10,0;6,7;Осадков нет;12;Поверхность почвы сухая (без трещин и без заметного количества пыли или несвязанного песка).;12,0;;
10.05.2021 04:00;15,6;748,6;761,0;0,4;53;Ветер, дующий с востока;3;;;Облаков нет.; ;;;;;;;;;;10,0;6,1;;;;;;
10.05.2021 01:00;17,6;748,2;760,5;0,5;47;Ветер, дующий с востока;2;;;Облаков нет.; ;;;;;;;;;;10,0;6,2;;;;;;
09.05.2021 22:00;20,1;747,7;760,0;0,6;38;Ветер, дующий с востока;1;;;20–30%.; ;;;;;Слоисто-кучевых, слоистых, кучевых или кучево-дождевых облаков нет.;Облаков нет.;2500 или более, или облаков нет.;Высококучевых, высокослоистых или слоисто-дождевых облаков нет.;Перистые нитевидные, иногда когтевидные, не распространяющиеся по небу.;10,0;5,3;;;;;;
09.05.2021 19:00;23,4;747,1;759,1;0,2;32;Ветер, дующий с юго-юго-запада;2;;;100%.; ;;;;25,7;Слоисто-кучевые, образовавшиеся из кучевых.;60%.;Менее 50;Высококучевых, высокослоистых или слоисто-дождевых облаков нет.;"Перистые плотные в виде клочьев или скрученных склонов, количество которых обычно не увеличивается, иногда могут казаться остатками верхней части кучево-дождевых; или перистые башенкообразные, или перистые хлопьевидные.";10,0;5,6;Осадков нет;12;;;;
09.05.2021 16:00;24,6;746,9;758,9;-0,6;30;Ветер, дующий с юго-юго-востока;3;;;90  или более, но не 100%; ;;;;;"Кучевые средние или мощные или вместе с кучевыми разорванными, или с кучевыми плоскими, или со слоисто-кучевыми, либо без них; основания всех этих облаков расположены на одном уровне.";70 – 80%.;300-600;Высококучевых, высокослоистых или слоисто-дождевых облаков нет.;Перистые нитевидные, иногда когтевидные, не распространяющиеся по небу.;10,0;5,9;;;;;;
09.05.2021 13:00;24,2;747,5;759,6;-0,9;30;Ветер, дующий с юго-востока;2;;;90  или более, но не 100%; ;;;;;"Кучевые средние или мощные или вместе с кучевыми разорванными, или с кучевыми плоскими, или со слоисто-кучевыми, либо без них; основания всех этих облаков расположены на одном уровне.";50%.;300-600;Высококучевых, высокослоистых или слоисто-дождевых облаков нет.;Перистые нитевидные, иногда когтевидные, не распространяющиеся по небу.;10,0;5,3;;;;;;
09.05.2021 10:00;21,0;748,4;760,6;0,1;38;Ветер, дующий с юго-востока;2;;;70 – 80%.; ;;;;;Слоисто-кучевые, образовавшиеся из кучевых.;50%.;300-600;Высококучевые просвечивающие, расположенные на одном уровне.;Перистых, перисто-кучевых или перисто-слоистых нет.;10,0;6,0;;;;;;
09.05.2021 07:00;13,4;748,3;760,9;0,0;58;Ветер, дующий с востока;2;;;100%.; ;;;12,1;;Слоисто-кучевые, образовавшиеся не из кучевых.;40%.;600-1000;Высококучевые просвечивающие, расположенные на одном уровне.;Перистые нитевидные, иногда когтевидные, не распространяющиеся по небу.;10,0;5,3;Осадков нет;12;Поверхность почвы сухая (без трещин и без заметного количества пыли или несвязанного песка).;11,0;;
09.05.2021 04:00;14,1;748,3;760,8;0,0;56;Ветер, дующий с востока;1;;;100%.; ;;;;;Слоисто-кучевых, слоистых, кучевых или кучево-дождевых облаков нет.;Облаков нет.;2500 или более, или облаков нет.;Высококучевые просвечивающие, расположенные на одном уровне.;Перистые нитевидные, иногда когтевидные, не распространяющиеся по небу.;10,0;5,4;;;;;;
09.05.2021 01:00;16,3;748,3;760,6;0,0;45;Ветер, дующий с востока;2;;;100%.; ;;;;;Слоисто-кучевых, слоистых, кучевых или кучево-дождевых облаков нет.;Облаков нет.;2500 или более, или облаков нет.;Высококучевые просвечивающие, расположенные на одном уровне.;Перистые нитевидные, иногда когтевидные, не распространяющиеся по небу.;10,0;4,2;;;;;;
08.05.2021 22:00;18,2;748,3;760,6;0,1;39;Ветер, дующий с востока;2;;;100%.; ;;;;;Слоисто-кучевых, слоистых, кучевых или кучево-дождевых облаков нет.;Облаков нет.;2500 или более, или облаков нет.;Высококучевые просвечивающие, расположенные на одном уровне.;Перистые нитевидные, иногда когтевидные, не распространяющиеся по небу.;10,0;3,9;;;;;;
08.05.2021 19:00;21,6;748,2;760,3;-0,8;28;Ветер, дующий с юго-юго-востока;1;;;100%.; ;;;;23,0;Слоисто-кучевых, слоистых, кучевых или кучево-дождевых облаков нет.;Облаков нет.;2500 или более, или облаков нет.;Высококучевые просвечивающие, расположенные на одном уровне.;Перистые нитевидные, иногда когтевидные, не распространяющиеся по небу.;10,0;2,1;Осадков нет;12;;;;
08.05.2021 16:00;22,3;749,0;761,2;-0,6;28;Ветер, дующий с запада;2;;;20–30%.; ;;;;;Слоисто-кучевые, образовавшиеся не из кучевых.;20–30%.;600-1000;Высококучевых, высокослоистых или слоисто-дождевых облаков нет.;Перистых, перисто-кучевых или перисто-слоистых нет.;10,0;2,9;;;;;;
08.05.2021 13:00;21,8;749,6;761,8;-0,4;29;Ветер, дующий с западо-юго-запада;1;;;40%.; ;;;;;Слоисто-кучевые, образовавшиеся не из кучевых.;40%.;600-1000;Высококучевых, высокослоистых или слоисто-дождевых облаков нет.;Перистых, перисто-кучевых или перисто-слоистых нет.;10,0;3,1;;;;;;
08.05.2021 10:00;19,0;750,0;762,2;0,1;37;Ветер, дующий с юга;2;;;10%  или менее, но не 0; ;;;;;Слоисто-кучевые, образовавшиеся не из кучевых.;10%  или менее, но не 0;600-1000;Высококучевых, высокослоистых или слоисто-дождевых облаков нет.;Перистых, перисто-кучевых или перисто-слоистых нет.;10,0;3,8;;;;;;
08.05.2021 07:00;13,5;749,9;762,4;0,4;59;Ветер, дующий с востоко-юго-востока;1;;;90  или более, но не 100%; ;;;12,7;;Слоисто-кучевые, образовавшиеся не из кучевых.;70 – 80%.;600-1000;Высококучевые просвечивающие, расположенные на одном уровне.;Перистых, перисто-кучевых или перисто-слоистых нет.;10,0;5,6;Осадков нет;12;Поверхность почвы сухая (без трещин и без заметного количества пыли или несвязанного песка).;12,0;;
08.05.2021 04:00;14,6;749,5;762,0;-0,1;47;Ветер, дующий с запада;1;;;90  или более, но не 100%; ;;;;;Слоисто-кучевые, образовавшиеся не из кучевых.;90  или более, но не 100%;600-1000;Высококучевых, высокослоистых или слоисто-дождевых облаков нет.;Перистых, перисто-кучевых или перисто-слоистых нет.;10,0;3,2;;;;;;
08.05.2021 01:00;15,8;749,6;762,0;0,2;40;Ветер, дующий с юго-запада;1;;;60%.; ;;;;;Слоисто-кучевые, образовавшиеся не из кучевых.;60%.;600-1000;Высококучевых, высокослоистых или слоисто-дождевых облаков нет.;Перистых, перисто-кучевых или перисто-слоистых нет.;10,0;2,3;;;;;;
07.05.2021 22:00;17,9;749,4;761,8;0,5;33;Ветер, дующий с юго-юго-запада;2;;;70 – 80%.; ;;;;;Слоисто-кучевые, образовавшиеся не из кучевых.;40%.;600-1000;Высококучевые просвечивающие, расположенные на одном уровне.;Перистых, перисто-кучевых или перисто-слоистых нет.;10,0;1,3;;;;;;
07.05.2021 19:00;20,4;748,9;761,1;-0,4;26;Ветер, дующий с юго-юго-запада;1;;;70 – 80%.; ;;;;21,9;Кучевые плоские или кучевые разорванные, или те и другие вместе, не относящиеся к облакам плохой погоды.;20–30%.;600-1000;Высококучевых, высокослоистых или слоисто-дождевых облаков нет.;Перистые нитевидные, иногда когтевидные, не распространяющиеся по небу.;10,0;0,2;Осадков нет;12;;;;
07.05.2021 16:00;21,6;749,3;761,5;-1,1;24;Ветер, дующий с юго-запада;3;;;100%.; ;;;;;Кучевые плоские или кучевые разорванные, или те и другие вместе, не относящиеся к облакам плохой погоды.;50%.;600-1000;Высококучевых, высокослоистых или слоисто-дождевых облаков нет.;Перистые когтевидные или нитевидные или первые и вторые, распространяющиеся по небу и в целом обычно уплотняющиеся.;10,0;-0,1;;;;;;
07.05.2021 13:00;20,0;750,4;762,7;-0,6;29;Ветер, дующий с юга;3;;;100%.; ;;;;;Кучевые плоские или кучевые разорванные, или те и другие вместе, не относящиеся к облакам плохой погоды.;40%.;600-1000;Высококучевых, высокослоистых или слоисто-дождевых облаков нет.;Перистые когтевидные или нитевидные или первые и вторые, распространяющиеся по небу и в целом обычно уплотняющиеся.;10,0;1,2;;;;;;
07.05.2021 10:00;18,7;751,0;763,3;-0,2;34;Ветер, дующий с юго-юго-востока;2;;;90  или более, но не 100%; ;;;;;Слоисто-кучевых, слоистых, кучевых или кучево-дождевых облаков нет.;Облаков нет.;2500 или более, или облаков нет.;Высококучевых, высокослоистых или слоисто-дождевых облаков нет.;Перистые нитевидные, иногда когтевидные, не распространяющиеся по небу.;10,0;2,4;;;;;;
07.05.2021 07:00;12,4;751,2;763,8;0,5;53;Ветер, дующий с востока;2;;;100%.; ;;;10,9;;Слоисто-кучевых, слоистых, кучевых или кучево-дождевых облаков нет.;Облаков нет.;2500 или более, или облаков нет.;Высококучевых, высокослоистых или слоисто-дождевых облаков нет.;Перистые нитевидные, иногда когтевидные, не распространяющиеся по небу.;10,0;3,0;Осадков нет;12;Поверхность почвы сухая (без трещин и без заметного количества пыли или несвязанного песка).;7,0;;
07.05.2021 04:00;13,3;750,7;763,3;0,0;42;Ветер, дующий с юго-запада;1;;;60%.; ;;;;;Слоисто-кучевых, слоистых, кучевых или кучево-дождевых облаков нет.;Облаков нет.;2500 или более, или облаков нет.;Высококучевых, высокослоистых или слоисто-дождевых облаков нет.;Перистые нитевидные, иногда когтевидные, не распространяющиеся по небу.;10,0;0,5;;;;;;
07.05.2021 01:00;15,4;750,7;763,2;0,3;34;Ветер, дующий с юго-запада;2;;;60%.; ;;;;;Слоисто-кучевых, слоистых, кучевых или кучево-дождевых облаков нет.;Облаков нет.;2500 или более, или облаков нет.;Высококучевых, высокослоистых или слоисто-дождевых облаков нет.;Перистые нитевидные, иногда когтевидные, не распространяющиеся по небу.;10,0;-0,6;;;;;;
06.05.2021 22:00;17,0;750,4;762,8;0,4;33;Ветер, дующий с юга;1;;;70 – 80%.; ;;;;;Слоисто-кучевых, слоистых, кучевых или кучево-дождевых облаков нет.;Облаков нет.;2500 или более, или облаков нет.;Высококучевых, высокослоистых или слоисто-дождевых облаков нет.;Перистые нитевидные, иногда когтевидные, не распространяющиеся по небу.;10,0;0,5;;;;;;
06.05.2021 19:00;19,9;750,0;762,2;-0,5;27;Ветер, дующий с запада;2;;;40%.; ;;;;20,9;Слоисто-кучевых, слоистых, кучевых или кучево-дождевых облаков нет.;Облаков нет.;2500 или более, или облаков нет.;Высококучевых, высокослоистых или слоисто-дождевых облаков нет.;Перистые нитевидные, иногда когтевидные, не распространяющиеся по небу.;10,0;0,3;Осадков нет;12;;;;
06.05.2021 16:00;20,6;750,5;762,7;-0,5;26;Ветер, дующий с запада;3;;;20–30%.; ;;;;;Слоисто-кучевых, слоистых, кучевых или кучево-дождевых облаков нет.;20–30%.;2500 или более, или облаков нет.;Высококучевые просвечивающие, расположенные на одном уровне.;Перистых, перисто-кучевых или перисто-слоистых нет.;10,0;0,5;;;;;;
06.05.2021 13:00;18,5;751,0;763,4;0,1;30;Ветер, дующий с юго-запада;3;;;70 – 80%.; ;;;;;Слоисто-кучевых, слоистых, кучевых или кучево-дождевых облаков нет.;20–30%.;2500 или более, или облаков нет.;Высококучевые просвечивающие, расположенные на одном уровне.;Перистые нитевидные, иногда когтевидные, не распространяющиеся по небу.;10,0;0,4;;;;;;
06.05.2021 10:00;13,1;750,9;763,5;0,7;42;Ветер, дующий с западо-юго-запада;3;;;Облаков нет.; ;;;;;;;;;;10,0;0,5;;;;;;
06.05.2021 07:00;7,6;750,2;763,0;1,0;59;Ветер, дующий с запада;1;;;70 – 80%.; ;;;6,3;;Слоисто-кучевых, слоистых, кучевых или кучево-дождевых облаков нет.;70 – 80%.;2500 или более, или облаков нет.;Высококучевые просвечивающие, расположенные на одном уровне.;Перистых, перисто-кучевых или перисто-слоистых нет.;10,0;0,0;Осадков нет;12;Поверхность почвы сухая (без трещин и без заметного количества пыли или несвязанного песка).;3,0;;
06.05.2021 04:00;7,3;749,2;762,0;1,0;58;Ветер, дующий с запада;2;;;Облаков нет.; ;;;;;;;;;;10,0;-0,6;;;;;;
06.05.2021 01:00;8,8;748,2;760,9;1,1;55;Ветер, дующий с западо-юго-запада;1;;;Облаков нет.; ;;;;;;;;;;10,0;0,2;;;;;;
05.05.2021 22:00;11,0;747,1;759,7;1,1;43;Ветер, дующий с запада;1;;;90  или более, но не 100%; ;;;;;Слоисто-кучевые, образовавшиеся не из кучевых.;90  или более, но не 100%;600-1000;Высококучевых, высокослоистых или слоисто-дождевых облаков нет.;Перистых, перисто-кучевых или перисто-слоистых нет.;10,0;-1,2;;;;;;
05.05.2021 19:00;11,7;746,0;758,5;1,0;40;Ветер, дующий с запада;2;;;90  или более, но не 100%; ;;;;12,0;Слоисто-кучевые, образовавшиеся из кучевых.;90  или более, но не 100%;600-1000;Высококучевых, высокослоистых или слоисто-дождевых облаков нет.;Перистых, перисто-кучевых или перисто-слоистых нет.;10,0;-1,4;Осадков нет;12;;;;
05.05.2021 16:00;11,2;745,0;757,6;1,2;40;Ветер, дующий с запада;3;;10;100%.; ;;;;;Слоисто-кучевые, образовавшиеся из кучевых.;100%.;600-1000;;;10,0;-1,9;;;;;;
05.05.2021 13:00;11,1;743,8;756,4;0,8;43;Ветер, дующий с запада;3;;10;90  или более, но не 100%; ;;;;;"Кучевые средние или мощные или вместе с кучевыми разорванными, или с кучевыми плоскими, или со слоисто-кучевыми, либо без них; основания всех этих облаков расположены на одном уровне.";90  или более, но не 100%;300-600;Высококучевых, высокослоистых или слоисто-дождевых облаков нет.;Перистых, перисто-кучевых или перисто-слоистых нет.;10,0;-1,0;;;;;;
05.05.2021 10:00;9,9;743,0;755,5;0,3;53;Ветер, дующий с западо-юго-запада;3;;;20–30%.; ;;;;;"Кучевые средние или мощные или вместе с кучевыми разорванными, или с кучевыми плоскими, или со слоисто-кучевыми, либо без них; основания всех этих облаков расположены на одном уровне.";20–30%.;300-600;Высококучевых, высокослоистых или слоисто-дождевых облаков нет.;Перистых, перисто-кучевых или перисто-слоистых нет.;10,0;0,7;;;;;;
05.05.2021 07:00;7,9;742,7;755,4;0,8;66;Ветер, дующий с запада;3;;;10%  или менее, но не 0; ;;;7,1;;Слоисто-кучевые, образовавшиеся не из кучевых.;10%  или менее, но не 0;600-1000;Высококучевых, высокослоистых или слоисто-дождевых облаков нет.;Перистых, перисто-кучевых или перисто-слоистых нет.;10,0;1,9;2;12;Поверхность почвы влажная.;6,0;;
05.05.2021 04:00;8,3;741,9;754,6;1,0;82;Ветер, дующий с запада;2;;;100%.;Дождь (незамерзающий) неливневый. ;Дождь.;Облака покрывали более половины неба в течение всего соответствующего периода.;;;Слоисто-кучевые, образовавшиеся не из кучевых.;100%.;600-1000;;;10,0;5,3;;;;;;
05.05.2021 01:00;10,1;740,9;753,4;0,9;92;Ветер, дующий с северо-запада;3;;;100%.;Дождь незамерзающий непрерывный слабый в срок наблюдения. ;Дождь.;Облака покрывали более половины неба в течение всего соответствующего периода.;;;Слоисто-кучевые, образовавшиеся не из кучевых.;100%.;600-1000;;;10,0;8,8;;;;;;
04.05.2021 22:00;16,0;740,0;752,2;0,2;61;Ветер, дующий с запада;2;;;100%.; ;;;;;Слоисто-кучевые, образовавшиеся не из кучевых.;70 – 80%.;600-1000;Высококучевые просвечивающие, расположенные на одном уровне.;;10,0;8,5;;;;;;
04.05.2021 19:00;20,3;739,8;751,9;0,1;27;Ветер, дующий с запада;2;;;100%.; ;;;;26,4;Слоисто-кучевые, образовавшиеся не из кучевых.;20–30%.;1000-1500;Высококучевые просвечивающие, расположенные на одном уровне.;;10,0;0,8;Осадков нет;12;;;;
04.05.2021 16:00;25,9;739,7;751,6;-1,7;17;Ветер, дующий с юго-юго-запада;3;;15;70 – 80%.; ;;;;;Кучевые плоские или кучевые разорванные, или те и другие вместе, не относящиеся к облакам плохой погоды.;20–30%.;600-1000;Высококучевые просвечивающие, расположенные на одном уровне.;Перистых, перисто-кучевых или перисто-слоистых нет.;10,0;-0,6;;;;;;
04.05.2021 13:00;25,4;741,4;753,3;-1,6;20;Ветер, дующий с юго-юго-запада;4;;12;40%.; ;;;;;Слоисто-кучевых, слоистых, кучевых или кучево-дождевых облаков нет.;Облаков нет.;2500 или более, или облаков нет.;Высококучевые просвечивающие, расположенные на одном уровне.;Перистые нитевидные, иногда когтевидные, не распространяющиеся по небу.;10,0;0,7;;;;;;
04.05.2021 10:00;23,1;743,0;755,0;-1,1;28;Ветер, дующий с юга;3;;;70 – 80%.; ;;;;;Слоисто-кучевых, слоистых, кучевых или кучево-дождевых облаков нет.;Облаков нет.;2500 или более, или облаков нет.;Высококучевые просвечивающие, расположенные на одном уровне.;Перистые нитевидные, иногда когтевидные, не распространяющиеся по небу.;10,0;3,4;;;;;;
04.05.2021 07:00;17,3;744,1;756,3;-0,9;63;Ветер, дующий с юго-юго-востока;3;;;60%.; ;;;16,4;;Слоисто-кучевых, слоистых, кучевых или кучево-дождевых облаков нет.;Облаков нет.;2500 или более, или облаков нет.;Высококучевых, высокослоистых или слоисто-дождевых облаков нет.;Перисто-кучевые одни или перисто-кучевые, сопровождаемые перистыми или перисто-слоистыми, либо те и другие, но перисто-кучевые преобладают среди них.;10,0;10,1;Осадков нет;12;Поверхность почвы сухая (без трещин и без заметного количества пыли или несвязанного песка).;12,0;;
04.05.2021 04:00;16,6;745,0;757,3;-0,9;69;Ветер, дующий с юго-востока;2;;;Облаков нет.; ;;;;;;;;;;10,0;10,9;;;;;;
04.05.2021 01:00;18,3;745,9;758,2;-0,9;61;Ветер, дующий с юга;2;;;Облаков нет.; ;;;;;;;;;;10,0;10,6;;;;;;
03.05.2021 22:00;20,2;746,8;759,0;-0,6;44;Ветер, дующий с юга;2;;;60%.; ;;;;;Слоисто-кучевых, слоистых, кучевых или кучево-дождевых облаков нет.;20–30%.;2500 или более, или облаков нет.;Высококучевые просвечивающие, расположенные на одном уровне.;Перистые нитевидные, иногда когтевидные, не распространяющиеся по небу.;10,0;7,4;;;;;;
03.05.2021 19:00;22,6;747,4;759,6;-1,8;30;Ветер, дующий с юго-юго-востока;2;;;70 – 80%.; ;;;;24,4;Слоисто-кучевых, слоистых, кучевых или кучево-дождевых облаков нет.;20–30%.;2500 или более, или облаков нет.;Высококучевые просвечивающие, расположенные на одном уровне.;Перистые нитевидные, иногда когтевидные, не распространяющиеся по небу.;10,0;4,0;Осадков нет;12;;;;
03.05.2021 16:00;23,6;749,2;761,3;-2,1;27;Ветер, дующий с юга;2;;;70 – 80%.; ;;;;;Слоисто-кучевых, слоистых, кучевых или кучево-дождевых облаков нет.;Облаков нет.;2500 или более, или облаков нет.;Высококучевых, высокослоистых или слоисто-дождевых облаков нет.;Перистые нитевидные, иногда когтевидные, не распространяющиеся по небу.;10,0;3,5;;;;;;
03.05.2021 13:00;21,1;751,3;763,5;-1,2;34;Ветер, дующий с востоко-юго-востока;2;;;70 – 80%.; ;;;;;Слоисто-кучевых, слоистых, кучевых или кучево-дождевых облаков нет.;Облаков нет.;2500 или более, или облаков нет.;Высококучевых, высокослоистых или слоисто-дождевых облаков нет.;Перистые нитевидные, иногда когтевидные, не распространяющиеся по небу.;10,0;4,4;;;;;;
03.05.2021 10:00;15,4;752,5;765,1;-0,5;45;Ветер, дующий с востоко-юго-востока;3;;;70 – 80%.; ;;;;;Слоисто-кучевых, слоистых, кучевых или кучево-дождевых облаков нет.;Облаков нет.;2500 или более, или облаков нет.;Высококучевых, высокослоистых или слоисто-дождевых облаков нет.;Перистые нитевидные, иногда когтевидные, не распространяющиеся по небу.;10,0;3,4;;;;;;
03.05.2021 07:00;10,9;753,0;765,7;0,7;55;Ветер, дующий с востока;3;;;100%.; ;;;9,8;;Слоисто-кучевых, слоистых, кучевых или кучево-дождевых облаков нет.;Облаков нет.;2500 или более, или облаков нет.;Высококучевые просвечивающие, расположенные на одном уровне.;Перистые нитевидные, иногда когтевидные, не распространяющиеся по небу.;10,0;2,1;Осадков нет;12;Поверхность почвы влажная.;5,0;;
03.05.2021 04:00;10,6;752,3;765,0;0,2;54;Ветер, дующий с востока;2;;;100%.; ;;;;;Слоисто-кучевых, слоистых, кучевых или кучево-дождевых облаков нет.;Облаков нет.;2500 или более, или облаков нет.;Высококучевых, высокослоистых или слоисто-дождевых облаков нет.;Перистые нитевидные, иногда когтевидные, не распространяющиеся по небу.;10,0;1,7;;;;;;
03.05.2021 01:00;11,6;752,1;764,7;0,5;46;Ветер, дующий с севера;1;;;100%.; ;;;;;Слоисто-кучевых, слоистых, кучевых или кучево-дождевых облаков нет.;Облаков нет.;2500 или более, или облаков нет.;Высококучевых, высокослоистых или слоисто-дождевых облаков нет.;Перистые нитевидные, иногда когтевидные, не распространяющиеся по небу.;10,0;0,2;;;;;;
02.05.2021 22:00;13,8;751,6;764,1;0,9;53;Ветер, дующий с севера;1;;;100%.; ;;;;;Слоисто-кучевых, слоистых, кучевых или кучево-дождевых облаков нет.;Облаков нет.;2500 или более, или облаков нет.;Высококучевых, высокослоистых или слоисто-дождевых облаков нет.;Перистые нитевидные, иногда когтевидные, не распространяющиеся по небу.;10,0;4,2;;;;;;
02.05.2021 19:00;17,0;750,7;763,1;-0,1;44;Ветер, дующий с северо-запада;1;;;60%.; ;;;;18,6;Слоисто-кучевые, образовавшиеся не из кучевых.;20–30%.;600-1000;Высококучевых, высокослоистых или слоисто-дождевых облаков нет.;Перистые нитевидные, иногда когтевидные, не распространяющиеся по небу.;10,0;4,7;Осадков нет;12;;;;
02.05.2021 16:00;18,1;750,8;763,1;-0,1;47;Ветер, дующий с запада;2;;;100%.; ;;;;;Слоисто-кучевые, образовавшиеся не из кучевых.;20–30%.;600-1000;Высококучевых, высокослоистых или слоисто-дождевых облаков нет.;Перистые нитевидные, иногда когтевидные, не распространяющиеся по небу.;10,0;6,7;;;;;;
02.05.2021 13:00;16,2;750,9;763,3;0,3;56;Ветер, дующий с запада;2;;;100%.; ;;;;;Слоисто-кучевые, образовавшиеся из кучевых.;50%.;600-1000;Высококучевые просвечивающие, расположенные на одном уровне.;Перистые нитевидные, иногда когтевидные, не распространяющиеся по небу.;10,0;7,3;;;;;;
02.05.2021 10:00;13,9;750,6;763,1;1,0;75;Ветер, дующий с северо-запада;1;;;100%.;Состояние неба в общем не изменилось. ;Дождь.;Облака покрывали более половины неба в течение всего соответствующего периода.;;;Слоисто-кучевых, слоистых, кучевых или кучево-дождевых облаков нет.;50%.;2500 или более, или облаков нет.;Высококучевые просвечивающие, расположенные на одном уровне.;Перистые нитевидные, иногда когтевидные, не распространяющиеся по небу.;10,0;9,6;;;;;;
02.05.2021 07:00;10,5;749,6;762,2;1,5;94;Ветер, дующий с северо-запада;2;;;70 – 80%.;Состояние неба в общем не изменилось. ;Дождь.;Облака покрывали более половины неба в течение всего соответствующего периода.;9,1;;Слоисто-кучевых, слоистых, кучевых или кучево-дождевых облаков нет.;Облаков нет.;2500 или более, или облаков нет.;Высококучевых, высокослоистых или слоисто-дождевых облаков нет.;Перистые нитевидные, иногда когтевидные, не распространяющиеся по небу.;10,0;9,6;0,7;12;Поверхность почвы влажная.;7,0;;
02.05.2021 04:00;11,1;748,1;760,7;0,6;93;Ветер, дующий с запада;1;;;100%.;Дождь незамерзающий непрерывный слабый в срок наблюдения. ;Дождь.;Облака покрывали более половины неба в течение всего соответствующего периода.;;;Слоисто-кучевые, образовавшиеся не из кучевых.;60%.;600-1000;Высококучевые просвечивающие, расположенные на одном уровне.;;10,0;10,0;;;;;;
02.05.2021 01:00;14,4;747,5;760,0;0,3;61;Ветер, дующий с западо-юго-запада;2;;;90  или более, но не 100%; ;;;;;Слоисто-кучевых, слоистых, кучевых или кучево-дождевых облаков нет.;90  или более, но не 100%;2500 или более, или облаков нет.;Высококучевые просвечивающие, расположенные на одном уровне.;Перистых, перисто-кучевых или перисто-слоистых нет.;10,0;6,9;;;;;;
01.05.2021 22:00;16,1;747,2;759,6;-0,1;43;Ветер, дующий с юга;2;;;100%.; ;;;;;Слоисто-кучевые, образовавшиеся не из кучевых.;60%.;2500 или более, или облаков нет.;Высококучевые просвечивающие, расположенные на одном уровне.;;10,0;3,5;;;;;;
01.05.2021 19:00;17,9;747,3;759,6;-1,5;39;Ветер, дующий с юга;1;;;70 – 80%.; ;;;;18,0;Кучево-дождевые лысые с кучевыми, слоисто-кучевыми или слоистыми, либо без них.;50%.;600-1000;Высококучевые просвечивающие, расположенные на одном уровне.;Перистых, перисто-кучевых или перисто-слоистых нет.;10,0;3,7;2;12;;;;
01.05.2021 16:00;15,8;748,8;761,2;-1,4;44;Ветер, дующий с юга;2;;;100%.;Состояние неба в общем не изменилось. ;Дождь.;Облака покрывали более половины неба в течение всего соответствующего периода.;;;Слоисто-кучевые, образовавшиеся не из кучевых.;70 – 80%.;600-1000;Высококучевые просвечивающие, расположенные на одном уровне.;;10,0;3,4;;;;;;
01.05.2021 13:00;13,2;750,2;762,8;-1,2;52;Ветер, дующий с юга;2;;;100%.;Дождь (незамерзающий) неливневый. ;Дождь.;Облака покрывали более половины неба в течение всего соответствующего периода.;;;Слоисто-кучевые, образовавшиеся не из кучевых.;60%.;600-1000;Высококучевые просвечивающие, расположенные на одном уровне.;;10,0;3,6;;;;;;
01.05.2021 10:00;11,0;751,4;764,1;-0,8;64;Ветер, дующий с юго-юго-запада;2;;;100%.;Дождь незамерзающий непрерывный слабый в срок наблюдения. ;Дождь.;Облака покрывали более половины неба в течение всего соответствующего периода.;9,6;;Слоисто-кучевые, образовавшиеся не из кучевых.;70 – 80%.;600-1000;Высококучевые просвечивающие, расположенные на одном уровне.;;10,0;4,3;;;;;;
01.05.2021 07:00;9,7;752,2;765,0;-0,2;71;Ветер, дующий с юго-юго-востока;2;;;100%.;Дождь незамерзающий непрерывный слабый в срок наблюдения. ;Дождь.;Облака покрывали более половины неба в течение всего соответствующего периода.;9,7;;Слоисто-кучевые, образовавшиеся не из кучевых.;100%.;600-1000;;;10,0;4,7;0,4;12;Поверхность почвы влажная.;8,0;;
01.05.2021 04:00;11,5;752,4;765,1;-0,4;46;Ветер, дующий с юга;2;;;100%.; ;;;;;Слоисто-кучевых, слоистых, кучевых или кучево-дождевых облаков нет.;20–30%.;2500 или более, или облаков нет.;Высококучевые просвечивающие, расположенные на одном уровне.;Перистые нитевидные, иногда когтевидные, не распространяющиеся по небу.;10,0;0,1;;;;;;
01.05.2021 01:00;11,6;752,8;765,5;0,0;40;Ветер, дующий с юго-юго-запада;2;;;100%.; ;;;;;Слоисто-кучевых, слоистых, кучевых или кучево-дождевых облаков нет.;Облаков нет.;2500 или более, или облаков нет.;Высококучевых, высокослоистых или слоисто-дождевых облаков нет.;Перистые нитевидные, иногда когтевидные, не распространяющиеся по небу.;10,0;-1,5;;;;;;
