# Метеостанция Санкт-Петербург, Россия, WMO_ID=26063, выборка с 01.05.2021 по 01.06.2021, все дни;;;;;;;;;;;;;;;;;;;;;;;;;;;;
# Кодировка: UTF-8;;;;;;;;;;;;;;;;;;;;;;;;;;;;
"# Информация предоставлена сайтом ""Расписание Погоды"", rp5.ru";;;;;;;;;;;;;;;;;;;;;;;;;;;;
# Пожалуйста, при использовании данных, любезно указывайте названный сайт.;;;;;;;;;;;;;;;;;;;;;;;;;;;;
# Обозначения метеопараметров см. по адресу http://rp5.ru/archive.php?wmo_id=26063&lang=ru;;;;;;;;;;;;;;;;;;;;;;;;;;;;
#;;;;;;;;;;;;;;;;;;;;;;;;;;;;
Местное время в Санкт-Петербурге;T;Po;P;Pa;U;DD;Ff;ff10;ff3;N;WW;W1;W2;Tn;Tx;Cl;Nh;H;Cm;Ch;VV;Td;RRR;tR;E;Tg;E';sss
01.06.2021 18:00;19,1;768,7;769,0;0,3;38;Ветер, дующий с востоко-северо-востока;1;;;20–30%.; ;;;;;Кучевые плоские или кучевые разорванные, или те и другие вместе, не относящиеся к облакам плохой погоды.;20–30%.;1000-1500;Высококучевых, высокослоистых или слоисто-дождевых облаков нет.;Перистых, перисто-кучевых или перисто-слоистых нет.;10,0;4,5;Осадков нет;12;;;;
01.06.2021 15:00;18,8;768,4;768,8;0,3;38;Ветер, дующий с северо-северо-востока;1;;;50%.; ;;;;;Кучевые плоские или кучевые разорванные, или те и другие вместе, не относящиеся к облакам плохой погоды.;50%.;1000-1500;Высококучевых, высокослоистых или слоисто-дождевых облаков нет.;Перистых, перисто-кучевых или перисто-слоистых нет.;10,0;4,3;;;;;;
01.06.2021 12:00;17,6;768,1;768,4;0,6;40;Ветер, дующий с севера;1;;;40%.; ;;;;;Кучевые плоские или кучевые разорванные, или те и другие вместе, не относящиеся к облакам плохой погоды.;40%.;600-1000;Высококучевых, высокослоистых или слоисто-дождевых облаков нет.;Перистых, перисто-кучевых или перисто-слоистых нет.;10,0;3,9;;;;;;
01.06.2021 09:00;15,5;767,5;767,8;1,2;53;Ветер, дующий с востока;1;;;Облаков нет.; ;;;8,4;;;;;;;10,0;5,9;Осадков нет;12;Поверхность почвы влажная.;6,0;;
01.06.2021 06:00;9,8;766,3;766,7;0,9;82;Штиль, безветрие;0;;;20–30%.; ;;;8,4;;Слоисто-кучевых, слоистых, кучевых или кучево-дождевых облаков нет.;Облаков нет.;2500 или более, или облаков нет.;Высококучевых, высокослоистых или слоисто-дождевых облаков нет.;Перистые нитевидные, иногда когтевидные, не распространяющиеся по небу.;10,0;6,8;Следы осадков;12;;;;
01.06.2021 03:00;9,9;765,4;765,8;0,6;80;Штиль, безветрие;0;;;90  или более, но не 100%; ;;;;;Слоисто-кучевых, слоистых, кучевых или кучево-дождевых облаков нет.;90  или более, но не 100%;2500 или более, или облаков нет.;Высококучевые просвечивающие, расположенные на одном уровне.;Перистых, перисто-кучевых или перисто-слоистых нет.;10,0;6,5;;;;;;
01.06.2021 00:00;11,8;764,8;765,2;0,4;66;Ветер, дующий с востока;1;;;90  или более, но не 100%; ;;;;;Слоисто-кучевых, слоистых, кучевых или кучево-дождевых облаков нет.;90  или более, но не 100%;2500 или более, или облаков нет.;Высококучевые просвечивающие, расположенные на одном уровне.;Перистых, перисто-кучевых или перисто-слоистых нет.;10,0;5,7;;;;;;
31.05.2021 21:00;11,8;764,4;764,8;-0,2;69;Штиль, безветрие;0;;;100%.;Состояние неба в общем не изменилось. ;Дождь.;Облака покрывали более половины неба в течение всего соответствующего периода.;;15,4;Слоисто-кучевых, слоистых, кучевых или кучево-дождевых облаков нет.;100%.;2500 или более, или облаков нет.;Высококучевые, просвечивающие или плотные в двух или более слоях или высококучевые плотные в одном слое, не распространяющиеся но небу, либо высококучевые с высокослоистыми или слоисто-дождевыми.;;10,0;6,2;Следы осадков;12;;;;
31.05.2021 18:00;13,2;764,6;765,0;-0,2;57;Ветер, дующий с северо-северо-запада;2;;;100%.; ;;;;;Слоисто-кучевые, образовавшиеся не из кучевых.;20–30%.;1000-1500;Высококучевые, просвечивающие или плотные в двух или более слоях или высококучевые плотные в одном слое, не распространяющиеся но небу, либо высококучевые с высокослоистыми или слоисто-дождевыми.;;10,0;4,7;Осадков нет;12;;;;
31.05.2021 15:00;15,2;764,8;765,1;-1,2;44;Ветер, дующий с северо-запада;2;;;100%.; ;;;;;Слоисто-кучевые, образовавшиеся не из кучевых.;40%.;1000-1500;Высококучевые просвечивающие, расположенные на одном уровне.;;10,0;2,8;;;;;;
31.05.2021 12:00;15,5;766,0;766,3;-1,2;40;Ветер, дующий с запада;1;;;50%.; ;;;;;Слоисто-кучевых, слоистых, кучевых или кучево-дождевых облаков нет.;20–30%.;2500 или более, или облаков нет.;Высококучевые просвечивающие, расположенные на одном уровне.;Перисто-кучевые одни или перисто-кучевые, сопровождаемые перистыми или перисто-слоистыми, либо те и другие, но перисто-кучевые преобладают среди них.;10,0;2,0;;;;;;
31.05.2021 09:00;12,7;767,2;767,5;-0,9;45;Ветер, дующий с юго-запада;2;;;20–30%.; ;;;7,0;;Слоисто-кучевых, слоистых, кучевых или кучево-дождевых облаков нет.;Облаков нет.;2500 или более, или облаков нет.;Высококучевых, высокослоистых или слоисто-дождевых облаков нет.;Перистые нитевидные, иногда когтевидные, не распространяющиеся по небу.;10,0;0,9;Осадков нет;12;Поверхность почвы сухая (без трещин и без заметного количества пыли или несвязанного песка).;2,0;;
31.05.2021 06:00;8,2;768,1;768,5;-0,5;55;Ветер, дующий с юга;1;;;Облаков нет.; ;;;7,0;;;;;;;10,0;-0,3;Осадков нет;12;;;;
31.05.2021 03:00;8,5;768,6;769,0;-0,1;49;Ветер, дующий с юга;1;;;Облаков нет.; ;;;;;;;;;;10,0;-1,6;;;;;;
31.05.2021 00:00;8,3;768,7;769,1;-0,2;61;Штиль, безветрие;0;;;Облаков нет.; ;;;;;;;;;;10,0;1,2;;;;;;
30.05.2021 21:00;11,8;768,9;769,3;0,0;42;Штиль, безветрие;0;;;Облаков нет.; ;;;;15,3;;;;;;10,0;-0,8;Осадков нет;12;;;;
30.05.2021 18:00;14,7;768,9;769,3;-0,7;34;Ветер, дующий с северо-северо-востока;1;;;Облаков нет.; ;;;;;;;;;;10,0;-1,0;Осадков нет;12;;;;
30.05.2021 15:00;13,9;769,6;770,0;-0,4;32;Ветер, дующий с востока;1;;;20–30%.; ;;;;;Слоисто-кучевых, слоистых, кучевых или кучево-дождевых облаков нет.;Облаков нет.;2500 или более, или облаков нет.;Высококучевых, высокослоистых или слоисто-дождевых облаков нет.;Перистые нитевидные, иногда когтевидные, не распространяющиеся по небу.;10,0;-2,6;;;;;;
30.05.2021 12:00;12,8;770,0;770,4;0,4;34;Ветер, дующий с востоко-северо-востока;2;;;60%.; ;;;;;Кучевые плоские или кучевые разорванные, или те и другие вместе, не относящиеся к облакам плохой погоды.;60%.;2500 или более, или облаков нет.;Высококучевых, высокослоистых или слоисто-дождевых облаков нет.;Перистых, перисто-кучевых или перисто-слоистых нет.;10,0;-2,9;;;;;;
30.05.2021 09:00;10,2;769,6;770,0;0,7;46;Ветер, дующий с северо-востока;1;;;60%.; ;;;7,3;;Кучевые плоские или кучевые разорванные, или те и другие вместе, не относящиеся к облакам плохой погоды.;60%.;600-1000;Высококучевых, высокослоистых или слоисто-дождевых облаков нет.;Перистых, перисто-кучевых или перисто-слоистых нет.;10,0;-1,1;Осадков нет;12;Поверхность почвы влажная.;4,0;;
30.05.2021 06:00;7,5;768,9;769,3;1,1;69;Ветер, дующий с северо-северо-востока;1;;;Облаков нет.; ;;;7,3;;;;;;;10,0;2,1;Осадков нет;12;;;;
30.05.2021 03:00;7,7;767,8;768,2;0,9;65;Ветер, дующий с северо-северо-востока;1;;;40%.; ;;;;;Слоисто-кучевые, образовавшиеся из кучевых.;20–30%.;300-600;Высококучевые просвечивающие, расположенные на одном уровне.;Перистых, перисто-кучевых или перисто-слоистых нет.;10,0;1,5;;;;;;
30.05.2021 00:00;7,6;766,9;767,3;0,7;67;Штиль, безветрие;0;;;70 – 80%.; ;;;;;Слоисто-кучевые, образовавшиеся из кучевых.;20–30%.;600-1000;Высококучевые просвечивающие, расположенные на одном уровне.;Перистых, перисто-кучевых или перисто-слоистых нет.;10,0;1,7;;;;;;
29.05.2021 21:00;11,1;766,2;766,6;0,9;42;Ветер, дующий с северо-востока;1;;;60%.; ;;;;14,2;Слоисто-кучевых, слоистых, кучевых или кучево-дождевых облаков нет.;Облаков нет.;2500 или более, или облаков нет.;Высококучевые просвечивающие, расположенные на одном уровне.;Перисто-кучевые одни или перисто-кучевые, сопровождаемые перистыми или перисто-слоистыми, либо те и другие, но перисто-кучевые преобладают среди них.;10,0;-1,3;Осадков нет;12;;;;
29.05.2021 18:00;13,2;765,3;765,7;0,0;36;Ветер, дующий с северо-востока;1;;;40%.; ;;;;;Слоисто-кучевых, слоистых, кучевых или кучево-дождевых облаков нет.;Облаков нет.;2500 или более, или облаков нет.;Высококучевые просвечивающие, расположенные на одном уровне.;Перистых, перисто-кучевых или перисто-слоистых нет.;10,0;-1,5;Осадков нет;12;;;;
29.05.2021 15:00;12,7;765,3;765,7;0,8;33;Ветер, дующий с северо-северо-востока;3;;;20–30%.; ;;;;;Кучевые плоские или кучевые разорванные, или те и другие вместе, не относящиеся к облакам плохой погоды.;10%  или менее, но не 0;300-600;Высококучевые просвечивающие, расположенные на одном уровне.;Перистых, перисто-кучевых или перисто-слоистых нет.;10,0;-3,4;;;;;;
29.05.2021 12:00;11,5;764,5;764,8;1,5;53;Ветер, дующий с северо-востока;2;;;70 – 80%.; ;;;;;Слоисто-кучевые, образовавшиеся из кучевых.;70 – 80%.;300-600;Высококучевых, высокослоистых или слоисто-дождевых облаков нет.;Перистых, перисто-кучевых или перисто-слоистых нет.;10,0;2,2;;;;;;
29.05.2021 09:00;11,6;763,0;763,5;1,5;61;Ветер, дующий с северо-востока;2;;;60%.; ;;;9,0;;Кучевые плоские или кучевые разорванные, или те и другие вместе, не относящиеся к облакам плохой погоды.;60%.;300-600;Высококучевых, высокослоистых или слоисто-дождевых облаков нет.;Перистых, перисто-кучевых или перисто-слоистых нет.;10,0;4,2;Следы осадков;12;Поверхность почвы влажная.;8,0;;
29.05.2021 06:00;9,2;761,5;761,9;0,9;83;Ветер, дующий с северо-востока;2;;;50%.; ;;;9,1;;"Кучевые средние или мощные или вместе с кучевыми разорванными, или с кучевыми плоскими, или со слоисто-кучевыми, либо без них; основания всех этих облаков расположены на одном уровне.";50%.;1000-1500;Высококучевых, высокослоистых или слоисто-дождевых облаков нет.;Перистых, перисто-кучевых или перисто-слоистых нет.;10,0;6,5;Следы осадков;12;;;;
29.05.2021 03:00;9,6;760,6;760,9;0,3;89;Ветер, дующий с северо-северо-запада;1;;;90  или более, но не 100%;Состояние неба в общем не изменилось. ;Дождь.;Облака покрывали более половины неба в течение всего соответствующего периода.;;;Слоисто-кучевых, слоистых, кучевых или кучево-дождевых облаков нет.;90  или более, но не 100%;2000-2500;Высококучевые просвечивающие, расположенные на одном уровне.;Перистых, перисто-кучевых или перисто-слоистых нет.;10,0;7,8;;;;;;
29.05.2021 00:00;10,3;760,3;760,7;0,3;80;Ветер, дующий с западо-северо-запада;2;;;90  или более, но не 100%; ;;;;;Слоисто-кучевые, образовавшиеся не из кучевых.;90  или более, но не 100%;1000-1500;Высококучевых, высокослоистых или слоисто-дождевых облаков нет.;Перистых, перисто-кучевых или перисто-слоистых нет.;10,0;7,0;;;;;;
28.05.2021 21:00;12,0;760,0;760,4;-0,7;70;Ветер, дующий с запада;2;;;90  или более, но не 100%; ;;;;15,8;Слоисто-кучевых, слоистых, кучевых или кучево-дождевых облаков нет.;50%.;2500 или более, или облаков нет.;Высококучевые башенкообразные или хлопьевидные.;Перистые когтевидные или нитевидные или первые и вторые, распространяющиеся по небу и в целом обычно уплотняющиеся.;10,0;6,7;Осадков нет;12;;;;
28.05.2021 18:00;13,0;760,7;761,1;0,1;66;Ветер, дующий с запада;4;;;90  или более, но не 100%; ;;;;;Слоисто-кучевые, образовавшиеся не из кучевых.;90  или более, но не 100%;1500-2000;Высококучевых, высокослоистых или слоисто-дождевых облаков нет.;Перистых, перисто-кучевых или перисто-слоистых нет.;10,0;6,8;Осадков нет;12;;;;
28.05.2021 15:00;15,3;760,6;761,1;-0,1;63;Ветер, дующий с западо-северо-запада;4;;;Облаков нет.; ;;;;;;;;;;10,0;8,2;;;;;;
28.05.2021 12:00;12,6;760,7;761,1;0,4;78;Ветер, дующий с западо-северо-запада;3;;;10%  или менее, но не 0; ;;;;;"Кучевые средние или мощные или вместе с кучевыми разорванными, или с кучевыми плоскими, или со слоисто-кучевыми, либо без них; основания всех этих облаков расположены на одном уровне.";10%  или менее, но не 0;600-1000;Высококучевых, высокослоистых или слоисто-дождевых облаков нет.;Перистых, перисто-кучевых или перисто-слоистых нет.;10,0;8,8;;;;;;
28.05.2021 09:00;11,9;760,3;760,6;0,3;84;Ветер, дующий с запада;3;;;90  или более, но не 100%; ;;;10,1;;Слоисто-кучевые, образовавшиеся не из кучевых.;90  или более, но не 100%;300-600;Высококучевых, высокослоистых или слоисто-дождевых облаков нет.;Перистых, перисто-кучевых или перисто-слоистых нет.;10,0;9,2;2;12;Поверхность почвы влажная.;9,0;;
28.05.2021 06:00;10,4;760,0;760,3;0,3;92;Ветер, дующий с юго-запада;1;;;100%.; ;;;10,1;;Слоистые туманообразные или слоистые разорванные, либо те и другие, но не относящиеся к облакам плохой погоды.;100%.;300-600;;;10,0;9,2;4;12;;;;
28.05.2021 03:00;10,3;759,7;760,1;-0,4;94;Ветер, дующий с юго-запада;1;;;90  или более, но не 100%;Состояние неба в общем не изменилось. ;Ливень (ливни).;Дождь.;;;Слоисто-кучевые, образовавшиеся из кучевых.;90  или более, но не 100%;600-1000;Высококучевых, высокослоистых или слоисто-дождевых облаков нет.;Перистых, перисто-кучевых или перисто-слоистых нет.;10,0;9,4;;;;;;
28.05.2021 00:00;11,5;760,1;760,5;-0,7;91;Ветер, дующий с юго-юго-запада;1;;;100%.;Ливневый(ые) дождь(и) слабый(ые) в срок наблюдения или за последний час. ;Ливень (ливни).;Дождь.;;;Кучево-дождевые лысые с кучевыми, слоисто-кучевыми или слоистыми, либо без них.;100%.;600-1000;;;4,0;10,1;;;;;;
27.05.2021 21:00;11,5;760,8;761,2;-0,1;92;Ветер, дующий с северо-северо-запада;1;;;100%.;Дождь незамерзающий непрерывный слабый в срок наблюдения. ;Ливень (ливни).;Дождь.;;19,1;Слоисто-кучевых, слоистых, кучевых или кучево-дождевых облаков нет.;100%.;1500-2000;Высокослоистые непросвечивающие или слоисто-дождевые.;;4,0;10,2;4;12;;;;
27.05.2021 18:00;13,4;760,9;761,2;0,2;78;Ветер, дующий с запада;4;;10;100%.;Ливневый(ые) дождь(и). ;Облака покрывали более половины неба в течение всего соответствующего периода.;Облака покрывали более половины неба в течение всего соответствующего периода.;;;Кучево-дождевые лысые с кучевыми, слоисто-кучевыми или слоистыми, либо без них.;70 – 80%.;600-1000;;;10,0;9,7;2;12;;;;
27.05.2021 15:00;18,3;760,7;761,1;-0,8;42;Ветер, дующий с юга;1;;;90  или более, но не 100%; ;;;;;"Кучевые средние или мощные или вместе с кучевыми разорванными, или с кучевыми плоскими, или со слоисто-кучевыми, либо без них; основания всех этих облаков расположены на одном уровне.";70 – 80%.;1000-1500;Высококучевых, высокослоистых или слоисто-дождевых облаков нет.;Перистые нитевидные, иногда когтевидные, не распространяющиеся по небу.;10,0;5,1;;;;;;
27.05.2021 12:00;17,1;761,5;761,8;-0,1;50;Ветер, дующий с юго-юго-запада;2;;;20–30%.; ;;;;;Кучевые плоские или кучевые разорванные, или те и другие вместе, не относящиеся к облакам плохой погоды.;20–30%.;600-1000;Высококучевых, высокослоистых или слоисто-дождевых облаков нет.;Перистых, перисто-кучевых или перисто-слоистых нет.;10,0;6,6;;;;;;
27.05.2021 09:00;14,4;761,6;762,0;0,1;65;Ветер, дующий с юго-юго-запада;2;;;10%  или менее, но не 0; ;;;8,5;;Слоисто-кучевых, слоистых, кучевых или кучево-дождевых облаков нет.;Облаков нет.;2500 или более, или облаков нет.;Высококучевых, высокослоистых или слоисто-дождевых облаков нет.;Перистые нитевидные, иногда когтевидные, не распространяющиеся по небу.;10,0;7,8;Осадков нет;12;Поверхность почвы влажная.;6,0;;
27.05.2021 06:00;9,1;761,5;761,9;0,2;87;Штиль, безветрие;0;;;20–30%.; ;;;8,5;;Слоисто-кучевых, слоистых, кучевых или кучево-дождевых облаков нет.;20–30%.;2500 или более, или облаков нет.;Высококучевые просвечивающие, расположенные на одном уровне.;Перистых, перисто-кучевых или перисто-слоистых нет.;10,0;7,1;2;12;;;;
27.05.2021 03:00;9,5;761,3;761,7;0,2;84;Ветер, дующий с юго-востока;1;;;60%.; ;;;;;Слоисто-кучевых, слоистых, кучевых или кучево-дождевых облаков нет.;40%.;2500 или более, или облаков нет.;Высококучевые просвечивающие, расположенные на одном уровне.;Перистые нитевидные, иногда когтевидные, не распространяющиеся по небу.;10,0;6,9;;;;;;
27.05.2021 00:00;9,4;761,1;761,5;0,3;83;Штиль, безветрие;0;;;60%.; ;;;;;Слоисто-кучевых, слоистых, кучевых или кучево-дождевых облаков нет.;Облаков нет.;2500 или более, или облаков нет.;Высококучевых, высокослоистых или слоисто-дождевых облаков нет.;Перистые нитевидные, иногда когтевидные, не распространяющиеся по небу.;10,0;6,6;;;;;;
26.05.2021 21:00;11,1;760,8;761,2;2,6;75;Ветер, дующий с юго-запада;3;;10;20–30%.;Облака в целом рассеиваются или становятся менее развитыми. ;Дождь.;Облака покрывали более половины неба в течение всего соответствующего периода.;;12,1;Слоисто-кучевых, слоистых, кучевых или кучево-дождевых облаков нет.;20–30%.;2500 или более, или облаков нет.;Высококучевые просвечивающие, расположенные на одном уровне.;Перистых, перисто-кучевых или перисто-слоистых нет.;10,0;6,7;9;12;;;;
26.05.2021 18:00;10,9;758,2;758,6;-2,7;93;Ветер, дующий с востока;2;;;100%.;Дождь незамерзающий непрерывный умеренный в срок наблюдения. ;Дождь.;Облака покрывали более половины неба в течение всего соответствующего периода.;;;"Слоистые разорванные или кучевые разорванные облака плохой погоды, либо те и другие вместе (разорванно-дождевые); обычно расположены под слоистыми или слоисто-дождевыми облаками.";100%.;300-600;Высокослоистые непросвечивающие или слоисто-дождевые.;;4,0;9,8;7;12;;;;
26.05.2021 15:00;10,9;760,9;761,2;-2,2;84;Ветер, дующий с востоко-северо-востока;2;;;100%.;Дождь незамерзающий непрерывный слабый в срок наблюдения. ;Дождь.;Облака покрывали более половины неба в течение всего соответствующего периода.;;;Слоисто-кучевых, слоистых, кучевых или кучево-дождевых облаков нет.;100%.;2500 или более, или облаков нет.;Высокослоистые непросвечивающие или слоисто-дождевые.;;10,0;8,2;;;;;;
26.05.2021 12:00;10,5;763,1;763,5;-1,5;76;Ветер, дующий с востоко-северо-востока;1;;;100%.;Дождь незамерзающий с перерывами слабый в срок наблюдения. ;Дождь.;Облака покрывали более половины неба в течение всего соответствующего периода.;;;Слоисто-кучевых, слоистых, кучевых или кучево-дождевых облаков нет.;100%.;2500 или более, или облаков нет.;Высокослоистые непросвечивающие или слоисто-дождевые.;;10,0;6,5;;;;;;
26.05.2021 09:00;10,2;764,6;765,0;-1,1;71;Ветер, дующий с востока;1;;;100%.; ;;;8,1;;Слоисто-кучевых, слоистых, кучевых или кучево-дождевых облаков нет.;100%.;2500 или более, или облаков нет.;Высококучевые, просвечивающие или плотные в двух или более слоях или высококучевые плотные в одном слое, не распространяющиеся но небу, либо высококучевые с высокослоистыми или слоисто-дождевыми.;;10,0;5,2;Осадков нет;12;Поверхность почвы сухая (без трещин и без заметного количества пыли или несвязанного песка).;7,0;;
26.05.2021 06:00;9,3;765,7;766,1;-0,7;77;Ветер, дующий с востока;2;;;60%.; ;;;8,1;;Слоисто-кучевых, слоистых, кучевых или кучево-дождевых облаков нет.;Облаков нет.;2500 или более, или облаков нет.;Высококучевых, высокослоистых или слоисто-дождевых облаков нет.;Перистые нитевидные, иногда когтевидные, не распространяющиеся по небу.;10,0;5,5;Осадков нет;12;;;;
26.05.2021 03:00;8,9;766,4;766,9;-0,9;82;Ветер, дующий с востоко-северо-востока;1;;;60%.; ;;;;;Слоисто-кучевых, слоистых, кучевых или кучево-дождевых облаков нет.;Облаков нет.;2500 или более, или облаков нет.;Высококучевых, высокослоистых или слоисто-дождевых облаков нет.;Перистые нитевидные, иногда когтевидные, не распространяющиеся по небу.;10,0;6,0;;;;;;
26.05.2021 00:00;8,1;767,3;767,7;0,2;74;Ветер, дующий с востоко-северо-востока;1;;;90  или более, но не 100%; ;;;;;Слоисто-кучевых, слоистых, кучевых или кучево-дождевых облаков нет.;90  или более, но не 100%;2500 или более, или облаков нет.;Высококучевые, просвечивающие или плотные в двух или более слоях или высококучевые плотные в одном слое, не распространяющиеся но небу, либо высококучевые с высокослоистыми или слоисто-дождевыми.;Перистых, перисто-кучевых или перисто-слоистых нет.;10,0;3,6;;;;;;
25.05.2021 21:00;10,2;767,1;767,5;0,1;57;Ветер, дующий с востоко-северо-востока;1;;;90  или более, но не 100%; ;;;;16,7;Слоисто-кучевых, слоистых, кучевых или кучево-дождевых облаков нет.;90  или более, но не 100%;1500-2000;Высококучевые, просвечивающие или плотные в двух или более слоях или высококучевые плотные в одном слое, не распространяющиеся но небу, либо высококучевые с высокослоистыми или слоисто-дождевыми.;Перистых, перисто-кучевых или перисто-слоистых нет.;10,0;1,9;Осадков нет;12;;;;
25.05.2021 18:00;14,1;767,0;767,4;-0,3;55;Ветер, дующий с востоко-северо-востока;1;;;90  или более, но не 100%; ;;;;;Слоисто-кучевых, слоистых, кучевых или кучево-дождевых облаков нет.;90  или более, но не 100%;2500 или более, или облаков нет.;Высококучевые, просвечивающие или плотные в двух или более слоях или высококучевые плотные в одном слое, не распространяющиеся но небу, либо высококучевые с высокослоистыми или слоисто-дождевыми.;Перистых, перисто-кучевых или перисто-слоистых нет.;10,0;5,1;Осадков нет;12;;;;
25.05.2021 15:00;14,7;767,3;767,7;-0,1;60;Ветер, дующий с северо-востока;1;;;70 – 80%.; ;;;;;Слоисто-кучевых, слоистых, кучевых или кучево-дождевых облаков нет.;70 – 80%.;1000-1500;Высококучевые, просвечивающие или плотные в двух или более слоях или высококучевые плотные в одном слое, не распространяющиеся но небу, либо высококучевые с высокослоистыми или слоисто-дождевыми.;Перистых, перисто-кучевых или перисто-слоистых нет.;10,0;6,9;;;;;;
25.05.2021 12:00;13,9;767,4;767,8;0,5;64;Ветер, дующий с востоко-юго-востока;1;;;70 – 80%.; ;;;;;Кучевые плоские или кучевые разорванные, или те и другие вместе, не относящиеся к облакам плохой погоды.;40%.;1000-1500;Высококучевые, просвечивающие или плотные в двух или более слоях или высококучевые плотные в одном слое, не распространяющиеся но небу, либо высококучевые с высокослоистыми или слоисто-дождевыми.;Перистые нитевидные, иногда когтевидные, не распространяющиеся по небу.;10,0;7,1;;;;;;
25.05.2021 09:00;11,8;766,9;767,3;1,0;71;Штиль, безветрие;0;;;70 – 80%.; ;;;8,8;;Слоисто-кучевые, образовавшиеся не из кучевых.;50%.;600-1000;Высококучевые, просвечивающие или плотные в двух или более слоях или высококучевые плотные в одном слое, не распространяющиеся но небу, либо высококучевые с высокослоистыми или слоисто-дождевыми.;Перистых, перисто-кучевых или перисто-слоистых нет.;10,0;6,7;Осадков нет;12;Поверхность почвы влажная.;7,0;;
25.05.2021 06:00;9,5;765,9;766,3;0,7;90;Штиль, безветрие;0;;;60%.; ;;;8,8;;Слоисто-кучевые, образовавшиеся из кучевых.;20–30%.;300-600;Высококучевые просвечивающие, расположенные на одном уровне.;Перистых, перисто-кучевых или перисто-слоистых нет.;10,0;7,9;Осадков нет;12;;;;
25.05.2021 03:00;9,0;765,2;765,6;0,8;86;Штиль, безветрие;0;;;90  или более, но не 100%; ;;;;;Слоисто-кучевых, слоистых, кучевых или кучево-дождевых облаков нет.;Облаков нет.;2000-2500;Высококучевые просвечивающие, расположенные на одном уровне.;Перистых, перисто-кучевых или перисто-слоистых нет.;10,0;6,8;;;;;;
25.05.2021 00:00;10,8;764,4;764,8;1,4;66;Ветер, дующий с запада;2;;;70 – 80%.; ;;;;;Слоисто-кучевые, образовавшиеся из кучевых.;60%.;1500-2000;Высококучевые просвечивающие, расположенные на одном уровне.;Перистых, перисто-кучевых или перисто-слоистых нет.;10,0;4,7;;;;;;
24.05.2021 21:00;12,5;763,0;763,4;1,4;59;Ветер, дующий с запада;2;;;20–30%.; ;;;;15,8;Слоисто-кучевых, слоистых, кучевых или кучево-дождевых облаков нет.;Облаков нет.;2500 или более, или облаков нет.;Высококучевых, высокослоистых или слоисто-дождевых облаков нет.;Перистые нитевидные, иногда когтевидные, не распространяющиеся по небу.;10,0;4,6;Осадков нет;12;;;;
24.05.2021 18:00;15,3;761,6;762,0;1,3;50;Ветер, дующий с запада;3;;10;20–30%.; ;;;;;Кучевые плоские или кучевые разорванные, или те и другие вместе, не относящиеся к облакам плохой погоды.;10%  или менее, но не 0;300-600;Высококучевых, высокослоистых или слоисто-дождевых облаков нет.;Перистые нитевидные, иногда когтевидные, не распространяющиеся по небу.;10,0;4,9;0,8;12;;;;
24.05.2021 15:00;15,0;760,3;760,6;1,5;61;Ветер, дующий с запада;4;;11;20–30%.; ;;;;;"Кучевые средние или мощные или вместе с кучевыми разорванными, или с кучевыми плоскими, или со слоисто-кучевыми, либо без них; основания всех этих облаков расположены на одном уровне.";20–30%.;300-600;Высококучевых, высокослоистых или слоисто-дождевых облаков нет.;Перистых, перисто-кучевых или перисто-слоистых нет.;10,0;7,6;;;;;;
24.05.2021 12:00;11,8;758,8;759,2;2,7;78;Ветер, дующий с запада;4;;11;90  или более, но не 100%; ;;;;;Слоисто-кучевые, образовавшиеся из кучевых.;90  или более, но не 100%;300-600;Высококучевых, высокослоистых или слоисто-дождевых облаков нет.;Перистых, перисто-кучевых или перисто-слоистых нет.;10,0;8,1;;;;;;
24.05.2021 09:00;10,9;756,1;756,4;2,7;86;Ветер, дующий с запада;3;;10;100%.;Состояние неба в общем не изменилось. ;Дождь.;Облака покрывали более половины неба в течение всего соответствующего периода.;9,9;;Слоисто-кучевые, образовавшиеся из кучевых.;100%.;300-600;;;10,0;8,6;7;12;Поверхность почвы влажная.;10,0;;
24.05.2021 06:00;10,2;753,4;753,8;1,8;90;Ветер, дующий с западо-юго-запада;4;;11;100%.;Дождь незамерзающий непрерывный слабый в срок наблюдения. ;Дождь.;Облака покрывали более половины неба в течение всего соответствующего периода.;9,9;;Слоисто-кучевые, образовавшиеся не из кучевых.;100%.;1000-1500;;;10,0;8,6;8;12;;;;
24.05.2021 03:00;9,9;751,6;751,9;1,3;95;Ветер, дующий с запада;4;11;11;100%.;Дождь незамерзающий с перерывами умеренный в срок наблюдения. ;Дождь.;Морось.;;;"Слоистые разорванные или кучевые разорванные облака плохой погоды, либо те и другие вместе (разорванно-дождевые); обычно расположены под слоистыми или слоисто-дождевыми облаками.";100%.;200-300;Высокослоистые непросвечивающие или слоисто-дождевые.;;4,0;9,2;;;;;;
24.05.2021 00:00;12,8;750,3;750,7;0,1;86;Ветер, дующий с юго-юго-запада;1;;;100%.;Состояние неба в общем не изменилось. ;Дождь.;Облака покрывали более половины неба в течение всего соответствующего периода.;;;Слоистые туманообразные или слоистые разорванные, либо те и другие, но не относящиеся к облакам плохой погоды.;100%.;300-600;;;10,0;10,5;;;;;;
23.05.2021 21:00;13,6;750,2;750,6;-0,2;83;Ветер, дующий с юга;2;;;90  или более, но не 100%;Состояние неба в общем не изменилось. ;Дождь.;Облака покрывали более половины неба в течение всего соответствующего периода.;;16,4;Слоисто-кучевые, образовавшиеся не из кучевых.;90  или более, но не 100%;1500-2000;Высококучевых, высокослоистых или слоисто-дождевых облаков нет.;Перистых, перисто-кучевых или перисто-слоистых нет.;10,0;10,8;6;12;;;;
23.05.2021 18:00;14,8;750,4;750,7;-0,9;74;Ветер, дующий с юго-юго-запада;2;;;100%.; ;;;;;Слоисто-кучевые, образовавшиеся не из кучевых.;100%.;1500-2000;;;10,0;10,1;5;12;;;;
23.05.2021 15:00;13,7;751,3;751,7;-1,5;90;Ветер, дующий с востоко-северо-востока;1;;;100%.;Состояние неба в общем не изменилось. ;Дождь.;Облака покрывали более половины неба в течение всего соответствующего периода.;;;Слоисто-кучевые, образовавшиеся не из кучевых.;100%.;1500-2000;;;10,0;12,0;;;;;;
23.05.2021 12:00;12,2;752,8;753,1;-1,6;92;Ветер, дующий с северо-востока;1;;;100%.;Дождь (незамерзающий) неливневый. ;Дождь.;Облака покрывали более половины неба в течение всего соответствующего периода.;;;Слоисто-кучевых, слоистых, кучевых или кучево-дождевых облаков нет.;100%.;2000-2500;Высокослоистые непросвечивающие или слоисто-дождевые.;;10,0;11,0;;;;;;
23.05.2021 09:00;11,0;754,4;754,8;-0,4;93;Штиль, безветрие;0;;;100%.;Дождь незамерзающий непрерывный слабый в срок наблюдения. ;Дождь.;Облака покрывали более половины неба в течение всего соответствующего периода.;8,4;;"Слоистые разорванные или кучевые разорванные облака плохой погоды, либо те и другие вместе (разорванно-дождевые); обычно расположены под слоистыми или слоисто-дождевыми облаками.";100%.;1500-2000;Высокослоистые непросвечивающие или слоисто-дождевые.;;4,0;9,9;1;12;Поверхность почвы влажная.;7,0;;
23.05.2021 06:00;9,8;754,8;755,2;-0,4;93;Штиль, безветрие;0;;;100%.; ;;;8,4;;Слоисто-кучевых, слоистых, кучевых или кучево-дождевых облаков нет.;Облаков нет.;2500 или более, или облаков нет.;Высококучевых, высокослоистых или слоисто-дождевых облаков нет.;Перисто-кучевые одни или перисто-кучевые, сопровождаемые перистыми или перисто-слоистыми, либо те и другие, но перисто-кучевые преобладают среди них.;10,0;8,7;1;12;;;;
23.05.2021 03:00;9,8;755,2;755,5;0,3;92;Штиль, безветрие;0;;;50%.; ;;;;;Слоисто-кучевых, слоистых, кучевых или кучево-дождевых облаков нет.;Облаков нет.;2500 или более, или облаков нет.;Высококучевых, высокослоистых или слоисто-дождевых облаков нет.;Перистые нитевидные, иногда когтевидные, не распространяющиеся по небу.;10,0;8,6;;;;;;
23.05.2021 00:00;9,5;754,9;755,3;0,6;94;Штиль, безветрие;0;;;Облаков нет.; ;;;;;;;;;;10,0;8,5;;;;;;
22.05.2021 21:00;11,6;754,3;754,6;1,3;88;Штиль, безветрие;0;;;70 – 80%.;Ливневый(ые) дождь(и). ;Облака покрывали более половины неба в течение всего соответствующего периода.;Облака покрывали более половины неба в течение всего соответствующего периода.;;17,1;Кучево-дождевые волокнистые (часто с наковальней), либо с кучево-дождевыми лысыми, кучевыми, слоистыми, разорванно-дождевыми, либо без них.;60%.;600-1000;Высококучевые, образовавшиеся из кучевых (или кучево-дождевых).;Перистых, перисто-кучевых или перисто-слоистых нет.;10,0;9,7;1;12;;;;
22.05.2021 18:00;16,3;753,0;753,4;0,0;47;Ветер, дующий с западо-юго-запада;1;;;60%.; ;;;;;Кучевые плоские или кучевые разорванные, или те и другие вместе, не относящиеся к облакам плохой погоды.;60%.;600-1000;Высококучевых, высокослоистых или слоисто-дождевых облаков нет.;Перистых, перисто-кучевых или перисто-слоистых нет.;10,0;4,9;Осадков нет;12;;;;
22.05.2021 15:00;15,5;753,0;753,4;0,3;52;Ветер, дующий с юго-юго-запада;4;;;70 – 80%.; ;;;;;"Кучевые средние или мощные или вместе с кучевыми разорванными, или с кучевыми плоскими, или со слоисто-кучевыми, либо без них; основания всех этих облаков расположены на одном уровне.";70 – 80%.;600-1000;Высококучевых, высокослоистых или слоисто-дождевых облаков нет.;Перистых, перисто-кучевых или перисто-слоистых нет.;10,0;5,6;;;;;;
22.05.2021 12:00;14,7;752,7;753,1;0,2;56;Ветер, дующий с юга;4;;;50%.; ;;;;;"Кучевые средние или мощные или вместе с кучевыми разорванными, или с кучевыми плоскими, или со слоисто-кучевыми, либо без них; основания всех этих облаков расположены на одном уровне.";20–30%.;600-1000;Высококучевые башенкообразные или хлопьевидные.;Перистых, перисто-кучевых или перисто-слоистых нет.;10,0;5,9;;;;;;
22.05.2021 09:00;12,0;752,5;752,9;0,7;63;Ветер, дующий с юго-юго-запада;4;;;60%.; ;;;8,9;;Слоисто-кучевых, слоистых, кучевых или кучево-дождевых облаков нет.;20–30%.;2500 или более, или облаков нет.;Высококучевые башенкообразные или хлопьевидные.;Перисто-кучевые одни или перисто-кучевые, сопровождаемые перистыми или перисто-слоистыми, либо те и другие, но перисто-кучевые преобладают среди них.;10,0;5,0;0,6;12;Поверхность почвы сырая (вода застаивается на поверхности и образует малые или большие лужи).;9,0;;
22.05.2021 06:00;9,0;751,8;752,2;0,4;81;Ветер, дующий с юго-юго-запада;4;;;100%.; ;;;8,9;;Слоисто-кучевые, образовавшиеся не из кучевых.;100%.;300-600;;;10,0;5,8;0,9;12;;;;
22.05.2021 03:00;9,9;751,4;751,8;0,4;83;Ветер, дующий с юго-запада;4;;;70 – 80%.;Состояние неба в общем не изменилось. ;Ливень (ливни).;Облака покрывали более половины неба в течение всего соответствующего периода.;;;Слоисто-кучевые, образовавшиеся не из кучевых.;20–30%.;1000-1500;Высококучевые, просвечивающие или плотные в двух или более слоях или высококучевые плотные в одном слое, не распространяющиеся но небу, либо высококучевые с высокослоистыми или слоисто-дождевыми.;Перистых, перисто-кучевых или перисто-слоистых нет.;10,0;7,1;;;;;;
22.05.2021 00:00;10,2;751,0;751,4;0,3;88;Ветер, дующий с юго-юго-запада;3;;;90  или более, но не 100%;Состояние неба в общем не изменилось. ;Ливень (ливни).;Облака покрывали более половины неба в течение всего соответствующего периода.;;;Слоисто-кучевые, образовавшиеся не из кучевых.;40%.;1000-1500;Высококучевые, просвечивающие или плотные в двух или более слоях или высококучевые плотные в одном слое, не распространяющиеся но небу, либо высококучевые с высокослоистыми или слоисто-дождевыми.;Перистых, перисто-кучевых или перисто-слоистых нет.;10,0;8,2;;;;;;
21.05.2021 21:00;10,1;750,7;751,1;0,5;84;Ветер, дующий с юго-запада;3;;;100%.;Ливневый(ые) дождь(и) слабый(ые) в срок наблюдения или за последний час. ;Ливень (ливни).;Облака покрывали более половины неба в течение всего соответствующего периода.;;12,5;Кучево-дождевые волокнистые (часто с наковальней), либо с кучево-дождевыми лысыми, кучевыми, слоистыми, разорванно-дождевыми, либо без них.;100%.;1000-1500;;;10,0;7,5;4;12;;;;
21.05.2021 18:00;11,1;750,2;750,6;1,0;82;Ветер, дующий с юго-запада;4;;;100%.;Ливневый(ые) дождь(и) слабый(ые) в срок наблюдения или за последний час. ;Ливень (ливни).;Облака покрывали более половины неба в течение всего соответствующего периода.;;;Кучево-дождевые волокнистые (часто с наковальней), либо с кучево-дождевыми лысыми, кучевыми, слоистыми, разорванно-дождевыми, либо без них.;100%.;1000-1500;;;4,0;8,1;4;12;;;;
21.05.2021 15:00;12,3;749,2;749,6;1,0;76;Ветер, дующий с юго-запада;3;;10;100%.;Состояние неба в общем не изменилось. ;Ливень (ливни).;Облака покрывали более половины неба в течение всего соответствующего периода.;;;Слоисто-кучевые, образовавшиеся не из кучевых.;100%.;600-1000;;;10,0;8,1;;;;;;
21.05.2021 12:00;11,7;748,2;748,6;0,9;81;Ветер, дующий с западо-юго-запада;3;;;100%.; ;;;;;Слоисто-кучевые, образовавшиеся не из кучевых.;100%.;300-600;;;10,0;8,6;;;;;;
21.05.2021 09:00;12,0;747,3;747,7;0,3;85;Ветер, дующий с юго-запада;3;;;100%.; ;;;11,0;;Слоистые туманообразные или слоистые разорванные, либо те и другие, но не относящиеся к облакам плохой погоды.;100%.;300-600;;;10,0;9,5;0,5;12;Поверхность почвы влажная.;12,0;;
21.05.2021 06:00;11,2;747,0;747,4;0,0;93;Ветер, дующий с юго-запада;2;;;100%.; ;;;11,0;;Слоистые туманообразные или слоистые разорванные, либо те и другие, но не относящиеся к облакам плохой погоды.;100%.;200-300;;;10,0;10,1;8;12;;;;
21.05.2021 03:00;12,4;747,0;747,4;-1,3;96;Ветер, дующий с юго-запада;2;;;100%.;Состояние неба в общем не изменилось. ;Ливень (ливни).;Облака покрывали более половины неба в течение всего соответствующего периода.;;;Слоисто-кучевые, образовавшиеся не из кучевых.;100%.;300-600;;;10,0;11,8;;;;;;
21.05.2021 00:00;13,0;748,3;748,6;-0,6;97;Штиль, безветрие;0;;;100%.;Состояние неба в общем не изменилось. ;Ливень (ливни).;Облака покрывали более половины неба в течение всего соответствующего периода.;;;Слоисто-кучевые, образовавшиеся не из кучевых.;100%.;300-600;;;10,0;12,5;;;;;;
20.05.2021 21:00;13,0;748,9;749,3;-0,2;99;Ветер, дующий с северо-северо-востока;1;;;100%.;Ливневый(ые) дождь(и) слабый(ые) в срок наблюдения или за последний час. ;Гроза (грозы) с осадками или без них.;Ливень (ливни).;;19,0;Кучево-дождевые лысые с кучевыми, слоисто-кучевыми или слоистыми, либо без них.;100%.;300-600;;;4,0;12,8;11;12;;;;
20.05.2021 18:00;12,2;749,1;749,5;-3,0;96;Ветер, дующий с северо-северо-запада;5;10;10;100%.;Гроза сильная без града, но с дождем и/или снегом в срок наблюдения. ;Гроза (грозы) с осадками или без них.;Ливень (ливни).;;;Кучево-дождевые лысые с кучевыми, слоисто-кучевыми или слоистыми, либо без них.;100%.;300-600;;;1,0;11,6;4;12;;;;
20.05.2021 15:00;18,8;752,1;752,5;-1,3;62;Ветер, дующий с северо-запада;2;;;90  или более, но не 100%; ;;;;;Слоисто-кучевых, слоистых, кучевых или кучево-дождевых облаков нет.;90  или более, но не 100%;2500 или более, или облаков нет.;Высококучевые, просвечивающие или плотные в двух или более слоях или высококучевые плотные в одном слое, не распространяющиеся но небу, либо высококучевые с высокослоистыми или слоисто-дождевыми.;Перистых, перисто-кучевых или перисто-слоистых нет.;10,0;11,2;;;;;;
20.05.2021 12:00;16,5;753,4;753,8;-0,6;64;Ветер, дующий с западо-северо-запада;1;;;90  или более, но не 100%; ;;;;;Слоисто-кучевых, слоистых, кучевых или кучево-дождевых облаков нет.;Облаков нет.;2500 или более, или облаков нет.;Высококучевые, просвечивающие или плотные в двух или более слоях или высококучевые плотные в одном слое, не распространяющиеся но небу, либо высококучевые с высокослоистыми или слоисто-дождевыми.;Перистых, перисто-кучевых или перисто-слоистых нет.;10,0;9,6;;;;;;
20.05.2021 09:00;15,4;754,0;754,4;0,3;64;Ветер, дующий с юго-юго-запада;2;;;70 – 80%.; ;;;12,9;;Слоисто-кучевые, образовавшиеся не из кучевых.;40%.;600-1000;Высококучевые просвечивающие, расположенные на одном уровне.;Перистые нитевидные, иногда когтевидные, не распространяющиеся по небу.;10,0;8,5;0,5;12;Поверхность почвы влажная.;13,0;;
20.05.2021 06:00;13,0;753,7;754,0;0,3;81;Ветер, дующий с юго-юго-запада;3;;;100%.; ;;;12,9;;Слоисто-кучевые, образовавшиеся из кучевых.;60%.;300-600;Высококучевых, высокослоистых или слоисто-дождевых облаков нет.;Перистые нитевидные, иногда когтевидные, не распространяющиеся по небу.;10,0;9,8;0,5;12;;;;
20.05.2021 03:00;13,7;753,4;753,7;1,5;82;Ветер, дующий с юго-юго-запада;3;;;100%.;Состояние неба в общем не изменилось. ;Ливень (ливни).;Дождь.;;;Слоисто-кучевые, образовавшиеся из кучевых.;100%.;2500 или более, или облаков нет.;;;10,0;10,6;;;;;;
20.05.2021 00:00;16,3;751,9;752,3;1,8;83;Ветер, дующий с юго-юго-запада;4;;12;100%.;Состояние неба в общем не изменилось. ;Ливень (ливни).;Облака покрывали более половины неба в течение всего соответствующего периода.;;;Слоисто-кучевые, образовавшиеся из кучевых.;100%.;300-600;;;10,0;13,3;;;;;;
19.05.2021 21:00;18,5;750,1;750,4;2,0;77;Ветер, дующий с юга;5;;15;100%.;Ливневый(ые) дождь(и) слабый(ые) в срок наблюдения или за последний час. ;Ливень (ливни).;Дождь.;;31,0;Кучево-дождевые волокнистые (часто с наковальней), либо с кучево-дождевыми лысыми, кучевыми, слоистыми, разорванно-дождевыми, либо без них.;100%.;300-600;;;10,0;14,3;Следы осадков;12;;;;
19.05.2021 18:00;26,0;748,1;748,5;0,3;37;Ветер, дующий с юга;6;15;15;70 – 80%.; ;;;;;Кучево-дождевые волокнистые (часто с наковальней), либо с кучево-дождевыми лысыми, кучевыми, слоистыми, разорванно-дождевыми, либо без них.;40%.;300-600;Высококучевые башенкообразные или хлопьевидные.;Перистых, перисто-кучевых или перисто-слоистых нет.;10,0;10,3;Следы осадков;12;;;;
19.05.2021 15:00;30,2;747,8;748,3;-2,0;24;Ветер, дующий с юга;2;;10;70 – 80%.; ;;;;;Слоисто-кучевых, слоистых, кучевых или кучево-дождевых облаков нет.;Облаков нет.;2500 или более, или облаков нет.;Высококучевые башенкообразные или хлопьевидные.;Перисто-кучевые одни или перисто-кучевые, сопровождаемые перистыми или перисто-слоистыми, либо те и другие, но перисто-кучевые преобладают среди них.;10,0;7,6;;;;;;
19.05.2021 12:00;26,3;749,8;750,2;-0,6;37;Ветер, дующий с востока;1;;;70 – 80%.; ;;;;;Слоисто-кучевых, слоистых, кучевых или кучево-дождевых облаков нет.;Облаков нет.;2500 или более, или облаков нет.;Высококучевые башенкообразные или хлопьевидные.;Перисто-кучевые одни или перисто-кучевые, сопровождаемые перистыми или перисто-слоистыми, либо те и другие, но перисто-кучевые преобладают среди них.;10,0;10,3;;;;;;
19.05.2021 09:00;19,8;750,4;750,7;-0,3;54;Ветер, дующий с востоко-юго-востока;2;;;90  или более, но не 100%;Ливневый(ые) дождь(и). ;Ливень (ливни).;Облака покрывали более половины неба в течение всего соответствующего периода.;14,9;;Кучево-дождевые волокнистые (часто с наковальней), либо с кучево-дождевыми лысыми, кучевыми, слоистыми, разорванно-дождевыми, либо без них.;20–30%.;300-600;Высококучевые башенкообразные или хлопьевидные.;Перистых, перисто-кучевых или перисто-слоистых нет.;10,0;10,1;Следы осадков;12;Поверхность почвы влажная.;13,0;;
19.05.2021 06:00;15,7;750,7;751,1;-2,4;77;Ветер, дующий с востоко-северо-востока;1;;;70 – 80%.; ;;;14,9;;Слоисто-кучевых, слоистых, кучевых или кучево-дождевых облаков нет.;70 – 80%.;2500 или более, или облаков нет.;Высококучевые просвечивающие, расположенные на одном уровне.;Перистых, перисто-кучевых или перисто-слоистых нет.;10,0;11,6;25;12;;;;
19.05.2021 03:00;15,9;753,1;753,4;0,6;91;Штиль, безветрие;0;;;100%.;Состояние неба в общем не изменилось. ;Гроза (грозы) с осадками или без них.;Ливень (ливни).;;;Слоисто-кучевых, слоистых, кучевых или кучево-дождевых облаков нет.;100%.;2500 или более, или облаков нет.;Высокослоистые непросвечивающие или слоисто-дождевые.;;10,0;14,4;;;;;;
19.05.2021 00:00;16,2;752,5;753,0;-1,0;99;Ветер, дующий с востока;1;;;50%.;Состояние неба в общем не изменилось. ;Гроза (грозы) с осадками или без них.;Ливень (ливни).;;;Слоисто-кучевых, слоистых, кучевых или кучево-дождевых облаков нет.;50%.;2500 или более, или облаков нет.;Высококучевые башенкообразные или хлопьевидные.;Перистых, перисто-кучевых или перисто-слоистых нет.;10,0;16,0;;;;;;
18.05.2021 21:00;16,1;753,5;753,9;1,3;100;Ветер, дующий с северо-северо-запада;2;;17;100%.;Гроза слабая или умеренная без града, но с дождем и/или снегом в срок наблюдения. ;Дождь.;Облака покрывали более половины неба в течение всего соответствующего периода.;;27,4;Кучево-дождевые волокнистые (часто с наковальней), либо с кучево-дождевыми лысыми, кучевыми, слоистыми, разорванно-дождевыми, либо без них.;100%.;1000-1500;;;4,0;16,1;25;12;;;;
18.05.2021 18:00;26,4;752,2;752,6;-0,7;51;Ветер, дующий с северо-востока;1;;;70 – 80%.; ;;;;;Слоисто-кучевых, слоистых, кучевых или кучево-дождевых облаков нет.;60%.;2500 или более, или облаков нет.;Высококучевые просвечивающие, расположенные на одном уровне.;Перистые нитевидные, иногда когтевидные, не распространяющиеся по небу.;10,0;15,5;Следы осадков;12;;;;
18.05.2021 15:00;24,2;752,9;753,3;-0,2;55;Ветер, дующий с востока;1;;;70 – 80%.;Состояние неба в общем не изменилось. ;Дождь.;Облака покрывали более половины неба в течение всего соответствующего периода.;;;Слоисто-кучевых, слоистых, кучевых или кучево-дождевых облаков нет.;20–30%.;2500 или более, или облаков нет.;Высококучевые башенкообразные или хлопьевидные.;Перистые нитевидные, иногда когтевидные, не распространяющиеся по небу.;10,0;14,5;;;;;;
18.05.2021 12:00;18,7;753,1;753,4;-0,2;89;Ветер, дующий с севера;1;;;90  или более, но не 100%;Дождь незамерзающий с перерывами слабый в срок наблюдения. ;Дождь.;Облака покрывали более половины неба в течение всего соответствующего периода.;;;Слоисто-кучевых, слоистых, кучевых или кучево-дождевых облаков нет.;90  или более, но не 100%;2500 или более, или облаков нет.;Высококучевые просвечивающие, расположенные на одном уровне.;Перистых, перисто-кучевых или перисто-слоистых нет.;10,0;16,8;;;;;;
18.05.2021 09:00;19,0;753,3;753,7;-0,1;81;Ветер, дующий с северо-северо-запада;1;;;50%.; ;;;13,3;;Слоисто-кучевых, слоистых, кучевых или кучево-дождевых облаков нет.;50%.;2500 или более, или облаков нет.;Высококучевые просвечивающие, расположенные на одном уровне.;Перистых, перисто-кучевых или перисто-слоистых нет.;10,0;15,7;8;12;Поверхность почвы влажная.;12,0;;
18.05.2021 06:00;15,1;753,4;753,9;-0,3;97;Штиль, безветрие;0;;;70 – 80%.; ;;;13,3;;Слоисто-кучевых, слоистых, кучевых или кучево-дождевых облаков нет.;40%.;2500 или более, или облаков нет.;"Клочья (часто чечевицеобразные) высококучевых просвечивающих, непрерывно изменяющихся; расположены на одном или более уровнях.";Перисто-кучевые одни или перисто-кучевые, сопровождаемые перистыми или перисто-слоистыми, либо те и другие, но перисто-кучевые преобладают среди них.;10,0;14,6;8;12;;;;
18.05.2021 03:00;15,3;753,7;754,2;-2,2;94;Штиль, безветрие;0;;;100%.;Ливневый(ые) дождь(и). ;Гроза (грозы) с осадками или без них.;Ливень (ливни).;;;Слоисто-кучевых, слоистых, кучевых или кучево-дождевых облаков нет.;70 – 80%.;2500 или более, или облаков нет.;Высококучевые просвечивающие, расположенные на одном уровне.;Перистые нитевидные, иногда когтевидные, не распространяющиеся по небу.;10,0;14,3;;;;;;
18.05.2021 00:00;15,4;755,9;756,3;0,9;88;Ветер, дующий с западо-юго-запада;2;;;100%.;Ливневый(ые) дождь(и) слабый(ые) в срок наблюдения или за последний час. ;Ливень (ливни).;Облака покрывали более половины неба в течение всего соответствующего периода.;;;Кучево-дождевые лысые с кучевыми, слоисто-кучевыми или слоистыми, либо без них.;100%.;300-600;;;4,0;13,4;;;;;;
17.05.2021 21:00;22,9;755,0;755,4;-1,0;42;Ветер, дующий с востока;1;;;100%.; ;;;;25,7;Слоисто-кучевые, образовавшиеся не из кучевых.;20–30%.;1500-2000;Высококучевых, высокослоистых или слоисто-дождевых облаков нет.;Перистые (часто в виде полос) и перисто-слоистые, распространяющиеся по небу и в целом обычно уплотняющиеся, но сплошная пелена поднимается над горизонтом менее чем на 45°.;10,0;9,3;Осадков нет;12;;;;
17.05.2021 18:00;25,1;756,0;756,4;-1,5;35;Ветер, дующий с востоко-юго-востока;2;;;100%.; ;;;;;Кучевые плоские или кучевые разорванные, или те и другие вместе, не относящиеся к облакам плохой погоды.;10%  или менее, но не 0;600-1000;Высококучевых, высокослоистых или слоисто-дождевых облаков нет.;Перистые (часто в виде полос) и перисто-слоистые, распространяющиеся по небу и в целом обычно уплотняющиеся, но сплошная пелена поднимается над горизонтом менее чем на 45°.;10,0;8,6;Осадков нет;12;;;;
17.05.2021 15:00;24,7;757,5;757,9;-1,2;35;Ветер, дующий с востоко-юго-востока;3;;;100%.; ;;;;;Кучевые плоские или кучевые разорванные, или те и другие вместе, не относящиеся к облакам плохой погоды.;20–30%.;300-600;Высококучевых, высокослоистых или слоисто-дождевых облаков нет.;Перисто-слоистые, покрывающие все небо.;10,0;8,1;;;;;;
17.05.2021 12:00;23,7;758,7;759,1;-0,6;42;Ветер, дующий с юго-востока;2;;;100%.; ;;;;;Кучевые плоские или кучевые разорванные, или те и другие вместе, не относящиеся к облакам плохой погоды.;10%  или менее, но не 0;300-600;Высококучевых, высокослоистых или слоисто-дождевых облаков нет.;Перистые (часто в виде полос) и перисто-слоистые, распространяющиеся по небу и в целом обычно уплотняющиеся, но сплошная пелена поднимается над горизонтом менее чем на 45°.;10,0;10,1;;;;;;
17.05.2021 09:00;19,8;759,3;759,7;0,2;54;Ветер, дующий с востоко-юго-востока;2;;;20–30%.; ;;;9,6;;Слоисто-кучевых, слоистых, кучевых или кучево-дождевых облаков нет.;Облаков нет.;2500 или более, или облаков нет.;Высококучевых, высокослоистых или слоисто-дождевых облаков нет.;Перистые нитевидные, иногда когтевидные, не распространяющиеся по небу.;10,0;10,3;Осадков нет;12;Поверхность почвы сухая (без трещин и без заметного количества пыли или несвязанного песка).;7,0;;
17.05.2021 06:00;12,1;759,1;759,5;0,1;79;Штиль, безветрие;0;;;Облаков нет.; ;;;9,6;;;;;;;10,0;8,6;Осадков нет;12;;;;
17.05.2021 03:00;9,9;759,0;759,4;0,4;88;Штиль, безветрие;0;;;Облаков нет.; ;;;;;;;;;;10,0;7,9;;;;;;
17.05.2021 00:00;11,5;758,6;759,0;0,9;79;Штиль, безветрие;0;;;Облаков нет.; ;;;;;;;;;;10,0;7,9;;;;;;
16.05.2021 21:00;13,8;757,7;758,1;0,2;64;Ветер, дующий с западо-юго-запада;1;;;Облаков нет.; ;;;;19,8;;;;;;10,0;7,1;Осадков нет;12;;;;
16.05.2021 18:00;17,7;757,5;757,9;1,1;45;Ветер, дующий с запада;3;;;40%.; ;;;;;Кучевые плоские или кучевые разорванные, или те и другие вместе, не относящиеся к облакам плохой погоды.;10%  или менее, но не 0;1000-1500;Высококучевых, высокослоистых или слоисто-дождевых облаков нет.;Перистые нитевидные, иногда когтевидные, не распространяющиеся по небу.;10,0;5,6;Осадков нет;12;;;;
16.05.2021 15:00;18,5;756,4;756,7;0,7;62;Ветер, дующий с запада;4;;;60%.; ;;;;;Кучевые плоские или кучевые разорванные, или те и другие вместе, не относящиеся к облакам плохой погоды.;20–30%.;1000-1500;Высококучевые просвечивающие, расположенные на одном уровне.;Перистые нитевидные, иногда когтевидные, не распространяющиеся по небу.;10,0;11,1;;;;;;
16.05.2021 12:00;16,0;755,7;756,1;1,4;74;Ветер, дующий с западо-юго-запада;2;;;90  или более, но не 100%; ;;;;;Слоисто-кучевых, слоистых, кучевых или кучево-дождевых облаков нет.;50%.;2500 или более, или облаков нет.;Высококучевые просвечивающие, расположенные на одном уровне.;Перистые нитевидные, иногда когтевидные, не распространяющиеся по небу.;10,0;11,3;;;;;;
16.05.2021 09:00;14,2;754,3;754,7;1,1;87;Ветер, дующий с западо-юго-запада;2;;;100%.; ;;;12,8;;Слоисто-кучевых, слоистых, кучевых или кучево-дождевых облаков нет.;100%.;2500 или более, или облаков нет.;"Высококучевые просвечивающие, полосами, либо один или несколько слоев высококучевых просвечивающих, распространяющихся по небу; эти высококучевые в целом уплотняются.";;10,0;12,1;Следы осадков;12;Поверхность почвы влажная.;12,0;;
16.05.2021 06:00;13,6;753,2;753,6;0,1;87;Ветер, дующий с севера;1;;;90  или более, но не 100%; ;;;12,8;;Слоисто-кучевых, слоистых, кучевых или кучево-дождевых облаков нет.;90  или более, но не 100%;2500 или более, или облаков нет.;Высококучевые, просвечивающие или плотные в двух или более слоях или высококучевые плотные в одном слое, не распространяющиеся но небу, либо высококучевые с высокослоистыми или слоисто-дождевыми.;Перистых, перисто-кучевых или перисто-слоистых нет.;10,0;11,4;Следы осадков;12;;;;
16.05.2021 03:00;14,2;753,1;753,4;0,3;81;Штиль, безветрие;0;;;90  или более, но не 100%;Состояние неба в общем не изменилось. ;Дождь.;Облака покрывали более половины неба в течение всего соответствующего периода.;;;Слоисто-кучевых, слоистых, кучевых или кучево-дождевых облаков нет.;Облаков нет.;2500 или более, или облаков нет.;Высококучевые, просвечивающие или плотные в двух или более слоях или высококучевые плотные в одном слое, не распространяющиеся но небу, либо высококучевые с высокослоистыми или слоисто-дождевыми.;Перистых, перисто-кучевых или перисто-слоистых нет.;10,0;10,9;;;;;;
16.05.2021 00:00;15,5;752,8;753,2;-0,4;74;Ветер, дующий с северо-северо-востока;1;;;70 – 80%.;Состояние неба в общем не изменилось. ;Дождь.;Облака покрывали более половины неба в течение всего соответствующего периода.;;;Слоисто-кучевых, слоистых, кучевых или кучево-дождевых облаков нет.;70 – 80%.;2500 или более, или облаков нет.;Высококучевые, просвечивающие или плотные в двух или более слоях или высококучевые плотные в одном слое, не распространяющиеся но небу, либо высококучевые с высокослоистыми или слоисто-дождевыми.;Перистых, перисто-кучевых или перисто-слоистых нет.;10,0;10,8;;;;;;
15.05.2021 21:00;18,2;753,2;753,6;0,0;61;Ветер, дующий с северо-востока;1;;;70 – 80%.;Состояние неба в общем не изменилось. ;Дождь.;Облака покрывали более половины неба в течение всего соответствующего периода.;;23,3;Слоисто-кучевых, слоистых, кучевых или кучево-дождевых облаков нет.;70 – 80%.;2500 или более, или облаков нет.;Высококучевые просвечивающие, расположенные на одном уровне.;Перистых, перисто-кучевых или перисто-слоистых нет.;10,0;10,5;Следы осадков;12;;;;
15.05.2021 18:00;22,9;753,2;753,6;-1,3;44;Ветер, дующий с северо-востока;1;;;70 – 80%.;Состояние неба в общем не изменилось. ;Дождь.;Облака покрывали более половины неба в течение всего соответствующего периода.;;;Кучевые плоские или кучевые разорванные, или те и другие вместе, не относящиеся к облакам плохой погоды.;40%.;600-1000;Высококучевые просвечивающие, расположенные на одном уровне.;Перистые нитевидные, иногда когтевидные, не распространяющиеся по небу.;10,0;9,9;Следы осадков;12;;;;
15.05.2021 15:00;21,6;754,5;754,9;-0,8;52;Ветер, дующий с севера;1;;;70 – 80%.;Дождь незамерзающий непрерывный слабый в срок наблюдения. ;Дождь.;Облака покрывали более половины неба в течение всего соответствующего периода.;;;Слоисто-кучевые, образовавшиеся из кучевых.;70 – 80%.;300-600;Высокослоистые непросвечивающие или слоисто-дождевые.;Перистых, перисто-кучевых или перисто-слоистых нет.;10,0;11,3;;;;;;
15.05.2021 12:00;21,1;755,3;755,7;-0,7;42;Ветер, дующий с востоко-юго-востока;1;;;70 – 80%.; ;;;;;Слоисто-кучевых, слоистых, кучевых или кучево-дождевых облаков нет.;70 – 80%.;2500 или более, или облаков нет.;Высококучевые, просвечивающие или плотные в двух или более слоях или высококучевые плотные в одном слое, не распространяющиеся но небу, либо высококучевые с высокослоистыми или слоисто-дождевыми.;Перистых, перисто-кучевых или перисто-слоистых нет.;10,0;7,5;;;;;;
15.05.2021 09:00;20,1;756,0;756,4;-0,2;52;Штиль, безветрие;0;;;100%.; ;;;12,5;;Слоисто-кучевых, слоистых, кучевых или кучево-дождевых облаков нет.;Облаков нет.;2500 или более, или облаков нет.;Высококучевые башенкообразные или хлопьевидные.;Перистые нитевидные, иногда когтевидные, не распространяющиеся по небу.;10,0;10,0;Осадков нет;12;Поверхность почвы сухая (без трещин и без заметного количества пыли или несвязанного песка).;9,0;;
15.05.2021 06:00;13,2;756,2;756,6;-0,8;76;Штиль, безветрие;0;;;40%.; ;;;12,5;;Слоисто-кучевых, слоистых, кучевых или кучево-дождевых облаков нет.;Облаков нет.;2500 или более, или облаков нет.;Высококучевые просвечивающие, расположенные на одном уровне.;Перистые нитевидные, иногда когтевидные, не распространяющиеся по небу.;10,0;9,0;Осадков нет;12;;;;
15.05.2021 03:00;14,4;757,0;757,3;-0,3;67;Штиль, безветрие;0;;;20–30%.; ;;;;;Слоисто-кучевых, слоистых, кучевых или кучево-дождевых облаков нет.;Облаков нет.;2500 или более, или облаков нет.;Высококучевые башенкообразные или хлопьевидные.;Перистых, перисто-кучевых или перисто-слоистых нет.;10,0;8,3;;;;;;
15.05.2021 00:00;18,1;757,3;757,7;0,0;50;Ветер, дующий с востока;1;;;70 – 80%.; ;;;;;Слоисто-кучевых, слоистых, кучевых или кучево-дождевых облаков нет.;Облаков нет.;2500 или более, или облаков нет.;Высококучевые башенкообразные или хлопьевидные.;Перистых, перисто-кучевых или перисто-слоистых нет.;10,0;7,4;;;;;;
14.05.2021 21:00;19,2;757,3;757,7;-0,6;44;Ветер, дующий с востоко-юго-востока;2;;;100%.; ;;;;20,9;Слоисто-кучевых, слоистых, кучевых или кучево-дождевых облаков нет.;Облаков нет.;2500 или более, или облаков нет.;Высококучевые башенкообразные или хлопьевидные.;;10,0;6,7;Осадков нет;12;;;;
14.05.2021 18:00;19,6;757,9;758,2;0,0;45;Ветер, дующий с юга;3;;10;100%.; ;;;;;Слоисто-кучевых, слоистых, кучевых или кучево-дождевых облаков нет.;Облаков нет.;2000-2500;Высококучевые просвечивающие, расположенные на одном уровне.;;10,0;7,4;Осадков нет;12;;;;
14.05.2021 15:00;20,1;757,9;758,2;-0,4;42;Ветер, дующий с юга;3;;;90  или более, но не 100%; ;;;;;Кучевые плоские или кучевые разорванные, или те и другие вместе, не относящиеся к облакам плохой погоды.;70 – 80%.;300-600;Высококучевые просвечивающие, расположенные на одном уровне.;Перистых, перисто-кучевых или перисто-слоистых нет.;10,0;6,7;;;;;;
14.05.2021 12:00;18,6;758,3;758,7;0,3;46;Ветер, дующий с юга;3;;;70 – 80%.; ;;;;;Кучевые плоские или кучевые разорванные, или те и другие вместе, не относящиеся к облакам плохой погоды.;40%.;300-600;Высококучевые просвечивающие, расположенные на одном уровне.;Перистые нитевидные, иногда когтевидные, не распространяющиеся по небу.;10,0;6,6;;;;;;
14.05.2021 09:00;15,8;758,0;758,4;0,1;55;Ветер, дующий с юга;3;;;40%.;Состояние неба в общем не изменилось. ;Дождь.;Облака покрывали более половины неба в течение одной части соответствующего периода и половину или менее в течение другой части периода.;13,1;;Слоисто-кучевых, слоистых, кучевых или кучево-дождевых облаков нет.;Облаков нет.;2500 или более, или облаков нет.;Высококучевые просвечивающие, расположенные на одном уровне.;Перисто-кучевые одни или перисто-кучевые, сопровождаемые перистыми или перисто-слоистыми, либо те и другие, но перисто-кучевые преобладают среди них.;10,0;6,7;0,4;12;Поверхность почвы сухая (без трещин и без заметного количества пыли или несвязанного песка).;10,0;;
14.05.2021 06:00;14,3;757,9;758,3;0,0;70;Ветер, дующий с юго-юго-запада;1;;;100%.;Дождь (незамерзающий) неливневый. ;Дождь.;Облака покрывали более половины неба в течение всего соответствующего периода.;13,1;;Слоисто-кучевых, слоистых, кучевых или кучево-дождевых облаков нет.;100%.;2500 или более, или облаков нет.;Высокослоистые непросвечивающие или слоисто-дождевые.;;10,0;8,9;0,4;12;;;;
14.05.2021 03:00;15,6;757,9;758,3;0,2;55;Ветер, дующий с юго-юго-запада;3;;;100%.;Дождь незамерзающий с перерывами слабый в срок наблюдения. ;Облака покрывали более половины неба в течение всего соответствующего периода.;Облака покрывали более половины неба в течение всего соответствующего периода.;;;Слоисто-кучевых, слоистых, кучевых или кучево-дождевых облаков нет.;100%.;2000-2500;Высокослоистые непросвечивающие или слоисто-дождевые.;;10,0;6,6;;;;;;
14.05.2021 00:00;14,7;757,7;758,1;-0,4;59;Штиль, безветрие;0;;;70 – 80%.; ;;;;;Слоисто-кучевых, слоистых, кучевых или кучево-дождевых облаков нет.;70 – 80%.;2500 или более, или облаков нет.;Высококучевые башенкообразные или хлопьевидные.;Перистых, перисто-кучевых или перисто-слоистых нет.;10,0;6,7;;;;;;
13.05.2021 21:00;20,1;758,1;758,5;-0,4;37;Штиль, безветрие;0;;;60%.; ;;;;25,3;Слоисто-кучевых, слоистых, кучевых или кучево-дождевых облаков нет.;50%.;2500 или более, или облаков нет.;Высококучевые башенкообразные или хлопьевидные.;Перистые когтевидные или нитевидные или первые и вторые, распространяющиеся по небу и в целом обычно уплотняющиеся.;10,0;5,0;Осадков нет;12;;;;
13.05.2021 18:00;24,3;758,5;758,8;-0,7;27;Ветер, дующий с востоко-юго-востока;1;;;Облаков нет.; ;;;;;;;;;;10,0;4,3;Осадков нет;12;;;;
13.05.2021 15:00;23,9;759,2;759,6;-0,8;34;Ветер, дующий с востоко-юго-востока;4;10;10;50%.; ;;;;;"Кучевые средние или мощные или вместе с кучевыми разорванными, или с кучевыми плоскими, или со слоисто-кучевыми, либо без них; основания всех этих облаков расположены на одном уровне.";50%.;1000-1500;Высококучевых, высокослоистых или слоисто-дождевых облаков нет.;Перистых, перисто-кучевых или перисто-слоистых нет.;10,0;7,0;;;;;;
13.05.2021 12:00;24,0;760,0;760,4;-0,6;35;Ветер, дующий с востоко-юго-востока;3;;;Облаков нет.; ;;;;;;;;;;10,0;7,5;;;;;;
13.05.2021 09:00;20,8;760,6;761,0;-1,2;43;Ветер, дующий с востоко-юго-востока;2;;;50%.; ;;;14,6;;Слоисто-кучевых, слоистых, кучевых или кучево-дождевых облаков нет.;50%.;2500 или более, или облаков нет.;Высококучевые просвечивающие, расположенные на одном уровне.;Перистых, перисто-кучевых или перисто-слоистых нет.;10,0;7,6;Осадков нет;12;Поверхность почвы влажная.;9,0;;
13.05.2021 06:00;15,8;761,8;762,2;-0,8;60;Штиль, безветрие;0;;;Облаков нет.; ;;;14,6;;;;;;;10,0;8,0;Осадков нет;12;;;;
13.05.2021 03:00;16,3;762,6;763,0;-1,0;59;Штиль, безветрие;0;;;Облаков нет.; ;;;;;;;;;;10,0;8,1;;;;;;
13.05.2021 00:00;17,4;763,6;763,9;-0,3;58;Штиль, безветрие;0;;;Облаков нет.;Дымка. ;Облака покрывали половину неба или менее в течение всего соответствующего периода.;Облака покрывали половину неба или менее в течение всего соответствующего периода.;;;;;;;;4,0;8,9;;;;;;
12.05.2021 21:00;23,6;763,9;764,4;-0,6;32;Штиль, безветрие;0;;;Облаков нет.; ;;;;27,5;;;;;;10,0;5,8;Осадков нет;12;;;;
12.05.2021 18:00;26,9;764,5;764,9;-1,2;24;Ветер, дующий с юго-юго-востока;3;;;Облаков нет.; ;;;;;;;;;;10,0;4,6;Осадков нет;12;;;;
12.05.2021 15:00;27,2;765,7;766,1;-1,0;23;Ветер, дующий с юга;3;;;Облаков нет.; ;;;;;;;;;;10,0;4,2;;;;;;
12.05.2021 12:00;25,5;766,7;767,1;-0,5;20;Ветер, дующий с юго-юго-востока;2;;;Облаков нет.; ;;;;;;;;;;10,0;0,9;;;;;;
12.05.2021 09:00;20,3;767,2;767,5;0,1;31;Ветер, дующий с востоко-юго-востока;2;;;Облаков нет.; ;;;13,0;;;;;;;10,0;2,6;Осадков нет;12;Поверхность почвы сухая (без трещин и без заметного количества пыли или несвязанного песка).;7,0;;
12.05.2021 06:00;15,5;767,1;767,5;0,5;44;Ветер, дующий с востока;1;;;Облаков нет.; ;;;13,0;;;;;;;10,0;3,3;Осадков нет;12;;;;
12.05.2021 03:00;14,2;766,6;766,9;0,2;51;Штиль, безветрие;0;;;Облаков нет.; ;;;;;;;;;;10,0;4,1;;;;;;
12.05.2021 00:00;18,6;766,4;766,8;0,2;34;Штиль, безветрие;0;;;Облаков нет.; ;;;;;;;;;;10,0;2,4;;;;;;
11.05.2021 21:00;22,7;766,2;766,6;0,0;28;Ветер, дующий с юго-юго-востока;1;;;20–30%.; ;;;;25,5;Слоисто-кучевых, слоистых, кучевых или кучево-дождевых облаков нет.;Облаков нет.;2500 или более, или облаков нет.;Высококучевых, высокослоистых или слоисто-дождевых облаков нет.;Перистые нитевидные, иногда когтевидные, не распространяющиеся по небу.;10,0;3,0;Осадков нет;12;;;;
11.05.2021 18:00;25,1;766,2;766,6;-0,7;22;Ветер, дующий с юга;4;;;20–30%.; ;;;;;Слоисто-кучевых, слоистых, кучевых или кучево-дождевых облаков нет.;Облаков нет.;2500 или более, или облаков нет.;Высококучевых, высокослоистых или слоисто-дождевых облаков нет.;Перистые нитевидные, иногда когтевидные, не распространяющиеся по небу.;10,0;2,2;Осадков нет;12;;;;
11.05.2021 15:00;24,5;766,9;767,3;-0,6;26;Ветер, дующий с юга;4;;;20–30%.; ;;;;;Слоисто-кучевых, слоистых, кучевых или кучево-дождевых облаков нет.;Облаков нет.;2500 или более, или облаков нет.;Высококучевых, высокослоистых или слоисто-дождевых облаков нет.;Перистые нитевидные, иногда когтевидные, не распространяющиеся по небу.;10,0;3,5;;;;;;
11.05.2021 12:00;22,2;767,5;767,8;-0,1;31;Ветер, дующий с юга;5;;;20–30%.; ;;;;;Слоисто-кучевых, слоистых, кучевых или кучево-дождевых облаков нет.;Облаков нет.;2500 или более, или облаков нет.;Высококучевых, высокослоистых или слоисто-дождевых облаков нет.;Перистые нитевидные, иногда когтевидные, не распространяющиеся по небу.;10,0;4,3;;;;;;
11.05.2021 09:00;17,8;767,6;768,0;0,4;42;Ветер, дующий с юга;3;;;20–30%.; ;;;13,3;;Слоисто-кучевых, слоистых, кучевых или кучево-дождевых облаков нет.;Облаков нет.;2500 или более, или облаков нет.;Высококучевых, высокослоистых или слоисто-дождевых облаков нет.;Перистые нитевидные, иногда когтевидные, не распространяющиеся по небу.;10,0;4,8;Осадков нет;12;Поверхность почвы сухая (без трещин и без заметного количества пыли или несвязанного песка).;8,0;;
11.05.2021 06:00;13,9;767,2;767,5;0,2;53;Ветер, дующий с юга;3;;;70 – 80%.; ;;;13,3;;Слоисто-кучевых, слоистых, кучевых или кучево-дождевых облаков нет.;Облаков нет.;2500 или более, или облаков нет.;Высококучевых, высокослоистых или слоисто-дождевых облаков нет.;Перистые нитевидные, иногда когтевидные, не распространяющиеся по небу.;10,0;4,5;Осадков нет;12;;;;
11.05.2021 03:00;14,6;767,0;767,4;1,0;53;Ветер, дующий с юга;3;;;70 – 80%.; ;;;;;Слоисто-кучевых, слоистых, кучевых или кучево-дождевых облаков нет.;Облаков нет.;2500 или более, или облаков нет.;Высококучевых, высокослоистых или слоисто-дождевых облаков нет.;"Перистые плотные в виде клочьев или скрученных склонов, количество которых обычно не увеличивается, иногда могут казаться остатками верхней части кучево-дождевых; или перистые башенкообразные, или перистые хлопьевидные.";10,0;5,0;;;;;;
11.05.2021 00:00;16,6;766,0;766,4;0,6;47;Ветер, дующий с юга;3;;;60%.; ;;;;;Слоисто-кучевых, слоистых, кучевых или кучево-дождевых облаков нет.;Облаков нет.;2500 или более, или облаков нет.;Высококучевых, высокослоистых или слоисто-дождевых облаков нет.;"Перистые плотные в виде клочьев или скрученных склонов, количество которых обычно не увеличивается, иногда могут казаться остатками верхней части кучево-дождевых; или перистые башенкообразные, или перистые хлопьевидные.";10,0;5,2;;;;;;
10.05.2021 21:00;17,9;765,4;765,8;0,2;46;Ветер, дующий с востоко-юго-востока;1;;;60%.; ;;;;18,8;Слоисто-кучевых, слоистых, кучевых или кучево-дождевых облаков нет.;Облаков нет.;2500 или более, или облаков нет.;Высококучевых, высокослоистых или слоисто-дождевых облаков нет.;"Перистые плотные в виде клочьев или скрученных склонов, количество которых обычно не увеличивается, иногда могут казаться остатками верхней части кучево-дождевых; или перистые башенкообразные, или перистые хлопьевидные.";10,0;6,1;Осадков нет;12;;;;
10.05.2021 18:00;17,9;765,2;765,6;0,1;44;Ветер, дующий с юга;2;;;90  или более, но не 100%; ;;;;;Слоисто-кучевые, образовавшиеся не из кучевых.;50%.;600-1000;Высококучевые, просвечивающие или плотные в двух или более слоях или высококучевые плотные в одном слое, не распространяющиеся но небу, либо высококучевые с высокослоистыми или слоисто-дождевыми.;Перистых, перисто-кучевых или перисто-слоистых нет.;10,0;5,4;0,4;12;;;;
10.05.2021 15:00;15,2;765,1;765,4;0,3;48;Ветер, дующий с юго-юго-востока;1;;;90  или более, но не 100%;Состояние неба в общем не изменилось. ;Дождь.;Облака покрывали более половины неба в течение всего соответствующего периода.;;;Слоисто-кучевых, слоистых, кучевых или кучево-дождевых облаков нет.;90  или более, но не 100%;2000-2500;Высококучевые, просвечивающие или плотные в двух или более слоях или высококучевые плотные в одном слое, не распространяющиеся но небу, либо высококучевые с высокослоистыми или слоисто-дождевыми.;Перистых, перисто-кучевых или перисто-слоистых нет.;10,0;4,2;;;;;;
10.05.2021 12:00;12,0;764,8;765,1;0,0;56;Ветер, дующий с юга;3;;;100%.;Дождь незамерзающий непрерывный слабый в срок наблюдения. ;Дождь.;Облака покрывали более половины неба в течение всего соответствующего периода.;;;Слоисто-кучевые, образовавшиеся не из кучевых.;100%.;600-1000;;;10,0;3,4;;;;;;
10.05.2021 09:00;8,6;764,8;765,1;-0,1;69;Ветер, дующий с юго-востока;2;;;100%.;Дождь незамерзающий непрерывный слабый в срок наблюдения. ;Дождь.;Облака покрывали более половины неба в течение всего соответствующего периода.;8,6;;Слоисто-кучевые, образовавшиеся не из кучевых.;100%.;300-600;;;4,0;3,1;0,4;12;Поверхность почвы влажная.;5,0;;
10.05.2021 06:00;9,1;764,9;765,3;0,2;47;Ветер, дующий с юга;3;;;100%.; ;;;8,7;;Слоисто-кучевых, слоистых, кучевых или кучево-дождевых облаков нет.;Облаков нет.;2000-2500;Высокослоистые просвечивающие.;Перистые (часто в виде полос) и перисто-слоистые, распространяющиеся по небу и в целом обычно уплотняющиеся, но сплошная пелена поднимается над горизонтом менее чем на 45°.;10,0;-1,8;Осадков нет;12;;;;
10.05.2021 03:00;9,4;764,7;765,1;0,2;45;;2;;;100%.; ;;;;;Слоисто-кучевых, слоистых, кучевых или кучево-дождевых облаков нет.;Облаков нет.;2500 или более, или облаков нет.;Высококучевые просвечивающие, расположенные на одном уровне.;Перистые нитевидные, иногда когтевидные, не распространяющиеся по небу.;10,0;-2,0;;;;;;
10.05.2021 00:00;9,6;764,5;764,9;0,5;47;Ветер, дующий с юго-востока;1;;;90  или более, но не 100%; ;;;;;Слоисто-кучевых, слоистых, кучевых или кучево-дождевых облаков нет.;Облаков нет.;2500 или более, или облаков нет.;Высококучевые просвечивающие, расположенные на одном уровне.;Перистые нитевидные, иногда когтевидные, не распространяющиеся по небу.;50,0;-1,2;;;;;;
09.05.2021 21:00;10,5;764,0;764,4;0,1;38;Ветер, дующий с юга;1;;;90  или более, но не 100%; ;;;;12,2;Кучевые плоские или кучевые разорванные, или те и другие вместе, не относящиеся к облакам плохой погоды.;10%  или менее, но не 0;600-1000;Высококучевые просвечивающие, расположенные на одном уровне.;Перистые нитевидные, иногда когтевидные, не распространяющиеся по небу.;10,0;-3,4;Осадков нет;12;;;;
09.05.2021 18:00;11,5;763,9;764,3;0,3;40;Ветер, дующий с западо-юго-запада;2;;;60%.; ;;;;;Кучевые плоские или кучевые разорванные, или те и другие вместе, не относящиеся к облакам плохой погоды.;10%  или менее, но не 0;600-1000;Высококучевых, высокослоистых или слоисто-дождевых облаков нет.;Перистые нитевидные, иногда когтевидные, не распространяющиеся по небу.;10,0;-1,6;Осадков нет;12;;;;
09.05.2021 15:00;11,1;763,6;763,9;1,0;38;Ветер, дующий с западо-северо-запада;3;;;20–30%.; ;;;;;"Кучевые средние или мощные или вместе с кучевыми разорванными, или с кучевыми плоскими, или со слоисто-кучевыми, либо без них; основания всех этих облаков расположены на одном уровне.";20–30%.;300-600;Высококучевых, высокослоистых или слоисто-дождевых облаков нет.;Перистых, перисто-кучевых или перисто-слоистых нет.;10,0;-2,7;;;;;;
09.05.2021 12:00;8,6;762,6;763,0;1,8;61;Ветер, дующий с запада;3;;;20–30%.; ;;;;;"Кучевые средние или мощные или вместе с кучевыми разорванными, или с кучевыми плоскими, или со слоисто-кучевыми, либо без них; основания всех этих облаков расположены на одном уровне.";20–30%.;300-600;Высококучевых, высокослоистых или слоисто-дождевых облаков нет.;Перистых, перисто-кучевых или перисто-слоистых нет.;10,0;1,4;;;;;;
09.05.2021 09:00;6,7;760,8;761,2;1,4;79;Ветер, дующий с западо-юго-запада;3;;;Облаков нет.; ;;;4,1;;;;;;;10,0;3,2;Осадков нет;12;Поверхность почвы влажная.;0,0;;
09.05.2021 06:00;4,5;759,4;759,7;1,3;90;Ветер, дующий с запада;2;;;Облаков нет.; ;;;4,1;;;;;;;10,0;3,0;Осадков нет;12;;;;
09.05.2021 03:00;4,3;758,1;758,5;0,8;90;Ветер, дующий с западо-юго-запада;2;;;Облаков нет.; ;;;;;;;;;;10,0;2,8;;;;;;
09.05.2021 00:00;5,1;757,3;757,7;0,3;82;Ветер, дующий с западо-юго-запада;2;;;70 – 80%.; ;;;;;Слоисто-кучевых, слоистых, кучевых или кучево-дождевых облаков нет.;70 – 80%.;2000-2500;Высококучевые просвечивающие, расположенные на одном уровне.;Перистых, перисто-кучевых или перисто-слоистых нет.;10,0;2,3;;;;;;
08.05.2021 21:00;5,1;757,0;757,3;1,5;86;Ветер, дующий с запада;2;;;90  или более, но не 100%;Состояние неба в общем не изменилось. ;Дождь.;Облака покрывали более половины неба в течение всего соответствующего периода.;;6,4;Слоисто-кучевые, образовавшиеся не из кучевых.;90  или более, но не 100%;300-600;;;10,0;2,9;6;12;;;;
08.05.2021 18:00;5,4;755,5;755,9;1,2;81;Ветер, дующий с запада;3;;;100%.;Состояние неба в общем не изменилось. ;Дождь.;Облака покрывали более половины неба в течение всего соответствующего периода.;;;Слоисто-кучевых, слоистых, кучевых или кучево-дождевых облаков нет.;100%.;2000-2500;Высокослоистые просвечивающие.;Перистых, перисто-кучевых или перисто-слоистых нет.;10,0;2,3;13;12;;;;
08.05.2021 15:00;2,9;754,3;754,7;2,6;93;Ветер, дующий с западо-юго-запада;4;;;100%.;Дождь незамерзающий непрерывный слабый в срок наблюдения. ;Дождь.;Облака покрывали более половины неба в течение всего соответствующего периода.;;;"Слоистые разорванные или кучевые разорванные облака плохой погоды, либо те и другие вместе (разорванно-дождевые); обычно расположены под слоистыми или слоисто-дождевыми облаками.";100%.;200-300;Высокослоистые непросвечивающие или слоисто-дождевые.;;4,0;1,9;;;;;;
08.05.2021 12:00;3,2;751,7;752,2;1,8;92;Ветер, дующий с запада;3;;;100%.;Дождь незамерзающий непрерывный слабый в срок наблюдения. ;Дождь.;Облака покрывали более половины неба в течение всего соответствующего периода.;;;"Слоистые разорванные или кучевые разорванные облака плохой погоды, либо те и другие вместе (разорванно-дождевые); обычно расположены под слоистыми или слоисто-дождевыми облаками.";100%.;300-600;Высокослоистые непросвечивающие или слоисто-дождевые.;;4,0;2,0;;;;;;
08.05.2021 09:00;4,5;749,9;750,3;-1,9;95;Ветер, дующий с северо-северо-запада;2;;;100%.;Дождь незамерзающий непрерывный слабый в срок наблюдения. ;Дождь.;Облака покрывали более половины неба в течение всего соответствующего периода.;4,5;;"Слоистые разорванные или кучевые разорванные облака плохой погоды, либо те и другие вместе (разорванно-дождевые); обычно расположены под слоистыми или слоисто-дождевыми облаками.";100%.;300-600;Высокослоистые непросвечивающие или слоисто-дождевые.;;4,0;3,8;13;12;Поверхность почвы влажная.;3,0;;
08.05.2021 06:00;5,1;751,8;752,2;-1,0;94;Ветер, дующий с северо-северо-востока;1;;;100%.;Дождь незамерзающий непрерывный слабый в срок наблюдения. ;Дождь.;Облака покрывали более половины неба в течение всего соответствующего периода.;5,1;;"Слоистые разорванные или кучевые разорванные облака плохой погоды, либо те и другие вместе (разорванно-дождевые); обычно расположены под слоистыми или слоисто-дождевыми облаками.";100%.;300-600;Высокослоистые непросвечивающие или слоисто-дождевые.;;4,0;4,2;7;12;;;;
08.05.2021 03:00;5,9;752,8;753,1;-0,8;88;Штиль, безветрие;0;;;100%.;Дождь незамерзающий непрерывный слабый в срок наблюдения. ;Ливень (ливни).;Облака покрывали более половины неба в течение всего соответствующего периода.;;;Слоисто-кучевых, слоистых, кучевых или кучево-дождевых облаков нет.;100%.;1500-2000;Высокослоистые непросвечивающие или слоисто-дождевые.;;10,0;4,0;;;;;;
08.05.2021 00:00;6,3;753,6;754,0;-0,2;85;Штиль, безветрие;0;;;100%.;Состояние неба в общем не изменилось. ;Ливень (ливни).;Облака покрывали более половины неба в течение всего соответствующего периода.;;;Слоисто-кучевых, слоистых, кучевых или кучево-дождевых облаков нет.;40%.;2500 или более, или облаков нет.;Высококучевые просвечивающие, расположенные на одном уровне.;Перистые нитевидные, иногда когтевидные, не распространяющиеся по небу.;10,0;4,0;;;;;;
07.05.2021 21:00;6,6;753,8;754,2;0,8;88;Ветер, дующий с юго-юго-запада;2;;;90  или более, но не 100%;Ливневый(ые) дождь(и) слабый(ые) в срок наблюдения или за последний час. ;Ливень (ливни).;Облака покрывали более половины неба в течение всего соответствующего периода.;;8,8;Кучево-дождевые лысые с кучевыми, слоисто-кучевыми или слоистыми, либо без них.;90  или более, но не 100%;300-600;Высококучевых, высокослоистых или слоисто-дождевых облаков нет.;Перистых, перисто-кучевых или перисто-слоистых нет.;4,0;4,8;6;12;;;;
07.05.2021 18:00;7,3;753,0;753,4;0,9;87;Ветер, дующий с юго-запада;1;;;90  или более, но не 100%;Ливневый(ые) дождь(и). ;Ливень (ливни).;Облака покрывали более половины неба в течение всего соответствующего периода.;;;Кучево-дождевые лысые с кучевыми, слоисто-кучевыми или слоистыми, либо без них.;90  или более, но не 100%;600-1000;Высококучевых, высокослоистых или слоисто-дождевых облаков нет.;Перистых, перисто-кучевых или перисто-слоистых нет.;10,0;5,2;4;12;;;;
07.05.2021 15:00;8,2;752,1;752,5;1,4;82;Ветер, дующий с западо-северо-запада;2;;;90  или более, но не 100%;Дождь (незамерзающий) неливневый. ;Дождь.;Облака покрывали более половины неба в течение всего соответствующего периода.;;;Слоисто-кучевые, образовавшиеся не из кучевых.;90  или более, но не 100%;600-1000;Высококучевых, высокослоистых или слоисто-дождевых облаков нет.;Перистых, перисто-кучевых или перисто-слоистых нет.;10,0;5,2;;;;;;
07.05.2021 12:00;7,7;750,7;751,1;1,5;78;Ветер, дующий с юго-запада;5;;10;100%.;Состояние неба в общем не изменилось. ;Дождь.;Облака покрывали более половины неба в течение всего соответствующего периода.;;;Слоисто-кучевые, образовавшиеся не из кучевых.;100%.;600-1000;;;10,0;4,1;;;;;;
07.05.2021 09:00;5,8;749,2;749,5;1,1;91;Штиль, безветрие;0;;;100%.;Дождь незамерзающий непрерывный слабый в срок наблюдения. ;Дождь.;Облака покрывали более половины неба в течение всего соответствующего периода.;4,5;;"Слоистые разорванные или кучевые разорванные облака плохой погоды, либо те и другие вместе (разорванно-дождевые); обычно расположены под слоистыми или слоисто-дождевыми облаками.";100%.;300-600;Высокослоистые непросвечивающие или слоисто-дождевые.;;4,0;4,4;2;12;Поверхность почвы влажная.;5,0;;
07.05.2021 06:00;4,6;748,1;748,6;0,6;94;Штиль, безветрие;0;;;100%.;Дождь незамерзающий непрерывный слабый в срок наблюдения. ;Дождь.;Облака покрывали более половины неба в течение всего соответствующего периода.;4,5;;"Слоистые разорванные или кучевые разорванные облака плохой погоды, либо те и другие вместе (разорванно-дождевые); обычно расположены под слоистыми или слоисто-дождевыми облаками.";100%.;200-300;Высокослоистые непросвечивающие или слоисто-дождевые.;;10,0;3,7;1;12;;;;
07.05.2021 03:00;4,8;747,5;747,9;0,7;89;Ветер, дующий с западо-юго-запада;2;;;100%.;Состояние неба в общем не изменилось. ;Морось.;Облака покрывали более половины неба в течение всего соответствующего периода.;;;Слоисто-кучевые, образовавшиеся не из кучевых.;100%.;300-600;;;10,0;3,1;;;;;;
07.05.2021 00:00;4,9;746,8;747,2;1,5;92;Ветер, дующий с западо-юго-запада;2;;;100%.;Состояние неба в общем не изменилось. ;Морось.;Облака покрывали более половины неба в течение всего соответствующего периода.;;;Слоисто-кучевые, образовавшиеся не из кучевых.;100%.;600-1000;;;10,0;3,7;;;;;;
06.05.2021 21:00;4,8;745,3;745,7;1,0;93;Ветер, дующий с западо-северо-запада;1;;;100%.;Состояние неба в общем не изменилось. ;Дождь.;Облака покрывали более половины неба в течение всего соответствующего периода.;;7,6;Слоистые туманообразные или слоистые разорванные, либо те и другие, но не относящиеся к облакам плохой погоды.;100%.;200-300;;;10,0;3,8;6;12;;;;
06.05.2021 18:00;6,1;744,3;744,7;0,0;89;Ветер, дующий с западо-юго-запада;2;;;100%.;Состояние неба в общем не изменилось. ;Дождь.;Облака покрывали более половины неба в течение всего соответствующего периода.;;;Слоисто-кучевые, образовавшиеся не из кучевых.;100%.;300-600;;;10,0;4,4;8;12;;;;
06.05.2021 15:00;6,8;744,3;744,7;-0,5;93;Ветер, дующий с северо-запада;2;;;100%.;Дождь незамерзающий непрерывный слабый в срок наблюдения. ;Дождь.;Облака покрывали более половины неба в течение всего соответствующего периода.;;;"Слоистые разорванные или кучевые разорванные облака плохой погоды, либо те и другие вместе (разорванно-дождевые); обычно расположены под слоистыми или слоисто-дождевыми облаками.";100%.;200-300;Высокослоистые непросвечивающие или слоисто-дождевые.;;10,0;5,8;;;;;;
06.05.2021 12:00;6,9;744,8;745,2;-1,4;93;Ветер, дующий с севера;1;;;100%.;Дождь незамерзающий непрерывный слабый в срок наблюдения. ;Дождь.;Облака покрывали более половины неба в течение всего соответствующего периода.;;;"Слоистые разорванные или кучевые разорванные облака плохой погоды, либо те и другие вместе (разорванно-дождевые); обычно расположены под слоистыми или слоисто-дождевыми облаками.";100%.;200-300;Высокослоистые непросвечивающие или слоисто-дождевые.;;10,0;5,9;;;;;;
06.05.2021 09:00;5,9;746,2;746,6;-1,7;95;Штиль, безветрие;0;;;100%.;Дождь незамерзающий непрерывный слабый в срок наблюдения. ;Дождь.;Облака покрывали более половины неба в течение всего соответствующего периода.;4,6;;"Слоистые разорванные или кучевые разорванные облака плохой погоды, либо те и другие вместе (разорванно-дождевые); обычно расположены под слоистыми или слоисто-дождевыми облаками.";100%.;200-300;Высокослоистые непросвечивающие или слоисто-дождевые.;;4,0;5,1;3;12;Поверхность почвы влажная.;4,0;;
06.05.2021 06:00;5,6;747,9;748,3;-1,8;91;Ветер, дующий с востока;1;;;100%.;Дождь незамерзающий непрерывный слабый в срок наблюдения. ;Дождь.;Облака покрывали более половины неба в течение всего соответствующего периода.;4,5;;"Слоистые разорванные или кучевые разорванные облака плохой погоды, либо те и другие вместе (разорванно-дождевые); обычно расположены под слоистыми или слоисто-дождевыми облаками.";100%.;200-300;Высокослоистые непросвечивающие или слоисто-дождевые.;;4,0;4,3;2;12;;;;
06.05.2021 03:00;5,1;749,7;750,1;-1,5;88;Ветер, дующий с востоко-северо-востока;1;;;90  или более, но не 100%;Состояние неба в общем не изменилось. ;Дождь.;Облака покрывали более половины неба в течение всего соответствующего периода.;;;Слоисто-кучевых, слоистых, кучевых или кучево-дождевых облаков нет.;90  или более, но не 100%;2000-2500;Высококучевые, просвечивающие или плотные в двух или более слоях или высококучевые плотные в одном слое, не распространяющиеся но небу, либо высококучевые с высокослоистыми или слоисто-дождевыми.;Перистых, перисто-кучевых или перисто-слоистых нет.;10,0;3,3;;;;;;
06.05.2021 00:00;5,1;751,2;751,6;-0,6;89;Ветер, дующий с востока;1;;;100%.;Состояние неба в общем не изменилось. ;Дождь.;Облака покрывали более половины неба в течение всего соответствующего периода.;;;Слоисто-кучевые, образовавшиеся не из кучевых.;100%.;600-1000;;;10,0;3,4;;;;;;
05.05.2021 21:00;4,6;751,8;752,2;-0,4;92;Ветер, дующий с востоко-северо-востока;1;;;100%.;Дождь незамерзающий непрерывный слабый в срок наблюдения. ;Дождь.;Морось.;;7,8;"Слоистые разорванные или кучевые разорванные облака плохой погоды, либо те и другие вместе (разорванно-дождевые); обычно расположены под слоистыми или слоисто-дождевыми облаками.";100%.;200-300;Высокослоистые непросвечивающие или слоисто-дождевые.;;4,0;3,4;2;12;;;;
05.05.2021 18:00;5,7;752,2;752,6;-0,3;74;Ветер, дующий с востоко-юго-востока;2;;;100%.;Дождь незамерзающий непрерывный умеренный в срок наблюдения. ;Дождь.;Морось.;;;"Слоистые разорванные или кучевые разорванные облака плохой погоды, либо те и другие вместе (разорванно-дождевые); обычно расположены под слоистыми или слоисто-дождевыми облаками.";100%.;200-300;Высокослоистые непросвечивающие или слоисто-дождевые.;;4,0;1,3;0,3;12;;;;
05.05.2021 15:00;7,6;752,5;752,8;-0,5;57;Ветер, дующий с востока;2;;;90  или более, но не 100%; ;;;;;Слоисто-кучевые, образовавшиеся не из кучевых.;60%.;600-1000;Высококучевые, просвечивающие или плотные в двух или более слоях или высококучевые плотные в одном слое, не распространяющиеся но небу, либо высококучевые с высокослоистыми или слоисто-дождевыми.;Перистых, перисто-кучевых или перисто-слоистых нет.;10,0;-0,4;;;;;;
05.05.2021 12:00;5,8;753,0;753,4;-0,3;68;Ветер, дующий с востоко-юго-востока;2;;;90  или более, но не 100%; ;;;;;Слоисто-кучевые, образовавшиеся не из кучевых.;90  или более, но не 100%;600-1000;Высококучевых, высокослоистых или слоисто-дождевых облаков нет.;Перистых, перисто-кучевых или перисто-слоистых нет.;10,0;0,2;;;;;;
05.05.2021 09:00;3,4;753,3;753,7;-0,1;84;Ветер, дующий с востоко-северо-востока;1;;;100%.;Состояние неба в общем не изменилось. ;Дождь.;Морось.;1,4;;Слоисто-кучевые, образовавшиеся не из кучевых.;100%.;600-1000;;;10,0;1,0;3;12;Поверхность почвы влажная.;2,0;;
05.05.2021 06:00;1,8;753,4;753,7;-0,1;92;Ветер, дующий с северо-востока;1;;;100%.;Состояние неба в общем не изменилось. ;Морось.;Облака покрывали более половины неба в течение всего соответствующего периода.;1,4;;Слоисто-кучевые, образовавшиеся из кучевых.;50%.;300-600;Высокослоистые просвечивающие.;;10,0;0,6;4;12;;;;
05.05.2021 03:00;1,6;753,5;753,9;0,1;95;Ветер, дующий с северо-северо-востока;2;;;100%.;Морось незамерзающая непрерывная слабая в срок наблюдения. ;Дождь.;Морось.;;;"Слоистые разорванные или кучевые разорванные облака плохой погоды, либо те и другие вместе (разорванно-дождевые); обычно расположены под слоистыми или слоисто-дождевыми облаками.";100%.;200-300;Высокослоистые непросвечивающие или слоисто-дождевые.;;4,0;0,9;;;;;;
05.05.2021 00:00;2,0;753,4;753,8;0,4;95;Ветер, дующий с северо-северо-запада;2;;;100%.;Дождь незамерзающий непрерывный слабый в срок наблюдения. ;Дождь.;Облака покрывали более половины неба в течение всего соответствующего периода.;;;"Слоистые разорванные или кучевые разорванные облака плохой погоды, либо те и другие вместе (разорванно-дождевые); обычно расположены под слоистыми или слоисто-дождевыми облаками.";100%.;200-300;Высокослоистые непросвечивающие или слоисто-дождевые.;;4,0;1,3;;;;;;
04.05.2021 21:00;2,0;753,0;753,4;1,1;95;Ветер, дующий с севера;2;;;100%.;Дождь незамерзающий непрерывный слабый в срок наблюдения. ;Дождь.;Морось.;;3,5;"Слоистые разорванные или кучевые разорванные облака плохой погоды, либо те и другие вместе (разорванно-дождевые); обычно расположены под слоистыми или слоисто-дождевыми облаками.";100%.;200-300;Высокослоистые непросвечивающие или слоисто-дождевые.;;4,0;1,3;5;12;;;;
04.05.2021 18:00;2,9;751,9;752,3;1,5;91;Ветер, дующий с севера;2;;;100%.;Морось незамерзающая с перерывами слабая в срок наблюдения. ;Дождь.;Морось.;;;Слоисто-кучевые, образовавшиеся из кучевых.;100%.;200-300;;;10,0;1,5;4;12;;;;
04.05.2021 15:00;3,3;750,4;750,7;1,8;91;Ветер, дующий с севера;2;;10;100%.;Дождь незамерзающий непрерывный слабый в срок наблюдения. ;Снег или дождь со снегом.;Дождь.;;;"Слоистые разорванные или кучевые разорванные облака плохой погоды, либо те и другие вместе (разорванно-дождевые); обычно расположены под слоистыми или слоисто-дождевыми облаками.";100%.;300-600;Высокослоистые непросвечивающие или слоисто-дождевые.;;10,0;2,0;;;;;;
04.05.2021 12:00;2,7;748,6;749,0;1,0;93;Ветер, дующий с севера;3;;;100%.;Дождь или морось со снегом слабые. ;Снег или дождь со снегом.;Дождь.;;;"Слоистые разорванные или кучевые разорванные облака плохой погоды, либо те и другие вместе (разорванно-дождевые); обычно расположены под слоистыми или слоисто-дождевыми облаками.";100%.;300-600;Высокослоистые непросвечивающие или слоисто-дождевые.;;10,0;1,7;;;;;;
04.05.2021 09:00;2,1;747,6;748,0;0,2;95;Ветер, дующий с севера;2;;;100%.;Дождь незамерзающий непрерывный слабый в срок наблюдения. ;Дождь.;Морось.;1,5;;"Слоистые разорванные или кучевые разорванные облака плохой погоды, либо те и другие вместе (разорванно-дождевые); обычно расположены под слоистыми или слоисто-дождевыми облаками.";100%.;300-600;Высокослоистые непросвечивающие или слоисто-дождевые.;;4,0;1,3;7;12;Поверхность почвы влажная.;1,0;;
04.05.2021 06:00;2,1;747,4;747,7;-0,3;94;Ветер, дующий с северо-северо-востока;3;;;100%.;Морось незамерзающая непрерывная умеренная в срок наблюдения. ;Дождь.;Морось.;1,5;;Слоистые туманообразные или слоистые разорванные, либо те и другие, но не относящиеся к облакам плохой погоды.;100%.;300-600;;;4,0;1,2;8;12;;;;
04.05.2021 03:00;2,0;747,7;748,1;-0,8;94;Ветер, дующий с северо-северо-востока;2;;;100%.;Дождь незамерзающий с перерывами слабый в срок наблюдения. ;Снег или дождь со снегом.;Дождь.;;;"Слоистые разорванные или кучевые разорванные облака плохой погоды, либо те и другие вместе (разорванно-дождевые); обычно расположены под слоистыми или слоисто-дождевыми облаками.";100%.;300-600;Высокослоистые непросвечивающие или слоисто-дождевые.;;4,0;1,1;;;;;;
04.05.2021 00:00;1,6;748,5;748,9;-1,3;94;Ветер, дующий с северо-северо-востока;3;;10;100%.;Снег с перерывами слабый в срок наблюдения. ;Дождь.;Облака покрывали более половины неба в течение всего соответствующего периода.;;;"Слоистые разорванные или кучевые разорванные облака плохой погоды, либо те и другие вместе (разорванно-дождевые); обычно расположены под слоистыми или слоисто-дождевыми облаками.";100%.;300-600;Высокослоистые непросвечивающие или слоисто-дождевые.;;4,0;0,7;;;;;;
03.05.2021 21:00;1,7;749,8;750,2;-1,2;92;Ветер, дующий с северо-востока;3;;10;100%.;Дождь незамерзающий непрерывный слабый в срок наблюдения. ;Снег или дождь со снегом.;Дождь.;;8,0;"Слоистые разорванные или кучевые разорванные облака плохой погоды, либо те и другие вместе (разорванно-дождевые); обычно расположены под слоистыми или слоисто-дождевыми облаками.";100%.;300-600;Высокослоистые непросвечивающие или слоисто-дождевые.;;4,0;0,5;6;12;;;;
03.05.2021 18:00;2,3;751,0;751,3;-0,8;88;Ветер, дующий с северо-востока;3;;10;100%.;Снег непрерывный слабый в срок наблюдения. ;Снег или дождь со снегом.;Дождь.;;;"Слоистые разорванные или кучевые разорванные облака плохой погоды, либо те и другие вместе (разорванно-дождевые); обычно расположены под слоистыми или слоисто-дождевыми облаками.";100%.;300-600;Высокослоистые непросвечивающие или слоисто-дождевые.;;4,0;0,5;3;12;;;;
03.05.2021 15:00;4,5;751,8;752,2;-1,3;77;Ветер, дующий с северо-востока;2;;10;100%.;Дождь незамерзающий с перерывами слабый в срок наблюдения. ;Дождь.;Морось.;;;"Слоистые разорванные или кучевые разорванные облака плохой погоды, либо те и другие вместе (разорванно-дождевые); обычно расположены под слоистыми или слоисто-дождевыми облаками.";100%.;600-1000;Высокослоистые непросвечивающие или слоисто-дождевые.;;4,0;0,8;;;;;;
03.05.2021 12:00;7,6;753,1;753,5;-2,0;51;Ветер, дующий с северо-востока;2;;;100%.; ;;;;;Слоисто-кучевых, слоистых, кучевых или кучево-дождевых облаков нет.;100%.;2000-2500;Высокослоистые просвечивающие.;;10,0;-1,9;;;;;;
03.05.2021 09:00;6,0;755,1;755,5;-2,5;60;Ветер, дующий с северо-востока;2;;;100%.; ;;;3,3;;Слоисто-кучевых, слоистых, кучевых или кучево-дождевых облаков нет.;Облаков нет.;2500 или более, или облаков нет.;Высококучевых, высокослоистых или слоисто-дождевых облаков нет.;"Перистые (часто в виде полос) и перисто-слоистые, распространяющиеся по небу и в целом обычно уплотняющиеся; сплошная пелена, поднимающаяся над горизонтом выше 45°, не покрывает всего неба.";10,0;-1,2;Осадков нет;12;Поверхность почвы сухая (без трещин и без заметного количества пыли или несвязанного песка).;0,0;;
03.05.2021 06:00;3,8;757,6;757,9;-2,2;46;Ветер, дующий с северо-востока;2;;;100%.; ;;;3,3;;Слоисто-кучевых, слоистых, кучевых или кучево-дождевых облаков нет.;Облаков нет.;2500 или более, или облаков нет.;Высококучевых, высокослоистых или слоисто-дождевых облаков нет.;"Перистые (часто в виде полос) и перисто-слоистые, распространяющиеся по небу и в целом обычно уплотняющиеся; сплошная пелена, поднимающаяся над горизонтом выше 45°, не покрывает всего неба.";10,0;-6,9;Осадков нет;12;;;;
03.05.2021 03:00;4,5;759,8;760,2;-1,5;45;Ветер, дующий с востоко-северо-востока;2;;;70 – 80%.; ;;;;;Слоисто-кучевых, слоистых, кучевых или кучево-дождевых облаков нет.;70 – 80%.;2000-2500;Высококучевые просвечивающие, расположенные на одном уровне.;Перистых, перисто-кучевых или перисто-слоистых нет.;10,0;-6,4;;;;;;
03.05.2021 00:00;4,8;761,3;761,7;-0,3;51;Ветер, дующий с востоко-северо-востока;1;;;90  или более, но не 100%; ;;;;;Слоисто-кучевых, слоистых, кучевых или кучево-дождевых облаков нет.;90  или более, но не 100%;1500-2000;Высококучевые просвечивающие, расположенные на одном уровне.;Перистых, перисто-кучевых или перисто-слоистых нет.;10,0;-4,5;;;;;;
02.05.2021 21:00;5,9;761,6;762,0;-0,2;48;Ветер, дующий с северо-востока;1;;;100%.; ;;;;10,8;Слоисто-кучевых, слоистых, кучевых или кучево-дождевых облаков нет.;10%  или менее, но не 0;2500 или более, или облаков нет.;Высококучевые просвечивающие, расположенные на одном уровне.;Перистые когтевидные или нитевидные или первые и вторые, распространяющиеся по небу и в целом обычно уплотняющиеся.;10,0;-4,4;Осадков нет;12;;;;
02.05.2021 18:00;9,9;761,8;762,2;-0,6;45;Ветер, дующий с востока;2;;;100%.; ;;;;;Слоисто-кучевые, образовавшиеся из кучевых.;70 – 80%.;1000-1500;Высококучевых, высокослоистых или слоисто-дождевых облаков нет.;Перистые нитевидные, иногда когтевидные, не распространяющиеся по небу.;10,0;-1,5;Осадков нет;12;;;;
02.05.2021 15:00;7,4;762,4;762,8;0,0;59;Ветер, дующий с северо-северо-востока;2;;;60%.; ;;;;;Слоисто-кучевые, образовавшиеся не из кучевых.;50%.;1000-1500;Высококучевые просвечивающие, расположенные на одном уровне.;Перистых, перисто-кучевых или перисто-слоистых нет.;10,0;-0,2;;;;;;
02.05.2021 12:00;8,3;762,4;762,7;0,5;53;Ветер, дующий с востоко-северо-востока;1;;;100%.; ;;;;;Слоисто-кучевые, образовавшиеся не из кучевых.;70 – 80%.;1000-1500;Высококучевые, просвечивающие или плотные в двух или более слоях или высококучевые плотные в одном слое, не распространяющиеся но небу, либо высококучевые с высокослоистыми или слоисто-дождевыми.;Перистых, перисто-кучевых или перисто-слоистых нет.;10,0;-0,9;;;;;;
02.05.2021 09:00;6,4;761,9;762,3;0,6;63;Ветер, дующий с востока;1;;;90  или более, но не 100%; ;;;4,0;;Слоисто-кучевые, образовавшиеся не из кучевых.;20–30%.;1500-2000;Высококучевые просвечивающие, расположенные на одном уровне.;Перистых, перисто-кучевых или перисто-слоистых нет.;10,0;-0,3;Осадков нет;12;Поверхность почвы сухая (без трещин и без заметного количества пыли или несвязанного песка).;2,0;;
02.05.2021 06:00;4,2;761,3;761,8;0,1;76;Штиль, безветрие;0;;;90  или более, но не 100%; ;;;4,0;;Слоисто-кучевых, слоистых, кучевых или кучево-дождевых облаков нет.;90  или более, но не 100%;2500 или более, или облаков нет.;Высококучевые просвечивающие, расположенные на одном уровне.;Перистых, перисто-кучевых или перисто-слоистых нет.;10,0;0,3;Осадков нет;12;;;;
02.05.2021 03:00;4,9;761,2;761,6;0,2;72;Ветер, дующий с востоко-юго-востока;2;;;90  или более, но не 100%; ;;;;;Слоисто-кучевых, слоистых, кучевых или кучево-дождевых облаков нет.;90  или более, но не 100%;2500 или более, или облаков нет.;Высококучевые просвечивающие, расположенные на одном уровне.;Перистых, перисто-кучевых или перисто-слоистых нет.;10,0;0,3;;;;;;
02.05.2021 00:00;4,7;761,0;761,4;0,6;74;Штиль, безветрие;0;;;90  или более, но не 100%; ;;;;;Слоисто-кучевых, слоистых, кучевых или кучево-дождевых облаков нет.;90  или более, но не 100%;2500 или более, или облаков нет.;Высококучевые просвечивающие, расположенные на одном уровне.;Перистых, перисто-кучевых или перисто-слоистых нет.;10,0;0,5;;;;;;
01.05.2021 21:00;5,8;760,4;760,8;0,4;67;Ветер, дующий с запада;1;;;70 – 80%.; ;;;;9,0;Слоисто-кучевых, слоистых, кучевых или кучево-дождевых облаков нет.;70 – 80%.;2500 или более, или облаков нет.;Высококучевые просвечивающие, расположенные на одном уровне.;Перистых, перисто-кучевых или перисто-слоистых нет.;10,0;0,1;Осадков нет;12;;;;
01.05.2021 18:00;7,2;760,0;760,3;0,5;55;Ветер, дующий с запада;3;;10;70 – 80%.; ;;;;;Слоисто-кучевые, образовавшиеся не из кучевых.;20–30%.;1000-1500;Высококучевые просвечивающие, расположенные на одном уровне.;Перистых, перисто-кучевых или перисто-слоистых нет.;10,0;-1,3;Осадков нет;12;;;;
01.05.2021 15:00;8,5;759,5;759,9;0,7;36;Ветер, дующий с запада;5;10;10;50%.; ;;;;;Слоисто-кучевые, образовавшиеся не из кучевых.;20–30%.;1000-1500;Высококучевые просвечивающие, расположенные на одном уровне.;Перистых, перисто-кучевых или перисто-слоистых нет.;10,0;-5,7;;;;;;
01.05.2021 12:00;8,0;758,8;759,1;0,8;38;Ветер, дующий с западо-северо-запада;4;;;20–30%.; ;;;;;Кучевые и слоисто-кучевые (но не слоисто-кучевые, образовавшиеся из кучевых), основания расположены на разных уровнях.;20–30%.;1000-1500;Высококучевых, высокослоистых или слоисто-дождевых облаков нет.;Перистых, перисто-кучевых или перисто-слоистых нет.;10,0;-5,7;;;;;;
01.05.2021 09:00;5,3;758,0;758,4;1,0;49;Ветер, дующий с запада;2;;;Облаков нет.; ;;;1,8;;;;;;;10,0;-4,7;Осадков нет;12;Поверхность почвы сухая (без трещин и без заметного количества пыли или несвязанного песка).;-1,0;;
01.05.2021 06:00;2,3;757,0;757,4;1,5;67;Ветер, дующий с западо-северо-запада;1;;;Облаков нет.; ;;;1,8;;;;;;;10,0;-3,2;Осадков нет;12;;;;
01.05.2021 03:00;3,7;755,5;755,9;1,0;62;Штиль, безветрие;0;;;90  или более, но не 100%; ;;;;;Слоисто-кучевых, слоистых, кучевых или кучево-дождевых облаков нет.;90  или более, но не 100%;2500 или более, или облаков нет.;Высококучевые, просвечивающие или плотные в двух или более слоях или высококучевые плотные в одном слое, не распространяющиеся но небу, либо высококучевые с высокослоистыми или слоисто-дождевыми.;Перистых, перисто-кучевых или перисто-слоистых нет.;10,0;-2,9;;;;;;
01.05.2021 00:00;5,7;754,5;754,9;0,8;58;Ветер, дующий с запада;1;;;70 – 80%.; ;;;;;Слоисто-кучевых, слоистых, кучевых или кучево-дождевых облаков нет.;70 – 80%.;2500 или более, или облаков нет.;Высококучевые, просвечивающие или плотные в двух или более слоях или высококучевые плотные в одном слое, не распространяющиеся но небу, либо высококучевые с высокослоистыми или слоисто-дождевыми.;Перистых, перисто-кучевых или перисто-слоистых нет.;10,0;-2,0;;;;;;
